Gene	log2FC	p_value
100287102	-1.4862	0.1614
653635	-1.3938	0.0355
102466751	-1.5425	0.0823
107985730	-15.7863	0.2192
100302278	0.0000	nan
645520	0.3887	0.8607
79501	0.0000	nan
100996442	-1.9419	0.0387
729737	-1.8936	0.0355
102725121	-0.9601	0.4195
102723897	-1.2834	0.0924
102465909	-2.8861	0.0439
107985721	0.0155	0.9856
112268260	-0.9620	0.0932
729759	-15.3374	0.4950
100132287	-2.0285	0.0326
105378947	-0.5654	0.5873
101928626	0.0000	nan
113219467	-0.8676	0.0005
81399	-2.2704	0.0529
100133331	-2.0586	0.0182
107984841	-0.9078	0.1911
107984847	-1.5741	0.0402
107984849	-2.6383	0.0276
100288069	-1.8353	0.0312
105378580	-0.5592	0.0437
400728	-0.5368	0.5882
79854	-0.9005	0.1040
643837	-0.9500	0.1188
107984850	-1.0866	0.5913
284593	-0.1628	0.8920
284600	1.3938	0.3246
100130417	0.7762	0.5066
107985728	-0.7020	0.3970
148398	1.1157	0.3058
26155	0.0373	0.9692
339451	-3.2784	0.0147
84069	-0.8308	0.3406
84808	-1.1636	0.0009
57801	0.8523	0.5860
9636	3.3366	0.2986
375790	-1.8603	0.0712
100288175	-0.9904	0.4122
112267874	-13.4397	0.4950
105378948	-1.1964	0.3852
401934	-14.3206	0.4950
54991	-1.1161	0.1058
254099	0.0000	nan
406984	0.0000	nan
406983	0.0000	nan
554210	0.0000	nan
100506376	-11.8128	0.4950
254173	13.5174	0.2722
8784	-14.4209	0.3065
7293	-2.7462	0.0511
51150	-1.3248	0.1560
126792	-0.5331	0.1511
388581	-0.8124	0.4180
118424	-0.7024	0.1059
101928895	-2.0719	0.0083
6339	-4.5366	0.0006
116983	-2.1587	0.0123
102465434	-20.1152	0.1083
109623456	-22.4036	0.0087
126789	-0.2981	0.6098
54973	-0.6091	0.4550
102465435	-22.7844	0.1274
80772	-1.2187	0.1952
83756	-0.3590	0.5631
1855	-1.1813	0.1429
102466740	-20.6883	0.0028
54587	-0.2763	0.6570
54998	0.3866	0.0811
81669	-2.0220	0.0661
148413	-0.7356	0.0079
55052	0.1966	0.4441
107984868	0.3925	0.7745
441869	-0.1285	0.8527
105378585	-1.9420	0.3752
643965	0.0000	nan
102724312	-13.6186	0.4950
107985729	-14.3255	0.4950
64856	-2.7902	0.1545
219293	-0.0972	0.8611
83858	-1.4488	0.0254
55210	-0.6279	0.3581
339453	-2.2087	0.0541
29101	-0.3810	0.5886
643988	-0.0914	0.8617
105378586	-0.6038	0.3956
142678	-1.1662	0.1461
8510	-1.6540	0.1017
984	-1.0014	0.0088
728661	-1.0008	0.0506
8511	-0.4159	0.6656
728642	-1.5726	0.0103
9906	-0.4209	0.2063
112268218	-0.6440	0.2688
65220	-1.0082	0.0855
2782	-0.9083	0.0428
105378949	-1.7026	0.2136
163688	-3.6468	0.0490
339456	-3.3886	0.0432
85452	1.9379	0.4328
107984872	0.0000	nan
105378589	0.0000	nan
2563	16.6053	0.2722
105378590	0.0000	nan
105378591	0.0000	nan
5590	-1.2178	0.0104
100506504	-2.9348	0.0087
199990	-0.9786	0.2013
112268219	-1.4975	0.0921
105378593	-2.9828	0.1615
6497	-1.9577	0.0306
79906	-0.9570	0.1295
100129534	-3.0424	0.0033
11079	-0.2573	0.5253
5192	-0.3702	0.6348
9651	-1.3969	0.3914
55229	-1.1605	0.1079
388585	0.0000	nan
115110	-1.6987	0.0819
8764	-0.6147	0.5243
100996583	-16.5913	0.2277
127281	-0.8865	0.2435
79258	0.0288	0.9764
105378597	-15.4242	0.4950
100287898	-17.2787	0.0038
105378603	0.0000	nan
105378602	0.0000	nan
105378601	0.0000	nan
112268220	0.0000	nan
107985732	0.0000	nan
105378600	0.0000	nan
105378598	0.0000	nan
107984904	0.0000	nan
105378599	0.0000	nan
140625	0.0000	nan
440556	-14.2803	0.3642
63976	0.6674	0.4808
100422968	0.0000	nan
105378606	0.0000	nan
107984909	0.0000	nan
105378605	0.0000	nan
105378604	2.3722	0.0256
27237	-1.5877	0.3356
1953	-3.0140	0.0449
105378608	-18.5329	0.2191
693135	0.0000	nan
105378607	0.0000	nan
127262	-0.3897	0.2597
49856	-0.7243	0.3504
7161	-1.2534	0.0583
105378610	17.0559	0.2722
105378609	0.0000	nan
57212	-1.0549	0.0601
148870	-13.8495	0.3032
388588	-2.3119	0.1209
57470	-0.2730	0.1602
9731	-0.0220	0.9672
1677	-1.4406	0.0374
107984910	-0.0228	0.9892
339448	-0.1297	0.7635
100133612	-19.6016	0.2802
728716	19.7232	0.2722
105376672	0.0000	nan
105376673	0.0000	nan
284661	0.0000	nan
105376674	0.0000	nan
105376679	17.2232	0.2722
107985376	0.0000	nan
55966	0.7196	0.5127
105376680	16.2859	0.2722
102724429	0.0000	nan
105376681	0.0000	nan
105376682	0.0000	nan
107984911	0.0000	nan
105376686	0.0000	nan
100616421	-17.7108	0.4950
261734	-3.0716	0.0485
8514	-1.9139	0.0587
26038	-2.2735	0.1790
105376687	0.0000	nan
6146	-0.0787	0.8835
107985733	-0.5688	0.5567
102724450	-19.0659	0.1235
388591	0.2371	0.5712
23463	-0.3527	0.6228
148645	0.7776	0.3881
390992	0.0000	nan
387509	-1.1670	0.2239
11332	0.7917	0.4100
54626	-11.7831	0.4950
83715	-1.8687	0.0811
100422975	0.0000	nan
8718	-2.2939	0.0796
57449	-1.7596	0.3060
79707	-0.0403	0.7567
80835	-18.4795	0.2082
107984912	-17.8874	0.2729
3104	-0.5037	0.4733
9903	-1.5986	0.0219
107984913	-3.3092	0.0306
148479	-1.1759	0.0455
90326	-0.9342	0.0584
55735	-1.1680	0.0060
100505887	0.0000	nan
110841581	-18.4538	0.2484
23261	0.0943	0.5661
105376692	0.0000	nan
102725193	0.0000	nan
101928836	0.0000	nan
105376691	0.0000	nan
105376689	0.0000	nan
9341	0.7639	0.3653
8863	-0.7551	0.4083
10911	0.9152	0.2730
3604	3.2590	0.1154
11315	0.2275	0.4577
54206	0.7342	0.5459
107984915	0.0000	nan
102724539	0.0000	nan
105376695	20.9391	0.2722
50651	-2.4583	0.0888
473	-1.6783	0.1607
102724552	0.6170	0.6761
106632271	0.0000	nan
2023	-0.2409	0.7876
102465436	-3.7368	0.1681
100505975	-1.0838	0.2922
112268261	-11.2493	0.4950
765	0.0000	nan
155184	16.0157	0.2722
6518	-3.0913	0.2201
80045	-1.4110	0.0709
106614088	-2.7080	0.0199
407040	-21.4835	0.0416
102724571	-1.8811	0.0858
9563	-2.3963	0.0360
80176	-0.5258	0.1264
100506022	0.3834	0.5572
84275	-0.1760	0.5251
199953	-0.9009	0.0283
107985734	-17.6154	0.0467
105376712	0.0000	nan
5293	-1.3341	0.0830
644997	0.0000	nan
101929074	-0.0839	0.9318
22883	-1.5750	0.0571
56998	-0.2133	0.7676
105376717	-0.0616	0.9540
84328	-0.0240	0.9615
64802	-0.6097	0.1341
113391335	-16.4176	0.4950
100847055	-18.9268	0.4950
116362	2.2225	0.2750
10277	-0.0890	0.8510
23095	0.6810	0.5850
105376725	-1.1981	0.3855
5226	-0.1659	0.5879
100526739	-0.3334	0.5084
378708	-0.4306	0.3398
1325	-0.8933	0.2182
1676	0.2399	0.4347
5195	-0.7092	0.3366
54897	-0.3279	0.7859
105376733	0.0000	nan
105376735	0.0000	nan
148345	4.0540	0.2986
23435	0.9768	0.4963
10747	-1.2810	0.1509
6723	0.7758	0.1648
5394	0.3408	0.0207
105376736	-0.4555	0.2548
2475	-0.3441	0.4653
100873935	0.5135	0.6229
10218	-14.4046	0.3033
29914	0.3442	0.1974
105376737	0.0000	nan
105376739	0.0000	nan
105376740	0.0000	nan
57540	-11.0016	0.4950
112268221	0.0000	nan
101929181	0.0000	nan
26232	-3.8043	0.4176
93611	-1.6775	0.0309
26270	0.0601	0.9538
10459	0.2990	0.6491
374946	0.2957	0.8830
57085	0.2432	0.8321
284498	-2.4340	0.0222
102724659	-0.4547	0.8002
4524	-1.4058	0.0117
1185	-1.2622	0.0881
100379251	-1.6842	0.0815
4878	-2.3619	0.3070
4879	17.5941	0.0550
26829	0.0000	nan
90231	-0.0815	0.8833
5351	-1.5024	0.0546
9927	-0.3432	0.3234
60672	-0.5407	0.5523
102466982	-19.4143	0.2691
943	-0.4125	0.8079
102465836	-18.6276	0.4950
7133	0.2028	0.5453
100616438	0.0000	nan
107984917	0.5479	0.7410
55187	-1.2591	0.0736
677885	1.1752	0.4317
105376744	-14.1649	0.2418
9249	1.1015	0.5164
102466722	-22.2242	0.1120
343066	-16.8874	0.0766
126767	-11.8896	0.4950
93190	-0.3609	0.8246
390999	-13.0432	0.4950
65121	16.3339	0.2722
105376745	0.0000	nan
440560	-12.7008	0.4950
343069	0.2801	0.7768
65122	0.0000	nan
400735	0.0000	nan
343071	0.0000	nan
441871	0.0000	nan
440561	0.0000	nan
101929983	0.0000	nan
649330	15.6111	0.2722
441873	0.0000	nan
649324	0.0000	nan
440563	16.9728	0.0253
645354	0.0000	nan
645359	0.0000	nan
101060301	14.3708	0.2722
343070	-13.3514	0.4950
400736	0.0000	nan
391003	0.0000	nan
343068	0.0000	nan
391002	0.0000	nan
645382	0.0000	nan
653619	-13.0104	0.4950
729528	0.0000	nan
645414	14.5342	0.2722
391004	-13.2164	0.4950
645425	0.0000	nan
126755	0.0000	nan
102724856	0.0000	nan
107984918	0.0000	nan
10630	-1.0104	0.4075
107984919	-17.1053	0.2738
105378612	3.6757	0.3078
105376756	-16.4209	0.4950
7799	-0.7303	0.3525
23254	-1.0223	0.0066
107985467	0.0000	nan
107985468	0.0000	nan
105376762	0.0000	nan
105376759	-2.0601	0.3351
107985469	0.0000	nan
200197	-3.0758	0.0295
55092	-0.8549	0.4908
727684	0.0000	nan
114827	-2.1364	0.2003
101927417	-1.4867	0.1963
101927441	-15.0249	0.0807
79180	-0.0097	0.9739
11330	-2.0895	0.0303
63036	-15.5976	0.2691
105376767	-15.1411	0.4950
51032	-19.1605	0.0337
842	-0.8742	0.1317
23341	-0.8722	0.1225
107397391	0.0000	nan
79814	0.9890	0.1281
84301	-0.7244	0.2416
6248	-0.2611	0.6635
23207	-0.8024	0.2154
284723	-1.8985	0.0841
110806303	1.0826	0.4242
388595	-13.3805	0.4950
54751	-0.3993	0.1602
440567	0.6848	0.5573
729614	-2.5979	0.0143
23013	-1.0267	0.1400
7709	-0.5700	0.4983
149563	0.0000	nan
27129	0.1290	0.8506
1187	-0.4495	0.6637
1188	-1.3482	0.3268
348487	-1.5495	0.1853
1969	-3.4979	0.3002
101927479	-1.1562	0.2978
128272	-1.8167	0.1576
101927546	-1.5445	0.1445
79363	-0.8537	0.3570
54455	-0.8832	0.0388
26099	-0.5323	0.1316
374955	-0.3671	0.1039
55707	-0.1821	0.6815
107984921	-0.5386	0.3665
114819	-1.8211	0.0066
26871	-0.7467	0.5686
107985757	0.0000	nan
100132147	-13.2811	0.4950
107985758	0.0000	nan
7195	0.0000	nan
55672	-0.8599	0.1094
105376794	-1.4479	0.3352
84809	-1.1778	0.2786
11209	-2.9569	0.0979
107985736	-3.0661	0.2622
26869	-0.9684	0.4682
107985759	0.0000	nan
284729	0.0000	nan
100189045	0.0000	nan
6060	-0.7488	0.6240
11223	-1.5736	0.3869
100500876	0.0000	nan
100189298	0.0000	nan
112267871	-15.5223	0.2192
7193	0.0000	nan
100189183	0.0000	nan
105376805	-0.9891	0.1344
791226	0.0000	nan
26870	-0.6470	0.6042
9696	-2.5299	0.0253
4237	-0.8751	0.3607
105376806	-0.8714	0.3833
23400	-1.2592	0.2595
6390	0.3187	0.6089
11240	-1.4012	0.1671
105376808	0.0000	nan
400743	-3.5828	0.0744
29943	-18.4518	0.1644
51702	13.4838	0.2722
100616188	0.0000	nan
23569	0.0000	nan
353238	2.6757	0.3546
55920	-0.4499	0.3578
55160	-2.0326	0.0139
107984028	0.0000	nan
81569	-14.5002	0.2691
105376809	15.2477	0.2722
105376812	0.0000	nan
101927876	0.0000	nan
84966	0.0000	nan
105376814	0.0000	nan
127707	2.5233	0.3665
5081	0.0000	nan
80834	0.0000	nan
8659	-0.6038	0.1952
100616120	0.0000	nan
100302276	0.0000	nan
126917	-1.1722	0.1894
105376815	0.0000	nan
23352	-1.5169	0.0705
101927895	-1.0319	0.0017
23065	-0.8750	0.0458
51154	0.4502	0.1906
246181	-1.9698	0.0568
22977	-1.7729	0.1313
100506730	-0.5383	0.1520
8574	-0.1717	0.7806
54896	-0.4142	0.4687
832	0.1979	0.0230
105376819	-1.3487	0.2910
105376818	-16.7109	0.4950
105376817	-0.9588	0.5640
105378614	-16.1817	0.4950
440574	0.7317	0.4997
100532736	-1.6584	0.2678
644068	-1.0154	0.2091
4681	-1.7321	0.2733
3362	-1.0459	0.6046
255104	-0.5080	0.4507
54546	0.0000	nan
105376823	2.7284	0.3408
23252	-0.5155	0.5617
30814	0.0000	nan
5320	-3.7885	0.4333
5322	-1.5755	0.3993
26279	0.0000	nan
64600	-12.4626	0.4950
391013	0.0000	nan
127733	2.1781	0.3801
101928017	0.0000	nan
105376825	0.0000	nan
105376826	0.0000	nan
105376827	0.0000	nan
105376828	0.0000	nan
127731	0.0000	nan
339505	-13.5400	0.4950
55450	0.9879	0.5082
79594	-0.9032	0.1060
163933	-1.5937	0.5742
978	2.1699	0.1206
65018	0.2461	0.5161
102464833	-0.8093	0.1280
100861548	0.5331	0.1305
1650	-0.3844	0.4802
57576	0.8392	0.3069
400745	0.1571	0.8280
112268222	-0.0286	0.9751
50809	-0.4325	0.5767
8672	-0.2804	0.6841
105376830	2.5930	0.0941
105376829	-17.0029	0.3065
100302155	0.0000	nan
1889	-1.1740	0.1133
100506801	-1.3727	0.0819
105376832	0.0000	nan
84224	-1.3317	0.1376
249	-3.0421	0.4355
105376834	-13.2285	0.4950
5909	-1.9233	0.1150
84196	-0.1477	0.8072
401944	-1.9255	0.0670
3339	-3.1070	0.0812
23436	0.0000	nan
10136	0.0000	nan
101928043	-0.9104	0.1015
29092	-0.6812	0.3732
112268223	-0.2575	0.6725
998	0.3982	0.1664
54361	-0.1589	0.9180
105376845	-2.8798	0.0338
105376850	0.2535	0.8752
107985377	0.0000	nan
100616433	0.0000	nan
105376856	0.2015	0.8906
9923	-1.5375	0.0099
2046	0.0000	nan
102466615	0.0000	nan
712	0.0000	nan
714	0.0000	nan
713	0.0000	nan
2048	0.3218	0.7170
100616391	0.0000	nan
100422914	-0.2494	0.7436
646262	0.0000	nan
729059	0.0000	nan
23028	0.6935	0.0006
100422866	0.0000	nan
7798	-1.3252	0.0406
3352	-0.4860	0.7675
100996511	-1.0504	0.2102
10236	-0.0593	0.9198
80818	-1.3582	0.0412
148898	-2.4110	0.0276
6920	0.9986	0.4883
55616	-0.3972	0.6755
1870	1.1826	0.4631
101928163	-14.9691	0.4950
105376859	-2.6419	0.0119
3399	1.5070	0.4170
107984928	3.4241	0.3125
259283	-13.4139	0.4950
6135	0.4798	0.6630
6924	-0.2159	0.5614
100506963	0.0871	0.7926
57095	-0.1288	0.4597
105376860	-0.9156	0.1256
11313	-0.6760	0.1650
2582	0.0136	0.9775
3155	-0.5788	0.4241
105376861	0.5915	0.7830
2517	-1.2954	0.3385
1269	-11.2145	0.4950
107984929	15.0514	0.2722
100616492	0.0000	nan
55629	0.2610	0.7101
10772	0.2092	0.8420
105378615	0.0000	nan
105376863	-13.6308	0.4950
107984931	18.2206	0.0004
127294	2.1612	0.0069
107985737	0.0000	nan
105376864	0.0000	nan
58985	0.5865	0.6994
163702	1.9734	0.4277
284632	0.0000	nan
105376871	-15.5970	0.2996
57822	-1.1283	0.0891
90529	-0.9358	0.3789
57185	-1.5587	0.4426
100750325	-1.3686	0.1306
11123	0.1945	0.8835
100506985	-0.4833	0.7335
400746	-11.2188	0.4950
10250	-1.0807	0.1937
25932	0.7576	0.5852
105376876	-15.5101	0.4950
864	-2.1501	0.1295
102465437	-19.5138	0.3066
107984932	1.9325	0.3994
105376878	-17.3431	0.0446
100616365	0.0000	nan
105376879	-0.9836	0.7376
25949	-0.0437	0.9404
57035	-2.4930	0.0058
105376882	-18.7674	0.0316
6007	-2.4903	0.0302
23585	0.1274	0.8651
6006	0.0329	0.9618
55219	0.3828	0.5922
26119	-1.4429	0.0548
57134	-1.1135	0.1332
57190	-0.9626	0.1533
56181	-0.5207	0.1926
646471	-1.7180	0.0063
79000	-0.7401	0.0361
164091	-0.4877	0.2016
3925	0.8310	0.4251
100500808	1.4756	0.2123
105376885	0.0000	nan
5051	0.0837	0.8472
101928216	-18.1683	0.4009
2134	-4.6801	0.3866
7780	-13.5465	0.4950
105376910	18.2384	0.2722
84676	16.9753	0.2722
149420	-1.5927	0.0110
105376886	-16.7410	0.2277
79927	0.0000	nan
110806296	0.0000	nan
51042	0.3655	0.7505
10256	-1.4800	0.1461
378807	0.0000	nan
101928303	-1.8865	0.5219
64793	-0.4084	0.4836
83442	0.8937	0.3715
91544	-0.8054	0.0864
1043	0.0000	nan
55057	1.5451	0.4693
257101	-12.7329	0.4950
79727	0.0000	nan
79947	0.2922	0.2191
101928324	-0.9480	0.3239
3151	0.7953	0.1387
6195	0.6823	0.2385
100302190	0.0000	nan
105376888	15.8349	0.2722
101928728	0.1583	0.6856
8289	-0.9873	0.1428
55650	-0.4658	0.5159
84243	-1.1786	0.0977
2810	2.0477	0.3506
54707	-0.8674	0.0758
63906	0.0760	0.9411
10726	0.0903	0.8051
8431	16.5739	0.2722
126695	2.6930	0.3428
388610	0.5873	0.3937
115572	-0.8651	0.3360
101928391	-14.9035	0.4950
6548	-0.9507	0.1047
102723760	0.7110	0.7437
105376890	18.2419	0.2722
23038	-1.4716	0.0026
84065	-0.4580	0.5817
644961	-2.5787	0.0229
84958	-15.5169	0.2728
9064	-1.0237	0.2281
8547	-0.6681	0.5418
388611	0.0000	nan
2827	0.8835	0.6039
10163	-0.3894	0.4272
105376892	15.6000	0.2722
27245	-2.9149	0.1010
2268	-4.3565	0.2651
111216282	2.2553	0.3723
2537	3.4044	0.3023
199870	-0.1049	0.8290
23673	-0.2978	0.6679
5511	-0.8566	0.0001
677774	2.2163	0.3698
9473	1.7102	0.3896
6118	-0.7395	0.1210
27293	-15.2257	0.0007
55113	-0.8484	0.2953
2140	0.0844	0.7347
5724	-3.7279	0.0113
22826	0.3149	0.5457
93974	0.0729	0.8713
83667	-0.2420	0.8391
54797	-0.6509	0.4114
65979	-0.0399	0.9664
1104	-0.2564	0.7330
8420	2.1828	0.3516
6080	-1.1929	0.2535
26768	-0.0168	0.9843
54952	-0.0424	0.9318
85028	-1.4014	0.1633
692212	-23.1805	0.0272
677838	-0.3774	0.6938
677825	-1.4304	0.2077
692073	-0.9631	0.2663
115273	-0.5699	0.0942
6883	0.4764	0.5886
105378616	-0.8040	0.1431
26824	-17.7809	0.2192
10691	-0.0331	0.7915
51441	-0.5761	0.0400
4985	0.4387	0.7678
2035	-1.0883	0.0375
399474	-1.3513	0.0195
6429	-0.4437	0.1814
51102	0.1927	0.7591
10076	-1.9664	0.1746
101928460	-12.7713	0.4950
107984933	0.0000	nan
107984934	0.0000	nan
101929406	0.0000	nan
105378617	0.0000	nan
105378618	0.0000	nan
4146	-18.4266	0.0055
100129196	-3.6655	0.0116
7805	-4.9105	0.2947
100616164	0.0000	nan
105378620	-11.0320	0.4950
105378621	0.0000	nan
105378622	-0.1492	0.6248
400748	-15.3877	0.1897
9672	-1.4324	0.1612
9698	-0.2337	0.7774
692234	-2.9787	0.0561
692235	-2.7373	0.0345
692200	0.0000	nan
107984935	-16.2979	0.4950
79570	0.1790	0.8980
9410	0.2634	0.7740
51538	0.4747	0.4533
2170	1.6802	0.4431
105378623	16.6031	0.2722
107985470	0.0000	nan
347735	0.7479	0.5294
105378625	0.0000	nan
105379772	0.0000	nan
149086	0.0000	nan
284551	0.0000	nan
105378626	-17.4394	0.4583
64129	-3.8123	0.3182
3061	0.4868	0.7068
553115	0.2964	0.7511
107985471	-2.5082	0.0187
105378628	-0.9621	0.3114
1307	-2.1910	0.0141
101929444	-4.3062	0.0296
576	-1.7353	0.0699
100423028	0.0000	nan
90853	0.2320	0.7047
8073	0.8207	0.3078
10657	0.9433	0.4903
55116	-0.6610	0.1311
100847018	0.0000	nan
23633	-0.2927	0.2285
200081	-0.4054	0.1889
79140	0.4967	0.6332
56063	-0.5671	0.3063
55721	-0.6707	0.0571
149069	-2.0298	0.0143
8668	0.7278	0.1805
339483	-3.3625	0.0974
84734	-1.7548	0.3734
3932	14.5952	0.2722
3065	-0.7223	0.0216
65108	-0.5184	0.3434
105378629	-17.8452	0.0028
81629	-1.8131	0.0476
100128071	-2.0421	0.0010
55108	-1.1998	0.0538
728116	1.2557	0.1670
653121	-0.0502	0.9504
102723870	-19.9547	0.0223
339487	0.0837	0.8634
5928	-0.1964	0.6576
81493	-0.0239	0.9578
57648	-2.0755	0.0319
8565	-0.2677	0.7297
64766	-0.9500	0.0374
252995	-1.2917	0.1086
105378631	-17.0852	0.3086
3208	-3.7008	0.1163
113452	0.3261	0.7569
105378632	2.3889	0.3785
127544	0.1684	0.7189
204	0.1880	0.3516
105378635	0.0000	nan
113451	-1.9678	0.0158
112268224	-15.7136	0.2261
55223	-1.1687	0.0113
149076	-0.6310	0.1998
127550	0.4600	0.7584
1912	-0.9377	0.1698
100500853	-0.6996	0.1888
101929464	0.8927	0.6299
7579	-0.6983	0.0438
114784	2.3746	0.2474
105378638	0.0000	nan
127540	-12.6463	0.4950
402779	0.0000	nan
84970	16.2512	0.2722
105378639	0.0000	nan
105378640	0.0000	nan
105378641	0.0000	nan
693137	0.0000	nan
105378642	1.3529	0.4813
2709	-14.7930	0.4950
127534	-13.0775	0.4950
2707	-14.4846	0.3033
2701	-12.8773	0.4950
113444	0.0676	0.8587
58512	-14.1307	0.0451
653160	-2.2029	0.0076
100506144	0.0346	0.9519
9204	-0.2714	0.7646
79830	-0.1480	0.8821
105378644	4.7283	0.2874
6421	-0.2575	0.7006
9202	-0.4448	0.0399
100861513	-0.6413	0.3582
79932	-1.2857	0.0198
23154	-0.7583	0.1176
339488	-2.8491	0.0252
105378645	0.1823	0.8517
5690	0.6913	0.4066
105378646	0.0000	nan
127703	-1.4466	0.0433
63967	2.7827	0.2488
192670	-1.5013	0.0150
26523	-0.4181	0.1325
192669	-0.4030	0.4975
105378647	-16.6016	0.3066
27285	0.3237	0.8064
54936	-0.7583	0.2859
1296	-2.8843	0.1882
27095	0.3753	0.4270
55700	-1.0966	0.1314
9967	-0.4293	0.0918
79729	-1.9343	0.0158
55194	-0.6210	0.4825
83931	-1.0772	0.0726
84967	-1.4124	0.0114
127700	-0.1935	0.7655
109616970	-20.0085	0.1418
107984940	-2.5255	0.3686
64960	1.0326	0.1601
1441	-14.8152	0.2315
107984941	0.0000	nan
105378648	0.0000	nan
2899	0.0000	nan
100422898	0.0000	nan
107984942	-13.5461	0.4950
728431	-1.5473	0.2594
80149	0.4521	0.6949
102465438	-19.5418	0.2754
64769	-0.8072	0.0707
100847010	-1.8669	0.0884
105378649	-0.6726	0.1293
79753	-0.6664	0.0481
7802	-0.9317	0.2566
29889	0.3823	0.0200
284654	-1.5661	0.3179
54955	-1.0868	0.0060
55143	2.0612	0.2123
284656	-0.4293	0.8080
105378650	16.6883	0.2722
149175	-1.6370	0.1281
79693	-0.2202	0.4254
127687	-0.8314	0.1345
4520	-0.9282	0.1584
3633	-0.6825	0.1070
105378651	-2.5576	0.0567
10946	-0.0235	0.9443
2275	-0.3131	0.4196
51118	-0.2432	0.4521
5453	4.1965	0.2959
107985103	-13.8119	0.2192
105378653	-16.0249	0.2280
100500801	0.0000	nan
105378655	0.0000	nan
105378654	0.0000	nan
339442	0.0000	nan
105378657	0.0000	nan
107984943	0.0000	nan
105378656	0.0000	nan
105378658	0.0000	nan
105378660	0.0000	nan
64121	0.0324	0.9678
100527950	0.4644	0.6950
26292	0.5123	0.6698
105378663	-2.1189	0.0678
81025	-1.1653	0.4463
54933	0.0060	0.9970
105378662	-1.0213	0.1735
79647	-0.3024	0.6163
4725	0.7976	0.5092
23499	-1.0222	0.3208
643314	-1.7629	0.3327
105378950	0.0000	nan
353500	-1.5574	0.0345
192217	-0.0030	0.9954
728448	-1.3183	0.0457
8761	-0.0321	0.9453
101929516	-0.5062	0.2052
677834	-2.5955	0.1460
26508	0.1466	0.8731
84618	0.0000	nan
51440	1.9585	0.4298
10450	-0.8269	0.1265
656	-0.6557	0.3979
64064	-0.6635	0.2801
105378666	0.0000	nan
101929536	0.0000	nan
105378951	2.9737	0.3358
107985740	15.0567	0.2722
105378665	0.0000	nan
105378667	3.6647	0.3059
54802	-0.8154	0.0238
4610	-16.3217	0.0348
105378668	-18.4196	0.1134
84879	0.0438	0.9491
105378669	3.0849	0.0163
10487	0.4631	0.1178
5538	0.8380	0.1676
105378671	0.0000	nan
6018	-0.5679	0.3723
127391	-14.4323	0.4950
10269	0.5735	0.6378
1298	1.1114	0.5017
107984945	0.0000	nan
64744	0.1710	0.5016
65243	1.7138	0.3205
339559	-0.1752	0.7620
105378672	-2.7068	0.0373
64789	-0.3043	0.0574
127396	-0.3495	0.6413
105378673	-16.2357	0.2192
9783	-3.0838	0.1741
105378675	0.0000	nan
105378674	17.8250	0.2722
100130557	-0.1824	0.7924
4802	0.3464	0.3261
407034	0.0000	nan
407031	0.0000	nan
9132	-15.8216	0.0939
105378676	0.0000	nan
163732	-1.1374	0.6418
1503	0.0661	0.8442
100507178	-0.4250	0.3259
200172	-2.8321	0.0631
22955	-0.3368	0.2243
100132074	-3.6779	0.0591
101929901	-1.8506	0.4159
105378678	-0.0973	0.9553
1907	-14.7164	0.4950
59269	0.1619	0.9125
2981	0.0000	nan
2980	0.0000	nan
22887	-0.5434	0.2647
284716	-0.6687	0.5413
84217	-1.1655	0.1957
728621	-0.2681	0.4136
79717	-0.6840	0.0932
10465	-0.1129	0.5448
4904	1.5304	0.0047
149461	0.1204	0.9441
64175	0.2372	0.3586
79078	-0.9485	0.0697
105378683	-0.6286	0.5394
100129924	-1.3150	0.2623
107984946	-2.5375	0.1367
374969	-0.0232	0.9424
114625	-0.7964	0.0218
51058	-0.5827	0.2958
339539	0.0000	nan
6513	-1.4125	0.2565
440584	-2.4946	0.2779
440585	-2.1333	0.1935
10969	1.4248	0.0069
102465439	-21.1817	0.0092
149465	-1.9785	0.0978
105378685	-1.4596	0.4816
128218	0.0000	nan
149466	0.0000	nan
7075	2.2214	0.3855
4352	-0.6823	0.3888
105378687	-2.5280	0.0199
991	3.1931	0.0229
64834	-0.2086	0.4228
102466723	-2.1890	0.0176
112268225	0.5999	0.6593
112950	0.2210	0.7246
107984947	0.9521	0.0846
23334	-1.8406	0.0250
100873952	-3.2412	0.0057
102465440	0.0000	nan
81888	-0.5065	0.2008
5792	-1.7541	0.1089
9682	-1.1352	0.0347
100132774	-0.2850	0.5570
6487	-0.7617	0.3133
101929592	3.0724	0.1586
102464830	0.0000	nan
9048	-2.2313	0.0470
105378688	-0.3470	0.7498
101929609	-1.8130	0.0964
9670	-0.3567	0.5026
1802	-0.6358	0.1503
533	-0.3775	0.3672
8704	-0.2394	0.7762
149473	-0.3088	0.6197
6536	-1.9556	0.0858
107984948	-0.0437	0.9597
128209	-0.8706	0.7336
105378952	13.9609	0.2722
55929	-0.3068	0.6453
79033	0.2638	0.8043
100874278	-3.7443	0.0004
106635545	-16.0854	0.4950
55182	-0.4960	0.1859
107984951	0.0000	nan
100847089	0.0000	nan
107984950	-0.5907	0.1230
79639	0.6499	0.1156
109623472	-18.2139	0.2192
339541	-3.6628	0.0093
105378690	-0.7513	0.4569
26828	-17.9998	0.2192
26830	0.0000	nan
11004	1.4192	0.0969
109623476	0.0000	nan
6202	0.5070	0.6516
26811	-0.8360	0.3888
94161	-21.7123	0.0298
94162	-0.1878	0.8195
94163	0.0344	0.9788
266675	-3.0212	0.1048
1263	-1.1189	0.2145
343521	-4.8377	0.0420
149478	-3.6716	0.0340
107984952	-2.3011	0.0293
8643	-0.7872	0.5588
8891	0.4115	0.1945
79654	-0.6430	0.0772
7389	-0.0450	0.9167
57643	-5.1664	0.4905
105378691	-2.6403	0.0108
400752	-2.3680	0.0173
84842	-0.3123	0.6215
4595	-0.1983	0.7959
114034	-0.3122	0.5498
10420	-0.1106	0.8842
126661	-0.1677	0.6868
25974	0.0872	0.7695
5052	-0.2138	0.4629
10327	-0.0181	0.9826
4678	0.8939	0.1753
149483	-0.1834	0.5625
60313	-0.3705	0.1672
728963	0.5850	0.5845
51249	0.3036	0.6366
3652	-0.7664	0.2530
105378693	0.0000	nan
23139	-2.0313	0.0602
105378694	14.4058	0.2722
110117499	-1.0882	0.6246
8503	-1.2228	0.5985
101929626	-17.1956	0.3065
10103	-0.7534	0.5316
110117498	0.0000	nan
55624	-1.2674	0.2200
541468	-0.5537	0.4102
8438	0.7556	0.1256
10489	-0.2359	0.5092
7388	0.5044	0.1317
387338	-0.3322	0.0673
2166	-1.7764	0.1266
729041	-17.6065	0.0502
101929651	0.0000	nan
127343	-13.3466	0.3066
105378696	17.1689	0.2722
100507423	-0.2514	0.6606
148930	0.0000	nan
8569	-1.0935	0.0357
148932	-1.0968	0.0980
105378697	4.1259	0.2958
64756	-0.4438	0.0765
374973	1.3737	0.5425
100130197	-0.9281	0.2214
9813	0.0720	0.9262
105378698	0.3761	0.7810
105378699	0.0000	nan
1580	0.0000	nan
163720	0.0000	nan
1579	0.0000	nan
260293	-14.9361	0.3886
199974	-12.7337	0.4950
284541	0.0000	nan
105378701	-1.0657	0.4866
100874253	-16.0803	0.2754
10158	-15.1469	0.2192
6886	-11.0177	0.4950
6491	1.2803	0.4549
51727	-0.5851	0.3096
102724077	0.3304	0.8061
2301	-16.4807	0.3066
84793	-0.5035	0.5036
2306	0.1910	0.9085
107984953	0.0000	nan
388630	0.7421	0.6496
105379778	14.9964	0.2722
391037	15.6676	0.2722
200010	-2.9855	0.2402
54558	-0.8370	0.2959
84871	-12.8626	0.4950
79656	-0.2063	0.8896
105378706	0.0000	nan
101929721	0.0000	nan
100874313	0.0000	nan
107984954	0.0000	nan
105378708	0.0000	nan
1996	0.0000	nan
105378709	0.0000	nan
107984955	17.4195	0.2722
105378711	0.0000	nan
105378710	0.0000	nan
105378712	16.0094	0.2087
63950	-14.5395	0.0710
105378714	0.0000	nan
11124	0.0566	0.8230
105378715	0.6900	0.6782
112268262	0.7057	0.6724
1031	-0.6696	0.0488
100616189	-20.1036	0.4950
102466656	-19.4400	0.3293
284546	-16.7515	0.3580
105378716	-1.3915	0.2285
26994	-0.6388	0.4185
22996	-0.5312	0.3217
105378717	-12.8587	0.4950
102724097	0.0000	nan
2060	-0.8065	0.2060
105378720	2.3526	0.3688
441884	17.6308	0.2722
105378719	18.3410	0.2722
114883	-0.4307	0.3230
4898	0.4734	0.5147
105378721	-0.3910	0.1269
100313892	-1.6819	0.1010
5865	0.4103	0.7184
51060	0.6333	0.1597
112970	-0.6393	0.1439
104355143	-18.0566	0.2314
91408	0.8149	0.4517
107984956	-17.5834	0.4950
9372	-1.2245	0.0312
200014	-0.6351	0.3130
4998	2.1739	0.1033
84950	0.1675	0.5269
23318	-0.6026	0.3565
105378723	0.0000	nan
2882	1.3800	0.3176
348378	0.7546	0.3948
65260	-0.7340	0.0817
79699	-0.1900	0.8524
440590	-0.7501	0.5013
55268	-1.5420	0.0054
6342	0.1239	0.8767
127435	-1.9603	0.1661
6512	-3.2162	0.1474
105378724	-1.0791	0.2369
1376	0.1864	0.6715
54987	1.2122	0.1165
4116	-1.0161	0.1963
100507564	0.9232	0.1096
7804	0.6079	0.6731
105378728	0.9002	0.5408
105378726	-1.5864	0.4602
105378732	-16.5364	0.3066
105378731	-13.6945	0.4950
105378730	-0.5757	0.8274
107984957	16.0008	0.1084
163742	0.0000	nan
105378733	0.0000	nan
63948	0.0000	nan
148979	-3.3927	0.0385
55706	0.9997	0.4872
54432	0.0322	0.9616
1733	0.5541	0.5270
51668	-0.0552	0.9142
115353	-0.5505	0.1054
388633	0.0000	nan
9528	-0.4927	0.2479
127428	-0.1719	0.5691
100616315	0.0000	nan
200008	0.0000	nan
606495	-0.6722	0.0352
51253	1.0155	0.1072
23648	-1.1100	0.1048
619518	-0.8162	0.4003
105378735	-14.0408	0.4950
105378734	18.8824	0.2722
26027	0.0611	0.9608
338094	-1.1697	0.4671
100527960	0.1350	0.7109
374977	-2.0916	0.0328
7268	0.0691	0.8476
25973	0.1194	0.8796
55001	-10.9927	0.4950
163747	0.0000	nan
1718	-0.9661	0.5737
107984958	1.4373	0.4665
107985760	20.8461	0.2722
105378736	0.0000	nan
199964	-14.0960	0.4950
7809	0.0000	nan
255738	-4.2390	0.4002
23358	-0.6139	0.4502
100507634	-2.0397	0.0981
109729135	0.0000	nan
100616272	0.0000	nan
105378740	-3.7470	0.4130
105378739	-14.5387	0.4950
105378738	0.0000	nan
105378737	-1.7778	0.4267
105378741	-0.9575	0.5689
105378744	-1.7526	0.4015
8613	-1.9500	0.0290
101929935	-14.9035	0.4950
5563	-0.7126	0.4891
199920	0.3901	0.5257
731	0.0000	nan
732	-14.0744	0.4950
105378745	0.0000	nan
112267900	-1.5236	0.3308
1600	-1.3306	0.3690
105378748	2.0315	0.4196
105378747	2.1856	0.4001
101926890	0.0000	nan
105378746	0.0000	nan
107984960	1.2590	0.1980
115209	-0.2573	0.4769
4070	-3.9268	0.2773
114803	0.1401	0.9027
112268263	-1.3670	0.5934
105378751	-4.3638	0.4084
3725	-0.9851	0.0843
100131060	-1.9334	0.2853
101926907	-1.2799	0.2110
107984961	19.6525	0.1849
105378753	-0.4474	0.6552
101926925	-1.9387	0.1014
729467	-1.3980	0.5275
105378756	-1.0879	0.2652
55277	0.6272	0.4735
100616409	0.0000	nan
101926944	0.0000	nan
105378758	0.0000	nan
51361	1.1637	0.5768
1573	-2.3900	0.2443
127795	-15.4612	0.4219
105378760	0.0000	nan
107984963	-15.7028	0.4950
105378761	0.0000	nan
107984962	0.0000	nan
107985379	1.8237	0.4508
105378763	0.0000	nan
101926964	0.0000	nan
105378764	0.0000	nan
100996570	-12.9177	0.4950
4774	0.2909	0.6745
645030	0.0000	nan
105378766	-13.6982	0.4950
107984964	0.0000	nan
414927	0.0000	nan
83941	-1.1142	0.0732
10207	-0.7272	0.1933
113219465	0.0000	nan
107984965	0.0000	nan
100422902	0.0000	nan
100422946	0.0000	nan
54596	3.9856	0.1598
163782	-0.9540	0.5825
105378768	-15.1407	0.2262
7398	0.2753	0.8079
85440	-0.7971	0.3353
27329	0.8116	0.6623
84938	-1.2739	0.0650
105378769	0.0000	nan
199899	0.0000	nan
105378770	0.0000	nan
100996301	0.0000	nan
27022	0.0000	nan
102464823	0.0000	nan
29929	0.0152	0.9888
23421	0.5095	0.5801
102724319	0.0000	nan
84455	-0.7796	0.1616
79469	-2.6466	0.1310
5236	-0.7887	0.1222
105378771	-1.9476	0.3711
4919	-0.4517	0.3004
105378772	17.0580	0.2722
101927034	0.9646	0.6114
105378773	-15.0217	0.2804
148581	-13.5908	0.4950
105378774	0.0000	nan
107984966	-17.6729	0.2269
57685	-1.0897	0.3055
100616338	0.0000	nan
55225	-0.3183	0.6792
3716	-0.0625	0.8886
101927084	-1.1312	0.4316
100500854	-21.4954	0.0007
406893	-17.6113	0.4950
205	-1.8688	0.0333
9829	-1.6713	0.2678
102724416	1.5145	0.4417
112268227	-0.5912	0.6505
3953	-0.5849	0.4307
54741	-0.5814	0.3606
5142	-0.6840	0.3420
101927139	0.0000	nan
105378776	0.7460	0.7314
84251	-0.3476	0.7659
100422871	3.4585	0.3110
200132	0.0748	0.9481
10022	16.0982	0.2722
79819	-1.2458	0.0366
57708	-0.0968	0.9049
23169	-0.5135	0.4341
400757	0.7111	0.7436
149233	16.1606	0.2722
3595	-1.3360	0.3235
105378779	-16.4485	0.2192
26135	0.9945	0.3581
102724481	0.0000	nan
105378780	0.0000	nan
1647	-0.2921	0.4902
55970	0.3847	0.7075
105378781	-15.5397	0.4950
100289178	0.1302	0.8403
9077	-0.0716	0.9327
79971	-0.1730	0.4730
100302279	0.0000	nan
105378782	0.0000	nan
6121	0.0000	nan
55635	3.7223	0.2974
101927220	19.0020	0.2722
107984967	0.0000	nan
105378783	0.0000	nan
105378785	14.9365	0.2722
105378787	17.8712	0.2722
105378786	0.0000	nan
105378788	0.0000	nan
105378789	15.9270	0.2722
105378790	0.0000	nan
57554	-0.3012	0.6307
5301	0.0000	nan
105378792	0.3595	0.7874
55631	0.4499	0.7056
9295	-0.4100	0.6084
81573	-0.0542	0.9471
11147	-0.4184	0.2064
102724548	1.6296	0.4388
1491	-0.6400	0.4863
105378793	0.0000	nan
105378794	0.0000	nan
101927244	-0.7192	0.6068
102724572	-12.9910	0.4950
5733	-0.1314	0.9419
107985517	-16.0049	0.1235
100132618	-0.5231	0.4094
9406	-0.2507	0.7759
406962	-2.1018	0.0361
100852410	-0.1656	0.8978
105378795	14.3360	0.2722
257194	-0.3207	0.6352
100852409	0.0000	nan
105378797	0.9018	0.0044
105378796	-15.5736	0.1293
105378798	0.0000	nan
339468	0.0000	nan
105378799	0.0000	nan
105378800	0.0000	nan
101927295	0.0000	nan
105378801	0.0000	nan
107985391	0.0000	nan
105378802	0.0000	nan
109729166	0.0000	nan
127255	0.4843	0.7357
100526835	-1.6391	0.0014
8790	-0.4009	0.6670
51086	-2.3484	0.0899
105378805	-1.4127	0.6356
105378803	-10.8665	0.4950
127254	-12.9466	0.4950
101927320	0.0000	nan
1429	-0.0250	0.9781
127253	-0.0139	0.9787
431707	-17.3152	0.2155
204962	-0.5956	0.6343
34	0.0677	0.9207
1744	-1.2361	0.3229
5876	0.6137	0.5222
692085	0.3006	0.8209
26805	-1.2603	0.2379
26804	0.0576	0.9670
4438	-1.1443	0.3603
127247	0.0000	nan
105378806	0.0000	nan
101927342	0.0000	nan
256435	0.5659	0.6227
105378807	0.0000	nan
110806286	-17.8811	0.2729
81849	0.1311	0.8400
102466995	21.2641	0.2722
10026	-0.0918	0.9235
105378808	-0.3532	0.8262
26289	1.0014	0.4092
26009	-0.8096	0.1114
23032	-0.6523	0.3110
374986	0.5622	0.6763
374987	-0.6340	0.4400
91624	-0.9064	0.3739
8880	0.2893	0.6151
11080	0.4188	0.7635
54810	-1.7423	0.4972
107984997	-13.0647	0.4950
149047	-15.2049	0.4950
5737	-2.2032	0.2454
10964	3.3193	0.3011
10561	0.1863	0.4379
64123	0.2994	0.7581
107984998	-14.0880	0.2192
105378810	0.0000	nan
105378812	0.0000	nan
105378811	0.0000	nan
107983999	0.0000	nan
101927412	0.0000	nan
105378813	0.0000	nan
107985018	0.0000	nan
23266	-0.2476	0.6086
101927434	0.0000	nan
105378814	0.0000	nan
107985396	0.0000	nan
103283057	-13.1337	0.4950
101927498	-14.5811	0.4950
107985037	0.0000	nan
105378816	-2.9602	0.1535
101927542	0.0000	nan
107985043	-4.6502	0.3940
101927587	-3.5044	0.3675
101927560	0.0000	nan
107985041	1.2506	0.4997
79739	-0.5199	0.5724
5567	-0.2598	0.7718
107985046	-11.7831	0.4950
112268230	0.0000	nan
148418	-0.0397	0.9515
391051	-15.3161	0.3066
58511	-12.6561	0.4950
80135	-0.1267	0.7697
2787	-0.6259	0.0383
100505741	-0.1853	0.7226
1486	-0.1317	0.8796
105378819	0.0096	0.9941
103695366	0.1015	0.9429
439927	0.0000	nan
117178	1.0293	0.5311
102724892	14.9018	0.2722
23566	2.0143	0.4105
255231	0.3762	0.8304
55283	-1.8944	0.0385
126820	-0.9864	0.2227
100616481	0.0000	nan
84144	-1.2202	0.1712
105378821	0.0000	nan
148423	-0.7314	0.2005
8915	0.4412	0.4969
646626	-0.3799	0.2700
23576	0.2681	0.8184
107985054	0.6847	0.6491
3491	0.2084	0.8409
107985057	-1.6490	0.0913
112268231	-1.3182	0.3280
54680	-0.4113	0.5704
105378823	-16.4935	0.0056
255631	-0.1641	0.8050
105378824	-2.2482	0.0219
105378825	-2.9861	0.1210
57489	-0.1758	0.8400
102465842	0.8781	0.6350
9635	-4.9824	0.3024
1179	-3.5328	0.5306
105378827	0.0000	nan
105378826	0.0000	nan
22802	-15.6082	0.3066
105378828	-0.2724	0.6205
9629	0.7893	0.7164
51100	0.0410	0.9596
105378831	-14.9513	0.4950
9403	0.3554	0.7046
9653	-1.1675	0.1692
339524	0.5493	0.4234
101927844	-15.9514	0.3033
8543	-0.2421	0.7824
100505768	-15.8975	0.3033
105378833	-0.4353	0.7960
105378834	-13.8166	0.2418
107985408	0.0000	nan
105378835	0.0000	nan
107985518	0.0000	nan
107985519	0.0000	nan
101927871	0.0000	nan
105378836	0.0000	nan
105378839	-16.7707	0.2772
101927891	-14.2630	0.2261
105378838	13.1311	0.2722
5586	-0.1081	0.9098
2959	-0.0280	0.8756
56267	-0.7507	0.2483
494115	-0.4188	0.4628
2635	-0.4267	0.6397
105378841	-0.4916	0.6343
2633	0.4000	0.6430
2634	0.5226	0.6563
112268267	-0.7811	0.2282
105378842	-1.6114	0.2146
388646	-13.9680	0.4950
115361	0.9747	0.4395
107985076	-15.0674	0.4950
105378843	0.0000	nan
115362	1.0341	0.4789
729930	0.0000	nan
163351	0.0000	nan
400759	0.3293	0.8014
105378844	14.9676	0.2722
23507	0.0444	0.9681
84230	0.8653	0.5728
400761	-0.8100	0.4333
107985743	-15.3638	0.3066
101927952	0.3974	0.7101
107985744	0.0000	nan
101927975	0.0000	nan
55144	-0.1999	0.7406
105378847	0.0000	nan
492303	-4.6553	0.0490
284695	-0.8068	0.2796
105378848	0.0000	nan
105378849	0.0000	nan
107985088	0.0000	nan
105378850	0.0000	nan
105378851	0.0000	nan
105378852	0.0000	nan
109616984	0.0000	nan
343472	17.5534	0.2722
105378853	-1.4110	0.3092
105378855	-18.5002	0.2642
105378854	-1.5686	0.6489
84146	-0.1158	0.8999
164045	-2.3990	0.2078
107985412	-15.7162	0.4950
107985417	0.0000	nan
105378856	-1.3091	0.3269
8317	0.1224	0.9259
102723436	-3.5106	0.0735
7049	-1.3912	0.2836
676	12.2450	0.2722
253152	-0.5675	0.8067
646817	-1.7519	0.0428
284697	-1.2300	0.1265
23285	-1.6114	0.0305
388649	-16.5750	0.3862
11146	-0.3679	0.6290
79871	-0.5168	0.4289
2672	-1.2436	0.2984
7813	-1.2741	0.1257
6125	0.9441	0.1396
388650	-1.2854	0.0719
6083	0.7284	0.6518
26782	0.5635	0.6233
22823	0.2247	0.7893
50999	0.1961	0.8620
343099	0.8820	0.5104
107985521	-0.5902	0.7162
100131564	-1.4369	0.2256
1810	-0.1846	0.6962
54874	-0.4571	0.5625
107985761	-18.6678	0.2192
8412	-0.9000	0.4107
100129046	-1.2838	0.4079
102723480	-1.0571	0.6557
723788	1.6073	0.4379
100126348	-18.5178	0.4950
100189133	-21.7411	0.3328
30836	0.4118	0.4832
2730	-0.0281	0.9710
24	-2.6739	0.0746
105378858	-1.9333	0.4630
9411	-0.1488	0.8727
107985092	-0.3213	0.7600
105378859	-1.0477	0.2616
5825	-0.1299	0.8883
2152	1.9676	0.3061
113219466	-18.9268	0.4950
105378861	-14.8661	0.2192
101928079	-3.0880	0.0098
105378860	-16.7518	0.1131
100616321	0.0000	nan
126969	-1.0024	0.1604
1266	-0.2611	0.6251
105378862	-2.0821	0.1351
729970	-1.6149	0.4089
199857	-0.0045	0.9870
105378863	-16.3297	0.0150
101928098	-15.1142	0.4950
148534	-1.1006	0.5652
100527978	-1.3206	0.0365
101928118	-2.2120	0.2680
25950	-1.2069	0.1128
100996630	0.0000	nan
105378864	0.0000	nan
105379825	0.0000	nan
101928169	0.0000	nan
107985420	0.0000	nan
440594	0.0000	nan
100996635	0.0000	nan
101928219	0.0000	nan
102723661	0.0000	nan
101928241	-1.3932	0.5582
105378866	-15.8839	0.4950
58155	-0.6645	0.4397
1806	-1.1518	0.0100
100873932	-2.7014	0.0022
105378867	4.0399	0.1271
100873933	-15.5377	0.4950
109729128	-1.0785	0.5135
400765	0.6139	0.6031
100616452	-19.7997	0.2448
406928	-19.0108	0.3065
729987	-1.0792	0.6382
51375	-0.5925	0.1955
163404	-11.5602	0.4950
100129620	0.0000	nan
9890	-0.0080	0.9937
107985093	0.0000	nan
101928270	0.0000	nan
54873	-1.8988	0.3847
391059	-0.3303	0.1989
178	-1.4553	0.3086
23443	-0.6841	0.4841
64645	-1.3662	0.2188
163786	-0.7699	0.5830
54482	-0.3714	0.7213
127495	0.4504	0.6961
1629	-0.2174	0.7020
100506007	-2.0894	0.0086
8634	0.7794	0.1969
693138	-20.3495	0.2691
8556	-1.3143	0.1223
105379827	-14.4468	0.4950
54112	-17.9635	0.0381
100128787	0.0000	nan
7412	-1.8463	0.4532
2135	-0.6022	0.4798
148867	-0.4102	0.5139
51611	0.0049	0.9838
102606465	-1.0129	0.1069
107985094	0.0000	nan
101928334	0.0000	nan
101928370	-0.6478	0.6439
1901	0.8328	0.1085
102723784	17.4556	0.0017
104355286	0.0000	nan
105378872	0.0000	nan
118427	11.3969	0.2722
94236	0.0000	nan
107985095	0.0000	nan
105378874	0.0000	nan
112268286	0.0000	nan
107985096	0.0000	nan
1301	-3.3879	0.0880
101928436	-14.9753	0.3065
55599	-1.1968	0.0951
280	-2.0115	0.0742
648740	-18.7548	0.1716
279	-4.1933	0.0714
276	-1.4112	0.1527
277	-1.5435	0.1082
105378878	0.0000	nan
278	-1.4772	0.1738
100129138	-17.7877	0.4950
105378879	0.0000	nan
105378880	0.0000	nan
105378881	0.0000	nan
101928476	0.0000	nan
105378882	0.0000	nan
105378883	0.0000	nan
105378884	0.0000	nan
107985116	0.0000	nan
105378886	0.0000	nan
105378885	0.0000	nan
105378887	0.0000	nan
105378889	0.0000	nan
105378888	0.0000	nan
55170	-0.6742	0.2199
22854	1.0743	0.4089
10451	0.2903	0.7895
102465839	0.0000	nan
100873946	0.0000	nan
107985124	0.0000	nan
29957	-0.1127	0.9007
148545	-16.5775	0.2646
653149	-16.7570	0.0625
284611	-1.1244	0.2454
113802	-0.5403	0.1321
105378890	-1.4441	0.1215
55119	-0.2765	0.7415
163479	-14.6189	0.4950
6814	-0.3934	0.6142
105378891	-2.0710	0.1289
254268	-3.9643	0.1362
642864	-16.9643	0.4950
107985159	15.5271	0.2722
29899	-0.7104	0.5378
23155	-0.5370	0.3442
22911	-0.7178	0.3796
6884	1.6746	0.3962
105378892	-1.7556	0.1023
56900	-0.2592	0.7234
677766	-17.8513	0.0658
127003	-16.2237	0.2448
57535	-0.5651	0.4557
6301	0.6941	0.5837
1952	-2.6924	0.0171
84722	0.2970	0.5215
343263	-11.8589	0.4950
6272	-1.9588	0.2713
5686	0.6780	0.0171
284612	-1.4059	0.2007
127002	-1.6762	0.0877
284613	-1.4220	0.0182
57463	-2.7053	0.1747
105378893	0.0000	nan
83873	-13.9662	0.2692
2773	1.0802	0.4220
406974	0.7282	0.6696
2780	-0.9191	0.4027
271	-1.5429	0.0735
2948	0.6061	0.4089
2946	-0.4354	0.4464
2944	1.4591	0.3283
2949	-0.5017	0.4232
2947	-1.1439	0.1556
79574	0.7282	0.6696
107985167	-14.5586	0.3066
1435	-2.1265	0.1281
10768	-0.3502	0.5962
85369	-1.2146	0.0159
105378895	-0.9065	0.6725
257	-1.3468	0.0428
104355139	-0.3489	0.8687
164153	-0.5968	0.7668
388662	1.7259	0.4342
105378897	1.7111	0.4704
100873974	-15.8933	0.2276
3749	-0.2653	0.7736
440600	0.7131	0.5347
64783	-2.2415	0.0137
9122	-0.4740	0.7169
10542	-0.5855	0.0392
101410535	0.6926	0.6499
84432	0.0000	nan
105378899	0.0000	nan
105378898	0.0000	nan
643160	16.7589	0.2722
440602	0.0000	nan
3744	0.0000	nan
3737	0.0000	nan
107985174	-11.8602	0.4950
3738	-1.9288	0.4826
105378901	15.8050	0.2722
963	1.7454	0.4642
55791	-0.1206	0.7644
128338	-0.8030	0.0003
10390	-1.1529	0.0089
79961	-0.5937	0.5483
107985180	-15.5132	0.4950
1117	-0.2072	0.9019
149620	0.0000	nan
27159	0.0000	nan
105378903	0.0000	nan
128344	-1.1286	0.0892
105378904	0.0000	nan
441897	0.0000	nan
5016	-2.0733	0.0152
79084	-0.1139	0.1269
515	0.8231	0.0205
128346	-1.3579	0.0141
57413	16.7563	0.2722
140	17.1859	0.2147
5906	1.6007	0.3770
100129269	-0.2807	0.7991
107985184	0.5671	0.6400
55924	-0.6095	0.3362
100506343	0.4066	0.4837
101928718	-0.3726	0.7295
11218	-0.8409	0.1028
3752	-0.4999	0.6437
100874295	-15.3210	0.4950
100873995	-15.0334	0.4950
643355	0.2250	0.8670
105378906	16.7160	0.2722
105378909	1.8090	0.4135
55917	-0.0334	0.9638
100422976	-17.8751	0.4950
7482	-0.3773	0.5380
54879	-0.6227	0.1844
829	0.0931	0.8893
4343	0.0897	0.8565
389	0.2288	0.7960
333926	-0.9595	0.1516
105378910	0.0000	nan
284467	-0.7955	0.6739
100996702	0.2201	0.8672
105378912	0.7952	0.6252
105378911	-14.3154	0.4950
113218506	0.0000	nan
6566	-0.2591	0.5884
246182	-17.8182	0.0093
100506392	-0.1860	0.8251
107985189	0.0475	0.9705
100996251	-0.7419	0.4645
9860	-0.5655	0.3155
643441	-12.7904	0.4950
260425	0.2760	0.7718
10745	-1.1221	0.1546
54665	-0.8896	0.3084
100287722	-0.4105	0.1916
26191	1.0981	0.5378
440603	0.6522	0.6735
10717	0.0670	0.7503
64858	0.2452	0.6914
101928846	0.6435	0.3984
204851	-0.5104	0.4645
56944	0.4127	0.3257
148281	-11.1968	0.4950
107985443	17.7330	0.2722
51592	-0.0597	0.9389
105378913	-16.7483	0.1602
10286	0.2242	0.4624
105378914	-1.1429	0.3915
163259	0.9277	0.5174
270	0.0000	nan
4893	1.0817	0.4242
7812	0.0360	0.9420
80143	0.2453	0.7528
6847	14.1366	0.2722
105378915	0.0000	nan
7252	16.4063	0.2722
10100	1.2956	0.1139
105378916	0.0000	nan
112840934	-0.2936	0.8061
4803	0.3366	0.6124
112268234	0.0000	nan
112268287	-1.7233	0.4701
81839	-0.2732	0.5412
845	-15.8121	0.4950
4808	-1.4558	0.3485
101928995	-15.6065	0.2261
101928977	0.9424	0.4944
55356	-1.8745	0.0424
126868	-3.7891	0.0200
105378918	-15.6679	0.2192
107985190	-15.6715	0.1896
105378919	0.0000	nan
105378920	0.0000	nan
476	-0.4256	0.1528
84852	0.1058	0.7480
101929023	-15.4587	0.4950
112268235	-1.8751	0.2255
965	-1.2170	0.1474
105378925	0.0000	nan
100616384	0.0000	nan
3321	-1.0850	0.1541
105378924	0.7110	0.7436
100302117	0.0000	nan
388667	0.0000	nan
105378926	0.0000	nan
914	0.0000	nan
105378927	0.0000	nan
5738	-1.2809	0.0583
9398	-0.7573	0.1727
101929099	0.8967	0.4494
8458	-0.0194	0.9785
100126331	-17.4137	0.4950
80263	-1.3843	0.1730
79679	0.0000	nan
104355292	0.0000	nan
10905	-0.3966	0.6408
100996263	0.0000	nan
54855	-1.2025	0.3933
105378929	0.3675	0.8219
54834	-0.3596	0.3487
10885	-0.5575	0.0709
200162	-1.0812	0.3394
105378930	0.0000	nan
107985447	16.3101	0.2722
6913	-0.7930	0.3331
105378933	-16.7593	0.2418
107985191	0.0000	nan
10352	-0.5847	0.0045
104472716	-16.7320	0.3293
101929147	-1.5765	0.0573
107985192	0.0884	0.9374
105378934	-15.2647	0.4950
51179	-19.2769	0.4762
100874270	0.0000	nan
3284	-15.9515	0.4950
105378935	0.0000	nan
3283	-13.1262	0.4950
128102	4.7452	0.2878
644242	-2.2023	0.4883
90874	-0.7261	0.3459
105378937	-0.8586	0.6045
26227	0.2620	0.8504
105378936	-1.1980	0.3732
3158	0.0000	nan
83998	0.0000	nan
105378938	2.1862	0.1692
343505	4.3133	0.1561
11085	0.0000	nan
4853	-1.1253	0.2440
101929178	-0.4596	0.7223
105378939	16.9675	0.2722
105378940	0.0000	nan
9554	0.0354	0.9089
107985522	-0.5341	0.4675
105378941	-1.0176	0.2993
105378954	0.4272	0.6014
101929788	-1.8171	0.2394
728841	-0.9557	0.2012
107985523	-0.1601	0.8362
767846	-1.2210	0.2890
100996724	-1.4112	0.1312
107985524	-1.3410	0.2450
105378944	16.4391	0.2722
105378943	-1.1917	0.2183
101929796	-0.0187	0.9850
101060684	-0.8122	0.2187
107985762	0.0000	nan
101954277	0.0000	nan
653505	-1.2140	0.4878
728855	-0.3632	0.5019
100996720	-0.3599	0.6868
101954264	0.0000	nan
107985763	-17.6658	0.4950
105369199	-16.5962	0.0007
101929798	-0.4535	0.3943
107985748	0.0000	nan
107985749	0.0000	nan
107985750	0.0000	nan
106479023	-1.3079	0.2463
2210	-3.0668	0.0444
100996318	-1.2885	0.2576
337875	-1.2109	0.3880
653820	0.8532	0.5606
653464	-0.8053	0.0795
107985193	1.6580	0.2945
100873165	-0.7458	0.4848
107985194	-2.5877	0.0136
647121	-1.4617	0.2404
107985195	-15.0405	0.3066
101929814	15.9471	0.1797
105371172	-13.3984	0.4950
105371175	0.9773	0.4487
107985200	-0.2748	0.1312
107985201	0.1926	0.7273
101927452	-14.4900	0.4950
112268275	0.0000	nan
112268273	-16.8150	0.2691
100189261	0.0000	nan
101954269	0.0000	nan
26863	-0.4568	0.7514
791227	0.0000	nan
105369140	0.8288	0.5912
100189142	-17.6903	0.4950
100189326	0.0000	nan
199882	-11.5776	0.4950
100189356	0.0000	nan
338391	-2.1378	0.2432
100132417	-16.5719	0.0007
440686	-1.3100	0.2607
105371209	-15.9755	0.4950
554282	0.9315	0.4266
100996712	-1.4959	0.0070
105371207	0.0000	nan
105371206	1.0318	0.4210
100996732	-0.2394	0.2896
101060524	4.0889	0.2979
101927333	0.0000	nan
105371196	0.0000	nan
730262	0.6242	0.5878
105373467	-16.0700	0.1082
101954267	-16.4736	0.4950
100189323	20.9616	0.2722
284565	-0.9630	0.1291
105371211	-0.7518	0.5247
6063	0.0000	nan
105379574	-0.5220	0.6529
100189127	0.0000	nan
728945	2.3935	0.0391
101929826	0.0000	nan
105371214	0.0000	nan
105371215	1.5730	0.4429
101927429	-0.9845	0.2966
1818	4.1961	0.2959
645166	0.1773	0.0281
105371216	0.9686	0.4355
105371217	-13.4086	0.4950
107985528	1.3741	0.5424
647135	-0.8365	0.0246
107985595	0.7100	0.6710
728833	0.6312	0.5668
105371219	0.6142	0.2784
107985754	1.7105	0.4706
101929805	-0.4283	0.5714
107985614	0.0000	nan
107985615	-17.6903	0.4950
103091866	-1.0658	0.0819
100996740	-0.3110	0.6691
645142	1.7105	0.4706
101954266	-18.0909	0.2754
7214	0.0000	nan
100288142	-0.7707	0.2402
105371312	-1.0480	0.1507
105371288	-14.6815	0.2192
107985755	-19.0426	0.4950
107985751	0.0000	nan
101929780	-0.7714	0.0687
653519	-0.2457	0.3376
5174	-0.9327	0.3920
11126	-2.0269	0.0374
27246	-0.1449	0.6665
10623	0.4375	0.2752
200035	0.3417	0.1830
10401	-0.8631	0.1691
102466191	-20.8057	0.2729
148741	0.0146	0.9860
107985593	-15.8777	0.3032
8515	-0.7335	0.7133
8799	0.5720	0.5611
114814	-0.5021	0.0775
9939	0.0495	0.6988
105371260	-0.0123	0.9835
128077	-0.0461	0.9578
84265	-0.1372	0.8128
284615	-0.8975	0.5911
10628	-1.9014	0.2642
148738	0.0000	nan
100189384	0.0000	nan
100189064	0.0000	nan
100188991	20.0585	0.2722
100189198	0.0000	nan
107985594	-13.8288	0.2192
101954276	0.0000	nan
101928979	-0.1907	0.8755
100132406	-0.9407	0.1993
388677	-0.2650	0.6675
105371254	0.5539	0.7070
170688	-0.0948	0.9009
102724364	-0.0554	0.8954
105371242	-12.5462	0.4950
107985756	0.0000	nan
112268274	2.4712	0.3583
100996756	-2.0405	0.0185
105371235	-0.2323	0.8597
105371233	0.6020	0.7826
107985591	-14.5993	0.1897
100288805	-0.3607	0.8010
149013	-1.1637	0.0536
728989	-3.2169	0.2356
105371231	-17.8876	0.2423
100189334	0.0000	nan
101447996	-17.7005	0.4950
644861	-15.8797	0.1083
5565	-0.3542	0.7009
9557	-0.3883	0.3242
171423	0.3039	0.7582
2330	-0.6476	0.1405
100289211	0.0000	nan
607	-1.1204	0.2172
51205	0.0583	0.9209
102723321	0.0000	nan
105371230	0.0000	nan
2702	-15.4928	0.1438
2703	-11.1641	0.4950
105371229	14.1058	0.2722
51463	-0.1337	0.6438
100034743	-0.9275	0.4626
105371228	-15.0391	0.0115
100189140	-19.0426	0.4950
26864	-0.6470	0.6042
100189193	0.0000	nan
728920	-3.1229	0.1386
200030	-1.2964	0.0309
105371227	1.9385	0.4327
100505824	0.0000	nan
101927468	2.3620	0.2468
100189056	0.0000	nan
105371226	0.0000	nan
284561	-0.5537	0.7120
100189307	0.0000	nan
105371225	0.4424	0.7608
100189174	0.0000	nan
100188998	0.0000	nan
100847044	0.0000	nan
101954273	-20.3785	0.1043
102466225	0.0000	nan
100132057	-0.7885	0.4831
101954272	-1.4638	0.3468
107985525	0.0722	0.9627
388685	0.7776	0.1752
105371224	-0.7490	0.3545
644591	0.5819	0.3969
100189005	0.0000	nan
25832	-1.0014	0.1956
100996763	-0.4071	0.6103
105371223	0.9167	0.5793
105371222	0.0000	nan
440672	-0.1222	0.8673
100996517	-0.2186	0.6667
9659	-1.1237	0.1513
112268272	0.2877	0.5301
400818	-1.2128	0.0646
101929790	-1.5181	0.1665
102723348	1.8027	0.1858
653513	0.2901	0.4552
100996716	-0.1798	0.7354
105371403	-16.7145	0.0078
100996717	-0.2553	0.6443
101060226	-1.0468	0.0734
107985752	0.0000	nan
653598	0.0982	0.8914
57234	-0.5689	0.3977
100189257	-17.6658	0.4950
112268236	-1.7762	0.0525
644634	-0.2200	0.6156
107985753	0.0000	nan
100189228	22.1264	0.2722
102723955	1.8006	0.4125
105371406	13.1327	0.2722
100189059	0.0000	nan
2209	-17.3579	0.1443
440689	-2.2025	0.2287
112268237	-0.2233	0.9042
653604	-20.3833	0.1352
8370	-1.0803	0.1035
126961	-3.2543	0.4090
8337	-0.2515	0.6779
337873	-1.5606	0.2436
723790	-0.2393	0.6899
333932	-3.4076	0.3936
112268238	-0.5921	0.4538
554313	-0.9888	0.1366
8349	-1.5551	0.1921
8338	-0.7409	0.1952
317772	-18.3834	0.1228
51027	-0.3735	0.6465
9900	-0.0898	0.9095
10262	-0.6603	0.0644
10903	-1.3631	0.2271
56957	-0.9037	0.0875
105371427	-1.3188	0.3645
11311	0.0800	0.5950
51177	0.6841	0.5915
105371433	1.8727	0.2712
81611	2.2611	0.3372
23632	-0.9801	0.3089
109616989	-17.1397	0.4950
51107	-0.2487	0.7987
79630	0.8393	0.5719
148523	-0.7463	0.2926
105371434	-15.6755	0.4950
54460	0.2819	0.1604
9129	-0.1143	0.7275
23248	-0.3518	0.5701
80222	0.2329	0.6559
102465529	-19.8134	0.2192
1893	-1.5968	0.3165
100874054	-1.8389	0.1215
100289061	-5.1840	0.1828
54507	-2.7091	0.2715
100422997	-21.0256	0.0528
574406	-0.6038	0.7052
4170	-0.7352	0.2147
107985203	-18.5518	0.1001
2029	-0.1265	0.2463
112268239	-20.8737	0.0336
55204	-0.2883	0.7092
84072	1.0906	0.5968
1520	1.2714	0.0708
1513	-0.3281	0.7093
405	-0.3359	0.1720
100996521	-15.4651	0.4950
107985204	-18.6950	0.4040
9869	-0.5260	0.2589
29956	-0.6306	0.1248
105371438	0.0000	nan
8416	-3.3161	0.0077
55793	-1.2903	0.0553
58497	-0.8074	0.0920
149428	-2.9575	0.0597
54964	-0.2141	0.1481
56882	-0.7119	0.1530
10962	1.6555	0.3440
126626	-0.2838	0.4212
10500	-3.6209	0.0004
388695	-1.3155	0.1138
100534012	1.1544	0.3413
79626	-2.0065	0.2835
79005	1.0991	0.3478
29765	-2.1794	0.0217
6944	0.4352	0.6208
8394	-0.0995	0.8809
5710	0.3434	0.6937
100507670	-2.3660	0.0147
57592	-0.8465	0.1445
5298	-0.8135	0.0616
5993	-1.1844	0.0831
101927886	1.1778	0.3308
8991	-0.5547	0.4363
5692	0.9405	0.1122
23126	-1.1269	0.1094
57530	-15.0478	0.2241
7286	-1.6477	0.0545
693139	-18.2901	0.4950
81609	-0.6758	0.1194
11189	0.1737	0.7630
284485	18.0129	0.2722
65005	0.7951	0.1711
51686	0.1113	0.8861
11022	0.8956	0.0533
109729141	-15.3259	0.3033
339398	0.0000	nan
6097	-11.9035	0.4950
100191040	-16.1903	0.0740
100132111	-3.8624	0.0156
284486	-19.4459	0.0745
117145	0.0277	0.9636
6281	-0.3023	0.6582
105371441	0.6504	0.2378
105371442	0.0000	nan
441908	-13.8686	0.4950
6282	1.1399	0.0582
101927949	0.6198	0.5684
100131107	0.0000	nan
126637	0.0000	nan
7062	-2.1764	0.5404
126638	1.3722	0.4978
112268240	-17.2969	0.1703
388697	-6.0740	0.1264
2312	-2.5016	0.0929
339400	0.3185	0.8010
388698	-3.9741	0.0393
49860	0.0000	nan
254910	0.0000	nan
54544	0.0000	nan
353145	0.0000	nan
84648	0.0000	nan
353144	0.0000	nan
353143	0.0000	nan
353142	0.0000	nan
388699	-14.6981	0.4950
353141	0.0000	nan
353140	0.0000	nan
26239	0.0000	nan
353139	19.5582	0.2722
199834	0.0000	nan
100129271	0.0000	nan
448834	-13.8686	0.4950
353137	-1.2107	0.6983
353135	0.0000	nan
353134	0.0000	nan
353133	0.0000	nan
353132	0.0000	nan
353131	0.0000	nan
448835	0.0000	nan
105371444	0.0000	nan
105371445	0.0000	nan
4184	0.0000	nan
3713	-12.7678	0.4950
101927988	-12.8489	0.4950
163778	0.0000	nan
6698	0.0000	nan
6707	0.0000	nan
105371446	0.0000	nan
6699	0.0000	nan
6703	0.0000	nan
6700	0.0000	nan
6701	0.0000	nan
6704	0.0000	nan
6705	0.0000	nan
6702	0.0000	nan
6706	0.0000	nan
101928009	0.0000	nan
149018	0.0000	nan
574414	0.0000	nan
4014	0.0000	nan
114771	0.0000	nan
57115	14.1920	0.2722
6280	0.0000	nan
6283	0.0000	nan
6279	0.0000	nan
338324	0.0000	nan
6278	0.0000	nan
6277	0.0416	0.9691
6276	-2.8988	0.4047
6275	-2.1624	0.1618
101928034	-2.7221	0.0720
6274	0.3222	0.5274
6273	-0.9796	0.1003
140576	0.3059	0.6651
57402	-17.6699	0.1804
6284	-0.3749	0.5466
6271	-0.4649	0.2571
26097	-0.2492	0.5721
23557	0.1265	0.8563
3608	0.9128	0.0795
100189015	0.0000	nan
4881	1.5605	0.4466
102466879	0.0000	nan
65123	-0.9776	0.0389
11000	-0.4770	0.5635
343052	0.0000	nan
57459	-0.4219	0.3601
101928059	-1.9840	0.0311
9909	-1.6887	0.0109
200186	-0.8276	0.0207
27173	-1.1801	0.1221
102465441	-17.7458	0.4950
148327	-0.7022	0.4218
10899	-0.3377	0.6966
5872	0.5387	0.2616
6232	0.1883	0.8538
91181	-0.8992	0.3909
100847024	0.0000	nan
7170	2.0665	0.1778
100126346	0.0000	nan
388701	1.0533	0.5625
25912	-0.0573	0.8344
9898	-0.0794	0.8578
109617023	-2.1473	0.1564
10456	0.8742	0.5000
89872	0.0000	nan
57198	-1.2929	0.0024
101928101	1.1612	0.5988
3570	-0.8815	0.1641
126669	-0.6359	0.2439
126668	0.0000	nan
55585	-0.6185	0.1165
100874097	-1.0880	0.0975
107985206	16.3119	0.2722
1141	0.2001	0.6698
103	-0.6575	0.0707
3782	-5.1598	0.4751
105371449	-0.6162	0.1279
10654	-1.7405	0.0529
57326	-1.1073	0.2357
90780	-0.5436	0.0217
101928120	-0.2777	0.1960
6464	0.1342	0.6205
1163	0.4985	0.0439
100423020	-20.0625	0.0028
80308	-0.0719	0.9227
55891	-14.4848	0.4950
51043	-1.8493	0.0712
127579	-3.5790	0.0493
149095	-3.8634	0.0208
100505666	-3.0104	0.0093
8751	-0.9989	0.2766
1945	-0.9064	0.0135
1944	-2.5770	0.0446
1942	-1.8173	0.2394
55974	0.7146	0.1307
54344	-0.2964	0.6817
200185	0.7909	0.4835
80128	-1.7544	0.0556
4582	-3.0463	0.2529
693235	-20.2909	0.1897
7059	-1.8452	0.0121
105371450	-1.5360	0.0239
4580	-0.0973	0.8154
2630	-0.3369	0.6140
2629	0.0692	0.9087
10712	-1.3245	0.3525
10067	-0.6921	0.3908
1196	-1.0737	0.0528
57657	-1.9390	0.0137
5313	-1.1191	0.0896
2224	-0.0418	0.9403
284618	0.0839	0.8449
23623	-0.4893	0.2597
55870	-0.9125	0.2831
693140	-0.4359	0.4406
645682	-15.6029	0.3066
645676	-1.6853	0.0999
101929703	-0.7107	0.4747
105371452	-2.2919	0.0301
55154	-0.7584	0.0558
55249	-0.0940	0.5416
106633810	1.1371	0.5535
7818	-0.3513	0.3707
100505728	-0.8499	0.2989
100129405	-0.9251	0.0258
54856	-0.7191	0.0578
106633816	-1.5490	0.5388
23208	-0.5275	0.2090
6016	-0.7831	0.1877
22889	-1.1098	0.0314
677823	-0.9390	0.5463
677771	-20.3271	0.1255
107985207	1.2458	0.5189
339403	-16.9576	0.0792
9181	-0.8170	0.3804
102465442	-2.8945	0.2532
107985209	-2.3054	0.0667
107985210	0.0000	nan
107985208	-17.2665	0.0524
6746	0.6432	0.3189
105371729	0.0138	0.9746
56893	-1.0695	0.0412
28956	-0.1372	0.8693
57111	1.3833	0.4461
92312	-0.8434	0.3593
4000	-0.0959	0.9078
64218	-0.6201	0.0268
9673	0.6982	0.3084
100527963	-0.0209	0.9820
11243	0.3368	0.6366
632	0.5515	0.6534
79957	-2.7799	0.1662
23381	-1.1554	0.1212
84283	-1.7973	0.0129
112770	-0.0966	0.8486
391104	0.0000	nan
7203	-0.1365	0.7984
128229	1.3311	0.2818
57127	-1.8246	0.3755
10485	1.2963	0.3331
407046	0.0000	nan
4209	-1.1362	0.0122
128239	2.4806	0.1460
164118	0.0000	nan
128240	0.2450	0.6840
54865	0.3310	0.4159
60484	-0.0115	0.9895
101928177	0.0000	nan
105371453	-3.5025	0.2024
63827	2.0631	0.3189
10763	-0.6876	0.5676
1382	-1.1768	0.3736
81875	-0.5296	0.1882
51093	-1.0507	0.1459
79590	0.5045	0.5101
3068	0.2393	0.7453
5546	-0.5636	0.4027
9047	-17.0133	0.3891
4914	-15.9689	0.1332
3645	-16.9273	0.0491
375033	-1.0407	0.2971
149499	-0.4410	0.5571
9826	-1.2077	0.0841
768220	-19.3505	0.2418
102724222	0.0000	nan
440695	-1.4638	0.0210
2117	-0.6218	0.3081
360155	2.2245	0.3831
107985211	13.2342	0.2722
105371456	0.0000	nan
105371455	17.1352	0.2722
101928202	0.0000	nan
83416	0.0000	nan
83417	0.0000	nan
105371457	0.0000	nan
115352	0.0000	nan
79368	0.0000	nan
115350	0.0000	nan
922	0.0000	nan
105371458	0.0000	nan
105371459	0.0000	nan
55243	-0.8964	0.0622
100505785	0.4677	0.7245
646268	0.0000	nan
105371460	0.0000	nan
912	-14.3743	0.2219
909	16.2958	0.2722
910	0.0000	nan
911	0.0000	nan
913	16.1566	0.2722
128360	0.0000	nan
391107	0.0000	nan
107985212	0.0000	nan
391109	0.0000	nan
107985213	0.0000	nan
343406	0.0000	nan
391112	0.0000	nan
128366	0.0000	nan
128367	0.0000	nan
128368	0.0000	nan
6708	-15.1362	0.2738
81448	0.0000	nan
391114	0.0000	nan
128372	0.0000	nan
128371	0.0000	nan
81442	0.0000	nan
4332	0.0000	nan
149628	13.5448	0.2722
3428	-0.2634	0.6884
107181291	-1.7567	0.2084
105371461	0.0000	nan
9447	-1.1823	0.3816
100189166	0.0000	nan
57863	-17.2346	0.3622
100131825	-16.1591	0.4125
2532	-13.6163	0.4950
2205	0.0000	nan
441911	0.0000	nan
26476	0.0000	nan
391121	0.0000	nan
105371462	16.2604	0.2722
127385	0.0000	nan
107985215	0.0000	nan
325	-14.0219	0.4950
1401	-15.2066	0.2418
101928264	-15.1455	0.2372
54935	-0.9560	0.3714
105371464	-11.7940	0.4950
343413	-16.1244	0.2958
107985217	-11.7346	0.4950
56833	-0.5452	0.1189
284677	-1.0298	0.0228
391123	-1.8671	0.2308
107985216	-1.3715	0.3269
25790	0.2267	0.4578
100422852	0.0000	nan
8407	-0.2673	0.5985
57549	1.6298	0.3531
89886	-0.5075	0.5762
100505633	1.0450	0.5157
93183	0.5362	0.5185
3766	-1.6042	0.2943
3765	-15.7887	0.0575
93185	-1.0710	0.0875
477	-0.6485	0.5590
480	2.0167	0.4216
844	-1.1917	0.2183
729867	-1.1065	0.2495
8682	-0.6355	0.2715
50717	-1.5589	0.0067
100287049	-1.9590	0.0022
5824	-0.3347	0.2754
107985219	0.3232	0.3897
1314	-0.1621	0.2870
474338	0.4156	0.7165
23385	-0.3745	0.0911
4807	0.6572	0.6595
105371466	17.3016	0.2722
57216	-0.7503	0.7317
105371467	0.0000	nan
114836	0.0000	nan
105371468	0.0000	nan
8832	14.9046	0.2722
6504	0.0000	nan
107985220	0.0000	nan
962	0.0000	nan
57823	0.0000	nan
105371470	0.0000	nan
4063	3.1960	0.3249
51744	0.0000	nan
55600	0.0000	nan
101928372	0.0000	nan
142683	15.5554	0.2722
50848	0.9925	0.5608
100131187	0.3881	0.8609
7391	-0.3125	0.7242
257106	-3.7025	0.2335
81607	2.8304	0.3354
105371471	-13.0930	0.4950
126823	-0.6055	0.6076
5202	0.4166	0.3029
4817	-0.9997	0.0242
9191	-0.2179	0.2039
51506	0.2503	0.4629
112543491	-2.4727	0.1672
27005	-1.0719	0.0203
5498	-0.6268	0.2882
8703	-1.3564	0.0585
9507	-0.5670	0.1831
4720	0.2140	0.5630
2207	0.7584	0.6398
336	17.6621	0.2722
84134	-1.2407	0.0600
100847090	-0.0284	0.9775
9970	-1.4834	0.0420
654790	-14.1323	0.2192
105371472	-17.0878	0.0078
107985221	2.7075	0.3443
4359	0.4492	0.7437
6391	-0.2068	0.7914
257177	-1.5298	0.0621
100189373	-19.6589	0.3229
100189407	-19.0426	0.4950
100189402	-17.6658	0.4950
100188997	0.0000	nan
100189412	0.0000	nan
100189394	0.0000	nan
100189366	0.0000	nan
100189091	-17.6702	0.4950
100189260	0.0000	nan
100189235	0.0000	nan
100189009	0.0000	nan
100189252	0.0000	nan
100189385	-17.6702	0.4950
100189141	0.0000	nan
100189290	0.0000	nan
100189316	0.0000	nan
100189230	0.0000	nan
100189259	-17.6702	0.4950
100189188	0.0000	nan
100189134	0.0000	nan
100189364	0.0000	nan
100189160	0.0000	nan
100189017	-17.6702	0.4950
100189039	0.0000	nan
100189120	0.0000	nan
100189139	0.0000	nan
100189274	0.0000	nan
105371473	0.0000	nan
2212	-0.7003	0.5919
100189380	0.0000	nan
3310	-15.7534	0.0007
100189018	0.0000	nan
100189011	0.0000	nan
100189126	0.0000	nan
2214	0.0000	nan
9103	-12.5598	0.4950
3311	-15.1472	0.3828
100189003	0.0000	nan
2215	0.0000	nan
2213	0.0000	nan
641311	0.3886	0.8607
84824	5.6300	0.0213
127943	2.5074	0.2845
11266	-0.2915	0.5052
102724329	-0.3704	0.7304
22926	0.1053	0.8107
25903	-1.1967	0.1883
9722	-14.3337	0.0650
105371475	12.7744	0.2722
100616386	0.0000	nan
693141	0.0000	nan
284680	-14.2018	0.4950
400793	-3.5146	0.2393
117157	0.0000	nan
105371497	0.0000	nan
127933	0.6900	0.6579
102724358	-17.2862	0.3552
6675	0.2616	0.7155
4921	-0.3809	0.4695
51478	0.1398	0.8540
339512	0.5055	0.7555
107985223	0.0000	nan
5999	1.2662	0.4306
8490	0.1497	0.8533
101928404	-13.5127	0.4950
83540	3.5609	0.2930
100422212	0.0000	nan
5087	0.0375	0.9570
100505795	-14.4863	0.4950
107985451	0.0000	nan
107985452	0.0000	nan
4009	0.0000	nan
105371561	0.0000	nan
102725140	0.0000	nan
6258	0.0000	nan
400794	0.0000	nan
440699	0.0000	nan
4259	1.4554	0.3235
223	0.3377	0.6398
440700	-14.6099	0.2192
105371581	0.3739	0.8661
54499	-0.0383	0.6942
100147773	-0.4438	0.8156
7371	-0.0995	0.7958
100500832	0.1919	0.6530
149297	-0.4955	0.4435
105371586	-2.8395	0.0312
100126349	0.0000	nan
112268276	-13.2449	0.1083
105371590	0.0000	nan
116123	0.0000	nan
57645	-0.5328	0.0943
117143	-0.0722	0.8987
387597	-12.3408	0.2219
84944	-13.8152	0.4950
105371600	0.0000	nan
10223	0.0000	nan
105371598	0.0000	nan
92235	-0.6263	0.8149
105371601	0.0000	nan
101928484	0.0000	nan
5451	-0.0699	0.6992
919	0.0000	nan
101928512	-2.2997	0.2082
107985224	-3.3606	0.1014
8804	-1.0880	0.1858
92241	-14.9180	0.2269
100189211	0.0000	nan
100189019	-17.6702	0.4950
9019	-0.6300	0.2477
55811	-0.3911	0.4212
25874	-0.0876	0.8506
55827	-0.4889	0.0776
100313835	-17.7740	0.4950
23432	-1.3891	0.0307
261726	0.1231	0.8591
375035	-1.2629	0.1308
84832	-2.5883	0.1485
9095	-1.3625	0.0418
693142	0.0000	nan
100505918	0.0000	nan
101928565	-14.6014	0.4950
6846	-17.5280	0.2280
6375	-16.1585	0.1439
105371604	-15.8422	0.3886
1805	-3.9866	0.1245
79100	2.7462	0.3497
105371606	0.0000	nan
101978719	0.0000	nan
101928596	0.0000	nan
481	-1.5734	0.3313
29922	-0.2694	0.6321
8548	-0.1769	0.8108
105371605	-1.1070	0.5848
57821	-0.3945	0.7886
10560	-0.4649	0.6274
2153	-12.0331	0.4950
6403	-14.9995	0.4950
107985745	0.0000	nan
6402	-14.8023	0.2276
6401	0.0000	nan
101928628	0.0000	nan
92342	0.5922	0.1106
55732	0.6960	0.5159
57147	-0.8272	0.0154
22920	-0.5539	0.4080
105371608	3.0506	0.3253
149281	-14.0894	0.4950
100423010	0.0000	nan
100422839	0.0000	nan
105371609	-16.5554	0.3862
284688	-17.6828	0.3055
101928650	-0.7495	0.4549
92344	0.1159	0.8783
105371610	-15.2720	0.4950
5396	0.2765	0.8054
80133	-16.3230	0.1496
2328	-17.7294	0.4125
100302178	0.0000	nan
100847009	0.0000	nan
105371611	-2.6759	0.1530
388714	-12.8220	0.4950
2327	-3.6074	0.2171
2326	0.3932	0.7680
2329	-0.8723	0.1621
7151	-0.4621	0.5536
23215	-0.4394	0.4898
110806290	0.0000	nan
4653	-21.9538	0.4451
8674	-1.1168	0.2923
105371614	-14.1294	0.4950
51603	-0.4430	0.2517
26052	-0.6853	0.4231
100874284	-16.2469	0.2192
100628315	-0.5949	0.5706
406996	-3.0451	0.1204
100422882	-3.0862	0.1107
406977	-3.0915	0.0860
102724528	0.7058	0.2594
92346	-0.7326	0.2613
5279	0.3427	0.0755
51430	0.0742	0.9499
356	0.0000	nan
107985225	-17.6403	0.2821
105371618	-0.4357	0.8154
8995	1.0055	0.5847
7292	-0.5704	0.4420
100506023	-0.7654	0.0355
107985227	-0.0679	0.7487
101928673	-0.7977	0.2642
9588	0.0844	0.8768
284525	-13.5648	0.3065
730159	-14.7059	0.3885
339416	-0.7508	0.3029
105371619	16.4013	0.2722
27252	-0.5573	0.4144
91687	0.3081	0.7210
55157	0.5926	0.3617
100506046	0.2619	0.7831
60674	-0.5693	0.6319
26769	0.0840	0.9444
26802	0.3753	0.7880
26774	0.3524	0.8130
26770	0.4087	0.7699
692198	-1.3270	0.3940
26806	-1.1744	0.3108
106635533	-0.6544	0.6234
692197	-0.6517	0.5965
692196	-0.5420	0.6493
692195	2.3134	0.3686
619498	-20.9497	0.0792
84614	-0.4922	0.5418
462	1.2075	0.1073
149041	-0.6987	0.3305
105371620	-16.6768	0.4950
102724601	15.4215	0.2722
9910	-0.1429	0.8032
9293	-0.1072	0.9505
101928696	0.0000	nan
105371622	0.1734	0.8855
27101	0.5090	0.4846
63931	-0.0555	0.6377
63923	-14.9376	0.0388
9674	-3.4178	0.3229
7143	-11.4700	0.4950
105371623	0.0000	nan
107985228	-2.6170	0.0746
101928751	-14.3946	0.4950
64326	-0.1986	0.4469
113839518	0.0000	nan
677679	0.0000	nan
60676	-3.2883	0.2422
460	-1.0164	0.4911
574441	0.0000	nan
57795	2.3177	0.3479
105371625	2.0168	0.4216
102724661	0.0000	nan
101928778	0.0000	nan
111240474	-0.8414	0.1338
89866	-1.3669	0.0710
730102	-0.3466	0.5857
100302401	-0.2985	0.4450
9462	0.0811	0.9366
105371630	-1.6766	0.2156
105371629	0.8519	0.6280
101928866	0.0000	nan
84066	-14.7965	0.4950
105371631	0.0000	nan
400798	-1.1423	0.3164
105371632	0.2808	0.7320
100616328	0.0000	nan
646976	-0.4098	0.3941
55103	0.6217	0.6563
9068	-0.8065	0.4555
102724754	1.7663	0.0777
9917	-0.9296	0.3093
64222	-0.9234	0.0319
27	0.2637	0.7711
6646	0.1517	0.8528
126859	-1.2744	0.5068
7827	1.7458	0.4642
163589	-14.3908	0.3886
105371635	0.0000	nan
148753	-13.0277	0.4950
113219451	0.0000	nan
105371634	0.0000	nan
107985229	3.3385	0.3191
163590	-0.0935	0.8083
26092	-0.9092	0.1279
101928933	0.8537	0.0630
9857	-0.2230	0.8002
105371636	-16.8329	0.2372
5768	-1.5002	0.0559
89884	-0.9021	0.2240
84320	-0.0033	0.9960
100527964	-1.1521	0.1292
105371637	-1.6888	0.2506
100423032	0.0000	nan
148756	0.0000	nan
9213	-0.5600	0.4151
107985230	-2.2537	0.2348
105371638	-15.9796	0.2762
57710	-1.0959	0.1290
107985231	-3.7197	0.0589
103344928	0.0828	0.8460
10228	-1.1828	0.0425
3140	-1.1472	0.0412
51278	-1.0187	0.0025
101928973	-17.8767	0.0370
100287948	17.5694	0.2722
107985454	0.0000	nan
777	0.0000	nan
107985232	0.0000	nan
105371640	-16.3763	0.4950
127665	1.7103	0.4705
105371642	0.0000	nan
107985233	0.0000	nan
400799	0.0000	nan
2752	0.0307	0.9626
127670	-13.8954	0.4950
388719	0.0000	nan
353299	13.6462	0.2722
6041	-0.8572	0.1920
6004	-3.3384	0.3960
284648	-0.5918	0.6116
85397	-2.0350	0.5344
105371644	0.0000	nan
80896	-0.8914	0.0520
647070	-1.0494	0.1817
1660	-0.4359	0.3577
81626	-0.2750	0.8202
3915	-1.6085	0.0099
110841583	-3.9671	0.0367
3918	-0.7727	0.4506
23057	0.0726	0.9385
105371646	1.9386	0.4328
284649	-1.1989	0.1753
9887	-0.7865	0.3120
4688	-0.8119	0.6677
107985235	-14.1224	0.4950
10092	0.5577	0.6046
23179	-0.9195	0.1862
403314	-14.2515	0.3033
23127	0.7484	0.5831
116461	0.2010	0.7814
102724830	-3.1420	0.0390
81563	-0.6546	0.5738
102724857	-0.1071	0.9505
107985236	-0.8139	0.5088
105371648	-0.4159	0.8264
80267	-0.0163	0.9874
105371649	-13.3692	0.4950
116496	-0.2446	0.7779
107985238	-14.1949	0.4950
101929069	-13.7903	0.4950
6045	-0.6437	0.2346
81627	-0.4419	0.5619
54823	-0.5985	0.3544
105371651	-16.7676	0.2230
10625	-0.4545	0.6755
100288079	2.3133	0.3686
107985455	0.0000	nan
107985239	-13.3207	0.4950
101929093	0.0000	nan
105371653	-14.5023	0.4950
83872	-1.8931	0.0646
105371654	-1.3109	0.1819
10216	0.2492	0.7592
7175	-0.1962	0.6578
54953	-0.9319	0.1715
102724919	-19.3803	0.1816
5132	-1.0245	0.3804
5743	1.9198	0.3237
103752588	-19.1002	0.0757
5321	-2.1981	0.3696
104169671	-14.2346	0.4950
105371655	0.0000	nan
106144535	-16.9556	0.3065
105371656	-16.5008	0.1502
105371657	0.0000	nan
107985456	0.0000	nan
339479	0.0000	nan
105371659	0.0000	nan
105371658	0.0000	nan
101929120	0.0000	nan
440704	0.0000	nan
105371660	0.0000	nan
107985457	0.0000	nan
105371661	0.0000	nan
64407	0.0000	nan
105371662	0.0000	nan
431704	0.0000	nan
105371664	0.0000	nan
5996	0.0000	nan
107985241	-15.0937	0.4950
6003	0.0000	nan
100616345	-1.2676	0.4263
105371665	4.1857	0.2961
5997	-1.7474	0.0650
105371668	0.0000	nan
105371667	0.0000	nan
102724954	1.7111	0.4705
51377	0.3778	0.6952
107397392	-16.7983	0.4950
6738	0.3571	0.7405
51022	0.0876	0.7994
101929160	-0.3096	0.7344
79577	-0.1700	0.8610
100302163	0.0000	nan
8707	-1.8420	0.4001
101929184	-1.3333	0.5645
107985242	0.0000	nan
105371670	0.0000	nan
107985458	0.0000	nan
105371671	0.0000	nan
105371672	14.0685	0.2722
105371673	-15.2251	0.4950
105371674	0.0000	nan
343450	-1.8801	0.1253
100616363	0.0000	nan
3075	-1.3386	0.1999
10878	-4.3882	0.1968
3078	-1.4739	0.1657
10877	-13.7991	0.4950
105371675	0.0000	nan
3080	0.0000	nan
81494	0.0000	nan
2165	0.0000	nan
259266	3.2105	0.3154
360023	-0.3771	0.6882
23418	-2.1048	0.3981
163486	-0.1771	0.8776
388722	-0.0779	0.8663
56956	-1.0879	0.4859
140609	0.9183	0.5679
105371677	0.7110	0.7437
127124	-2.1754	0.3528
5788	-0.2713	0.8363
100131234	0.1258	0.9561
406955	18.8048	0.2722
406995	0.0000	nan
105371679	0.0000	nan
102800316	0.0000	nan
104266961	0.0000	nan
107985243	0.0000	nan
400800	0.0000	nan
105371680	0.0000	nan
105371682	0.0000	nan
2494	6.3422	0.2771
107985244	-14.3905	0.4950
554279	1.7099	0.0273
23528	0.0718	0.9227
107985459	0.0000	nan
9928	3.0695	0.2994
83479	-0.3835	0.1127
101929224	3.9776	0.0176
23271	-0.6993	0.3926
2848	0.0000	nan
107985245	18.6884	0.2722
55765	16.3101	0.2722
647215	15.4289	0.2722
23046	-0.3043	0.8145
101929305	15.5303	0.2722
779	0.0000	nan
647219	-15.2119	0.3065
252839	-0.2230	0.7400
91156	-0.4618	0.7846
5317	-14.7901	0.1243
101929326	0.0000	nan
7139	-15.2681	0.2192
3898	14.2270	0.2722
101929343	0.0000	nan
7135	0.0000	nan
101929367	0.0000	nan
23612	-1.0595	0.1535
1465	-0.2028	0.6613
107985246	-1.7601	0.0293
376693	1.5726	0.4174
89796	-0.8270	0.0416
100873949	-1.0435	0.0794
100847050	0.0000	nan
100302158	-20.2544	0.0078
55705	0.0440	0.9385
102466724	1.5205	0.4613
149345	-0.6023	0.5001
25802	-1.8706	0.0765
10440	0.5194	0.6134
109616993	0.0000	nan
6051	-0.5397	0.1516
112268254	-0.6758	0.4839
102723465	-3.5427	0.0804
102465443	-18.3921	0.4950
1999	2.0641	0.3885
105371684	-15.2061	0.4950
9283	-1.6361	0.1523
105371683	0.0000	nan
127829	-0.6732	0.4010
5778	3.3382	0.3149
148713	-16.2668	0.0421
59352	2.7169	0.3517
101929388	0.0000	nan
29089	2.1123	0.1322
4660	-1.8857	0.0259
127833	-1.5656	0.2130
105371686	-18.2755	0.0995
10765	-0.4312	0.1650
100506696	-2.3272	0.0719
641515	15.9374	0.2722
148709	1.0711	0.5878
5877	-0.0809	0.9068
59349	-0.6393	0.0117
51094	0.1192	0.4933
51706	-1.1556	0.1417
100506747	-2.0916	0.0328
92703	0.6082	0.3945
8497	-2.3067	0.1691
105371687	-18.1150	0.1082
4656	17.9191	0.2722
114004358	14.0964	0.2722
134	-0.4455	0.2926
4608	0.5229	0.8114
1116	-2.3537	0.3191
1118	-14.1512	0.4950
100506775	0.0000	nan
730227	-12.4202	0.4950
7832	-1.5620	0.0189
2331	-3.7968	0.0177
102723529	0.0000	nan
107985249	-14.8737	0.2262
5549	-6.2925	0.4439
26254	-15.4373	0.0524
105371688	-0.0906	0.9408
493	0.4898	0.6943
677843	0.6794	0.6696
84719	-0.3000	0.8365
102723543	2.1702	0.3759
54900	-0.3686	0.7239
9877	-0.8189	0.0601
100381270	-1.7585	0.1168
6635	-0.2727	0.7026
105371689	-13.5561	0.4950
284573	2.3536	0.3820
9580	-0.3558	0.5702
55224	-0.7011	0.2432
101929441	-1.8404	0.1363
5972	-13.3263	0.4950
3814	-17.5652	0.4950
127845	16.7968	0.2722
22874	-0.7807	0.1511
127841	0.0000	nan
84919	-0.6219	0.3168
5287	-2.9269	0.2287
100189122	1.3691	0.4934
100189425	0.0000	nan
4194	-0.3601	0.5720
105371692	-5.4123	0.0613
10446	-14.5271	0.1419
105371693	0.0000	nan
105371695	0.0000	nan
105371694	0.0000	nan
23114	-0.6466	0.3759
6900	-12.8662	0.2261
388730	0.2035	0.0268
5929	-0.2894	0.2353
25778	-0.4513	0.3257
9911	-2.7869	0.0991
101929459	3.6752	0.3078
81788	-0.2319	0.7257
55220	0.0000	nan
284576	-13.4166	0.2192
105371698	0.0000	nan
93273	0.0000	nan
101669762	-12.4871	0.4950
442891	0.0000	nan
284577	0.0000	nan
100189098	0.0000	nan
5129	-17.8250	0.1876
284578	15.5805	0.2722
148808	0.2293	0.8591
2005	-0.4165	0.6044
85414	-0.8281	0.2603
105371701	-16.7678	0.0658
64710	0.6913	0.4720
8934	-1.0317	0.0158
105371702	0.0000	nan
254428	-1.2868	0.0471
148811	-3.6516	0.2189
107985250	-4.2478	0.0576
284581	-2.7899	0.0378
115019	-11.6348	0.4950
103021296	-1.9126	0.1445
103021295	-0.3637	0.7066
338382	-0.3265	0.6776
1510	0.0000	nan
440712	0.0000	nan
105372857	14.6954	0.2722
553	-11.5453	0.4950
105372869	0.0000	nan
105372873	-15.5874	0.4950
729533	0.0242	0.9805
23380	-0.5966	0.2009
9641	0.2551	0.4732
102466202	0.0000	nan
83593	-1.4873	0.1798
1939	-0.5763	0.3416
105372876	-1.2599	0.1340
8444	-0.2684	0.5280
9261	-0.9929	0.0540
105372877	5.0622	0.2375
3586	0.0000	nan
29949	-15.1183	0.4950
105372878	-15.6946	0.4950
50604	3.1040	0.3292
105372879	-14.5044	0.4950
11009	2.9419	0.1753
9214	0.7932	0.1660
5284	-11.7653	0.4950
83953	0.0000	nan
79098	-14.7672	0.0650
107984109	-16.6878	0.2192
55432	-0.2397	0.7983
5208	-0.8289	0.1275
725	-15.2189	0.2448
722	-12.6267	0.4950
107985251	-3.4521	0.2030
1604	0.0529	0.7974
105372880	0.0000	nan
1380	-13.1634	0.4950
1378	-10.5736	0.4950
1379	14.9768	0.2722
4179	-0.3512	0.7199
100128537	-1.9959	0.1179
407026	-21.6929	0.0270
407025	-0.7425	0.5143
148696	-17.1021	0.1393
947	-3.8399	0.4688
107985253	-13.6428	0.3066
105372883	-3.3381	0.3644
5362	-1.3300	0.2690
105372887	-14.0181	0.4950
105372884	-2.5805	0.2843
105372888	0.0000	nan
105372889	0.0000	nan
107985460	0.0000	nan
107985254	0.0000	nan
105372891	0.0000	nan
105372892	11.9699	0.2722
105372893	0.0000	nan
107985255	-14.0345	0.4950
105372894	0.0000	nan
105372895	15.6354	0.2722
105372896	0.0000	nan
105372897	0.0000	nan
101929476	0.0000	nan
642587	0.0000	nan
406988	0.0000	nan
105372898	0.0000	nan
105372899	0.0000	nan
107985256	0.0000	nan
57172	1.4784	0.4813
3914	-0.0200	0.9690
100422894	-0.7570	0.4353
101930114	-17.5803	0.3066
50486	2.6166	0.1871
3290	2.1504	0.3789
80342	-0.1020	0.8522
148304	0.0620	0.8364
3664	-0.3748	0.7664
27042	0.6708	0.2363
255928	0.6594	0.5833
574036	-2.1628	0.0543
56256	-3.0284	0.1863
107985257	-3.0290	0.0038
55733	-0.8650	0.4798
3756	-1.6622	0.4906
105372901	-16.4148	0.2303
100874296	-17.9607	0.3294
105372902	-0.7180	0.4250
55758	-0.9550	0.1231
7188	-1.5925	0.0542
107985258	-19.4746	0.0957
84791	0.5849	0.3856
107985259	2.4735	0.2605
343035	0.0000	nan
107985261	0.0000	nan
107985260	0.0000	nan
7779	-0.4499	0.5749
105372903	0.0000	nan
105748977	0.0000	nan
4751	2.5804	0.2541
91548	4.1612	0.2965
105372904	0.0000	nan
9926	-0.5927	0.3839
102723727	-13.3518	0.4950
25896	0.0337	0.9410
51514	3.4064	0.2472
100131205	-0.3539	0.6909
100422947	0.0000	nan
101929541	-17.4959	0.0502
5525	-0.7748	0.2686
107985262	0.0000	nan
692157	-1.7459	0.1245
55248	-0.4171	0.4855
105372906	0.4902	0.7321
29937	0.0734	0.9247
105372907	0.0000	nan
105372908	0.0000	nan
101929565	0.0000	nan
467	-1.4570	0.1790
149647	-12.6716	0.4950
102723761	-3.5765	0.3448
55509	0.1240	0.7784
25936	-0.1737	0.4366
128387	0.1817	0.5037
149643	-1.4549	0.5126
642946	-1.2457	0.4246
28982	0.1638	0.8509
79805	0.5885	0.7003
90806	-0.6599	0.2634
26750	-0.6648	0.0847
105372912	-13.7893	0.1082
100505832	-13.9526	0.3066
100861504	0.0000	nan
5629	-1.4290	0.3124
105372911	0.0000	nan
56950	0.8927	0.0039
107985263	1.3808	0.2029
5784	-0.3864	0.5659
1063	3.3670	0.2588
105372916	-15.0110	0.4950
105372915	0.9359	0.5909
3776	-0.1164	0.8615
105372919	-2.2391	0.1219
51133	0.0634	0.9362
7399	-2.8230	0.1220
102723833	0.0000	nan
105372918	0.0000	nan
107985596	0.0000	nan
2104	2.3172	0.3176
107985461	0.0000	nan
105372920	0.0000	nan
55105	-0.4573	0.3420
128153	-2.0469	0.2696
103752555	-1.3174	0.5749
100885798	15.9212	0.2722
105372922	0.0000	nan
101929631	0.0000	nan
105372923	0.0000	nan
51018	0.5286	0.5230
728463	-1.5989	0.1843
7042	-1.5866	0.1021
103611157	-2.1025	0.1119
440714	17.4604	0.2722
105372924	0.0000	nan
105372925	0.0000	nan
643723	0.0385	0.9693
127018	-0.7330	0.2345
107984018	-2.8254	0.4566
102723886	-0.9001	0.5874
107985272	0.0000	nan
643136	-0.5341	0.0395
105372926	0.0000	nan
55532	2.1782	0.3801
107985281	0.0000	nan
2058	0.0694	0.8739
10380	0.0770	0.8666
55699	-0.7083	0.0679
105373475	-0.4675	0.7663
406997	0.0000	nan
406969	-19.2741	0.3066
25782	-0.4936	0.5259
100302234	0.0000	nan
677818	0.0000	nan
6791	1.2822	0.3991
105372929	0.0000	nan
105372928	16.5820	0.2722
4139	-2.3199	0.2836
79762	-0.6060	0.6037
54996	-1.5928	0.0275
64757	0.4100	0.6955
106481171	-13.0323	0.4950
101929730	-1.6917	0.0519
100873924	-1.8939	0.0188
3142	-0.6355	0.4265
105372930	0.0000	nan
101929750	0.2121	0.8725
107985296	15.3276	0.2722
105372932	1.7460	0.4642
400804	-1.7650	0.0757
105372934	0.0000	nan
107985462	0.0000	nan
105372937	0.0000	nan
11221	0.1626	0.4018
105372945	1.9759	0.0486
107985300	-15.0771	0.4950
101929771	1.5521	0.4636
105372950	0.4704	0.7472
110806276	0.0000	nan
107985307	2.7637	0.1083
100189378	0.0000	nan
105372956	-0.6496	0.5430
79802	-1.1809	0.2217
9015	-0.6858	0.1597
100506161	0.2829	0.7070
107985318	0.0000	nan
375056	-0.1947	0.5547
64853	0.3620	0.7266
148362	-0.4853	0.4549
400823	1.7336	0.1761
105372984	0.0000	nan
84976	-0.3546	0.3211
102724046	0.0000	nan
107985323	-14.6548	0.4950
7100	-0.4913	0.7495
55061	1.0464	0.6147
105373025	-13.7821	0.4950
164127	-12.8385	0.4950
105373034	0.0000	nan
388743	-12.9466	0.4950
105373281	0.3388	0.5676
824	-0.1327	0.8585
105373046	0.1269	0.9392
105373041	-1.2783	0.2284
7159	-0.3675	0.3284
441124	-0.5579	0.1526
100287497	-0.0254	0.9776
105373061	0.0000	nan
105373056	13.6253	0.2722
23219	-0.5227	0.4465
8560	-0.1770	0.8356
101927143	1.3535	0.5475
101927164	-0.3640	0.5487
4931	-0.5948	0.0222
100313769	-19.0621	0.4950
29097	-0.7089	0.0106
80232	-0.1308	0.8927
100616468	19.1765	0.2722
149111	0.2904	0.8522
102723817	-0.1981	0.9186
105373106	-1.6541	0.4996
107985338	-16.1587	0.3862
105373108	0.0000	nan
105373109	-14.5375	0.4950
127602	-0.0647	0.9144
3930	-0.0432	0.9550
105373110	0.0000	nan
55740	-0.2813	0.6810
102723834	-0.0951	0.8894
107985352	-0.9674	0.3867
6726	2.1590	0.3524
2052	-2.3935	0.0483
9725	-2.0290	0.0349
10637	-0.8264	0.4075
29920	-0.6031	0.4007
102466270	-20.4653	0.2192
7044	-2.1061	0.1256
163859	-0.6882	0.2315
3020	1.0171	0.2091
105373113	-0.6089	0.3386
64746	-0.1633	0.7800
107985353	-0.5665	0.0200
101927247	0.0000	nan
83881	0.7196	0.6953
286826	0.7455	0.5988
142	-0.7686	0.1982
105373115	0.0000	nan
105373116	0.0000	nan
375057	-17.2710	0.2259
3707	-1.6669	0.2382
100506443	-13.4798	0.4950
105373117	0.0000	nan
105373119	-16.3204	0.4950
5664	-0.7398	0.5375
107985354	-2.9514	0.2539
56997	-0.3827	0.6588
105379282	-1.5729	0.1478
8476	-1.1900	0.2060
107985463	0.0000	nan
105373122	-1.1417	0.4995
339500	-0.2734	0.7987
401983	0.0000	nan
116841	-0.1568	0.8588
65094	-0.9614	0.1879
105373289	-2.6224	0.1461
339501	0.0000	nan
7483	-1.5943	0.1123
100847072	-19.1390	0.3033
107985355	-1.4540	0.0816
89780	-13.3046	0.4950
100506571	-17.1172	0.0071
375	0.3705	0.1769
100500810	-20.8160	0.0791
79169	-0.4512	0.0181
128308	0.3067	0.7064
2987	0.3410	0.6971
57165	-2.3636	0.0187
574432	-19.9448	0.1493
200205	-0.8053	0.0002
574407	-3.2129	0.1563
84033	-3.1262	0.0867
101927401	-14.6987	0.2219
81559	-0.7051	0.2799
102465444	-19.4825	0.2691
51127	-3.3074	0.1359
8290	-18.3585	0.3065
92815	-0.2508	0.8140
128312	-16.0374	0.2192
100616308	0.0000	nan
149603	-0.1291	0.8901
100129094	-2.5679	0.0246
105373124	-19.5597	0.0631
100169751	0.0000	nan
100169753	0.0000	nan
100169754	0.0000	nan
100169755	0.0000	nan
100169756	0.0000	nan
100169757	0.0000	nan
100169758	0.0000	nan
100169759	0.0000	nan
100169760	0.0000	nan
100169761	0.0000	nan
100169762	0.0000	nan
100169763	0.0000	nan
100169764	0.0000	nan
100169765	0.0000	nan
100169766	0.0000	nan
100169767	0.0000	nan
58480	1.1072	0.0839
574029	0.9709	0.0766
100169768	0.0000	nan
105373143	0.0000	nan
105373158	-13.2280	0.4950
112267873	13.6372	0.2722
102723935	-16.2879	0.0524
105373159	-1.7081	0.0140
5867	-0.6122	0.0020
126731	-0.6063	0.4343
58	-2.0206	0.2689
55746	-0.7415	0.0296
101927478	16.6883	0.2722
23456	-0.0848	0.9206
27097	-0.6185	0.1701
9816	-0.6572	0.0984
105373161	0.0000	nan
107985464	0.0000	nan
105373162	0.0000	nan
101927504	0.0000	nan
105373163	0.0000	nan
101927532	0.0000	nan
2590	-0.7330	0.0316
79605	-0.9838	0.5270
105373164	0.0000	nan
105373165	0.0000	nan
107985357	0.0000	nan
101927553	0.0000	nan
22796	-0.5855	0.0342
107985358	-2.1611	0.0523
183	-1.1675	0.2809
105373166	-16.0007	0.4950
10753	-3.8626	0.2727
107985359	-1.1026	0.5626
84886	-1.0479	0.0437
101927604	-1.2455	0.2678
105373167	-12.7692	0.4950
79573	-0.7902	0.1187
64801	0.3096	0.5965
375061	-1.6570	0.1425
100302132	-2.5511	0.0330
440730	-12.9419	0.2418
149373	0.0000	nan
128061	0.5472	0.1925
8443	-0.2553	0.1318
112268256	-1.4822	0.0987
149371	-0.9089	0.2605
83932	-0.1053	0.8592
107985360	-3.0631	0.0301
54583	-0.7379	0.1695
645339	0.0000	nan
100303453	-0.7908	0.0785
7257	0.0323	0.9661
100287814	0.0000	nan
27185	-0.7620	0.3531
105373170	-14.6990	0.2242
27184	-16.8590	0.0992
104472714	-14.3206	0.4950
105373172	-13.6040	0.3065
105373171	0.7196	0.6953
101929902	0.0000	nan
105373196	0.0000	nan
105373198	-14.9183	0.4950
57568	-2.2310	0.0132
105373199	0.0000	nan
101927683	16.6924	0.2722
107983960	0.0000	nan
54627	-0.3942	0.6729
101927711	2.6923	0.3428
105373201	15.0750	0.2722
107985361	-3.7235	0.0049
84284	-1.0870	0.0238
80003	-0.4991	0.0761
84451	-0.8837	0.5049
3775	-1.9841	0.0112
100616390	0.0000	nan
107985362	-15.2201	0.4492
148641	-12.0970	0.4950
107985363	0.0000	nan
102724100	0.0000	nan
105373206	0.0000	nan
100616380	0.0000	nan
101927765	-0.1729	0.7581
388753	1.4872	0.2994
6894	-0.0250	0.9799
100506795	-1.1570	0.3888
107985465	-19.7983	0.4647
359948	0.5079	0.5177
100302691	-16.7674	0.0290
101927787	0.0000	nan
105373207	-13.5127	0.4950
105373209	0.0000	nan
105373208	15.6690	0.2722
100506810	-0.6105	0.8187
105373210	0.0000	nan
107985364	-12.1844	0.4950
100130249	0.0000	nan
107985365	0.0000	nan
105373211	0.5721	0.7687
101927851	-17.8347	0.1082
107985366	-16.9130	0.2754
731656	-0.8513	0.6351
107985746	-15.9866	0.2255
9804	-0.1959	0.7566
105379283	0.0535	0.9608
677802	0.0394	0.9590
23029	1.2038	0.2700
51742	-0.8146	0.2628
100616224	20.4385	0.2722
9453	-0.4099	0.0809
6905	0.2713	0.5045
148789	-0.3376	0.0395
2786	2.0264	0.3963
1130	-0.9739	0.2016
100302139	0.0000	nan
105373215	0.9108	0.5032
105373212	-0.8044	0.6736
4811	-0.6339	0.4991
7107	-0.0275	0.9454
56605	-1.7019	0.0788
128178	0.1299	0.9171
3964	-0.1962	0.5798
100287902	-1.5730	0.0275
107985367	-0.0259	0.8822
55127	0.0077	0.9866
88	-2.6728	0.2432
4548	-0.2209	0.5338
105373218	-1.5767	0.3889
107985368	0.0000	nan
645745	0.0000	nan
6262	-0.5417	0.7862
100616141	0.0000	nan
100130331	-14.4353	0.1082
57829	0.0000	nan
105373220	0.0000	nan
339535	-0.0948	0.9364
105373222	0.0000	nan
105373223	0.0000	nan
1131	-3.1475	0.2998
105373225	0.0000	nan
100506915	0.0000	nan
100873984	0.0000	nan
105373224	0.0000	nan
645884	0.0000	nan
56776	-0.1539	0.9104
64388	1.2882	0.4126
107985369	-0.3640	0.7972
105373228	-2.2874	0.3129
100506929	-15.6657	0.3066
6000	-1.0160	0.2863
100422856	0.0000	nan
105373230	-0.4411	0.7455
2271	0.2019	0.4980
8564	-2.4191	0.1521
105373233	-0.2653	0.8503
23596	-2.3649	0.1347
1122	-0.3230	0.7555
128025	-4.3693	0.0611
105373231	0.0000	nan
9156	3.8130	0.1850
441925	0.0000	nan
440738	-0.2518	0.8492
200150	-0.7148	0.6613
105373235	0.0000	nan
105373234	0.0000	nan
107985466	0.0000	nan
731275	-0.9133	0.2005
9859	0.0864	0.9281
10806	-0.0685	0.8370
100616343	0.0000	nan
10000	-0.5171	0.4467
105373255	-4.5600	0.0202
339529	-14.8705	0.3066
105373258	0.0000	nan
10472	-1.4278	0.1224
440742	0.0000	nan
112268257	18.1322	0.2722
105373261	0.0000	nan
105373260	0.0000	nan
105373262	-14.5626	0.4950
107985371	1.0433	0.5955
200159	-15.6400	0.0233
159	-0.3772	0.6473
105373264	0.6103	0.6773
257044	-2.1395	0.0258
51029	-0.8051	0.2452
107985372	-15.9705	0.3033
112268258	1.9871	0.3454
116228	1.2164	0.4250
3192	0.8262	0.3346
106635532	-0.2550	0.7757
101928068	-2.5369	0.0543
84288	0.1096	0.8604
107985725	1.9582	0.4299
55083	0.1035	0.9329
111216275	1.7464	0.4641
105373266	14.8996	0.2722
105373265	-0.5797	0.3946
64754	0.4176	0.5607
105373270	-0.6008	0.7390
105373269	-0.1610	0.8913
101928089	-14.2837	0.4950
112268277	-0.0921	0.9484
107985599	2.4594	0.3593
107985726	5.4135	0.2182
255654	0.0000	nan
64216	0.3954	0.4874
163882	-0.2843	0.7242
105373271	-0.0973	0.9553
102724382	-2.0519	0.1583
51097	0.4674	0.1350
107985373	-18.7633	0.0387
149134	-3.6949	0.0030
25909	-0.2139	0.7473
57116	1.2636	0.3469
100533111	0.2767	0.6524
93474	-0.4689	0.4955
79862	-0.3880	0.2372
400812	-1.4241	0.0457
388759	-0.5028	0.6466
7678	0.1203	0.8219
112268259	-2.7999	0.0051
100500849	-2.8667	0.0295
317705	-13.8065	0.4950
105373273	0.0000	nan
84838	-0.1391	0.8415
107985115	-1.5245	0.0597
107985375	-16.3774	0.3862
114548	-15.2867	0.0566
127623	0.0000	nan
441932	0.0000	nan
148823	0.0000	nan
148824	0.0000	nan
81472	-13.7913	0.4950
102724446	0.0000	nan
81470	0.0000	nan
81469	0.0000	nan
441933	0.0000	nan
343169	0.0000	nan
388761	0.0000	nan
343170	0.0000	nan
26188	0.0000	nan
284532	0.0000	nan
391189	0.0000	nan
25893	-1.4274	0.6121
343171	-13.9559	0.4950
343172	0.0000	nan
127608	0.0000	nan
284521	-12.7727	0.4950
391190	0.0000	nan
391191	0.0000	nan
26247	0.0000	nan
81466	0.0000	nan
26246	0.0000	nan
105373275	0.0000	nan
391192	0.0000	nan
388762	0.0000	nan
127059	0.0000	nan
391194	0.0000	nan
127062	-13.9653	0.4950
26245	-16.5968	0.3886
391195	0.0000	nan
127064	0.0000	nan
391196	0.0000	nan
127066	0.0000	nan
127074	-13.8082	0.4950
254879	0.0000	nan
26696	0.0000	nan
81458	0.0000	nan
401992	0.0000	nan
105373279	0.0000	nan
343173	0.0000	nan
105373277	0.0000	nan
401993	0.0000	nan
391211	0.0000	nan
343563	0.0000	nan
127068	0.0000	nan
127069	0.0000	nan
127077	0.0000	nan
403244	0.0000	nan
403239	0.0000	nan
401994	0.0000	nan
101928226	0.0000	nan
646627	0.0000	nan
107985747	0.0000	nan
80851	-0.7112	0.1669
100422879	-21.0691	0.3552
79894	-0.1033	0.8921
55657	-1.6064	0.0109
267002	-0.2438	0.5286
100189199	0.0000	nan
100189409	0.0000	nan
107987362	-15.2468	0.2192
105379854	-18.1560	0.2761
105379521	0.1509	0.9233
101060632	-15.2150	0.4950
107987363	0.3885	0.8607
102724250	-0.6843	0.1897
107987364	-0.5216	0.6532
105379523	-12.5764	0.4950
107987365	-0.2047	0.4139
107987366	-0.4097	0.5551
102724562	-2.4098	0.3150
105379524	0.9507	0.1395
107987367	19.3762	0.2722
440570	-12.5518	0.4950
107987368	0.0000	nan
642273	13.3706	0.2722
105373324	0.0000	nan
26751	-1.0300	0.0326
52	-0.0639	0.8680
285016	-17.0298	0.3266
101927262	2.9276	0.3322
105373346	-15.0285	0.2821
105373350	16.1347	0.2722
105373351	0.0000	nan
727944	0.0000	nan
100996637	0.0000	nan
101927362	0.0000	nan
105373352	-12.7315	0.4950
129787	0.7654	0.0889
105373354	1.3891	0.3039
105373479	-17.4090	0.0502
105373358	-15.9598	0.4950
105373480	4.7238	0.0165
105373392	0.0000	nan
339822	0.0000	nan
101060385	0.0000	nan
105373481	0.0000	nan
101060391	-17.9941	0.3366
54221	-14.0622	0.2729
105373359	0.0000	nan
7173	-12.9008	0.4950
102723730	-12.9684	0.4950
7837	-1.0309	0.1227
23040	-1.2897	0.4402
107985838	0.0000	nan
730811	0.0000	nan
105373389	0.0000	nan
107985839	0.0000	nan
105373390	0.0000	nan
101927554	0.0000	nan
107985840	-14.2489	0.2241
7260	-0.0016	0.9981
51112	-0.9952	0.1231
55256	-0.4339	0.3782
246243	-0.3466	0.3447
100506054	-0.4765	0.2303
6201	0.5805	0.5306
78989	0.2088	0.9104
55821	-11.1670	0.4950
105373393	0.0000	nan
728597	0.0000	nan
100505964	0.0000	nan
105373394	0.0000	nan
105373395	0.0000	nan
105373397	0.0000	nan
107985841	0.0000	nan
727982	0.0000	nan
105373398	0.0000	nan
105373399	14.8216	0.2722
107985842	0.0000	nan
107985843	0.0000	nan
102723818	0.0000	nan
6664	2.3805	0.2459
112268411	-15.1740	0.4950
105373400	0.0000	nan
150622	-1.9477	0.6101
102465693	0.0000	nan
400940	14.9465	0.0004
105373401	0.0000	nan
101929390	0.0000	nan
105373402	0.0000	nan
107985844	0.0000	nan
107985845	0.0000	nan
102800315	0.0000	nan
102800314	0.0000	nan
102466235	0.0000	nan
400941	0.0000	nan
105373404	0.0000	nan
104326052	0.0000	nan
129607	3.2809	0.2706
91543	5.9533	0.2731
386597	-1.2144	0.4766
9781	-1.2812	0.2482
101929452	17.5007	0.2722
107985847	-14.5029	0.2128
105373406	0.0000	nan
100506274	-15.0013	0.2192
105373407	-17.3186	0.2192
101929510	-1.1706	0.3489
107985848	-1.6926	0.0026
101929531	-16.3001	0.3366
105373408	2.7104	0.3521
101929861	0.0000	nan
105373409	-15.9013	0.4950
101929551	15.7032	0.2722
339788	3.7455	0.3059
339789	-0.2537	0.9176
101929567	-2.4492	0.0189
105373411	-4.1422	0.2772
100506299	-1.5784	0.0865
3398	-0.2068	0.7938
107985849	-15.0882	0.4950
57498	-0.9048	0.0214
129642	-0.7667	0.4321
105373414	-13.1550	0.4950
105373416	4.3311	0.2935
105373415	-16.2131	0.3066
105373417	-15.8053	0.3065
100506317	0.0154	0.9896
8853	-0.9993	0.2765
107985851	0.4442	0.6375
9270	-0.5342	0.3557
51692	0.6083	0.1207
285148	-0.2689	0.1186
6868	-0.5353	0.2543
107985850	-18.5177	0.2418
101929643	0.3887	0.7980
10971	1.7248	0.3569
105373418	-18.4607	0.1235
105373419	14.9090	0.2722
100996549	-15.2077	0.2276
105373421	-14.4145	0.4950
9014	-0.3525	0.4764
105373422	-0.5682	0.6224
29841	-1.8218	0.2642
107985852	0.0000	nan
112268412	-1.0231	0.2309
101929882	-3.2110	0.0173
8462	-1.3523	0.0281
192668	-2.6055	0.0552
6241	4.2889	0.2428
100422929	20.7282	0.2722
105373424	4.5084	0.2182
101929691	-0.0074	0.9928
3241	-1.1192	0.0367
4953	1.7596	0.1973
100302743	-17.7877	0.4950
101929715	-3.4764	0.0648
105373426	0.0000	nan
79954	0.2170	0.5418
106479524	1.5136	0.0847
245973	1.3280	0.3749
105373428	-0.3403	0.2689
10130	0.2834	0.4589
101929733	0.0000	nan
3754	-12.7130	0.4950
285150	0.0000	nan
130813	1.0561	0.4582
130814	-0.3629	0.4116
9475	-0.2762	0.7773
100874055	2.3539	0.3819
105373429	-0.9189	0.3833
1876	-0.9689	0.0412
9687	1.9698	0.3479
100616469	0.0000	nan
23620	0.0000	nan
23175	-1.4718	0.1893
100506405	0.0000	nan
101929752	0.0000	nan
100422862	0.0000	nan
105373430	-5.1118	0.2382
100422996	-19.1206	0.4950
100506457	-16.2459	0.2821
105373433	17.5720	0.2722
105373432	0.0000	nan
100500884	0.0000	nan
105373431	0.0000	nan
107985853	-12.4017	0.4950
28951	-2.4985	0.1145
100422986	-20.5950	0.1890
100506474	-18.9062	0.4547
105373436	0.0000	nan
105373484	0.0000	nan
105373437	0.0000	nan
105373485	0.0000	nan
105373438	0.0000	nan
107985854	0.0000	nan
100499171	0.0000	nan
151354	-1.9697	0.0668
51594	-0.0482	0.9234
105373440	2.5864	0.0624
1653	0.0531	0.9030
101926966	16.6814	0.2722
103752554	0.0000	nan
10408	17.1571	0.2722
4613	0.0000	nan
104797537	0.0000	nan
105373443	0.0000	nan
107985855	0.0000	nan
105373444	0.0000	nan
81553	-3.1456	0.1927
107985806	0.0000	nan
105373447	0.0000	nan
105373448	0.0000	nan
729475	-13.7948	0.3886
7447	-1.0358	0.5506
79677	-0.1976	0.7916
348654	0.9785	0.5454
105373449	2.4188	0.1648
343930	0.0000	nan
112267888	17.7096	0.2722
3790	-1.7022	0.2775
105373451	-11.0279	0.4950
105373454	-2.9702	0.3253
100526794	-0.8897	0.0267
57665	-0.7220	0.0976
105373456	-0.6181	0.6013
93034	-0.9927	0.0926
400945	-0.0194	0.9847
105373455	1.2098	0.1251
100616307	-19.4164	0.3065
130497	-1.7343	0.1442
101928196	0.0000	nan
105373458	-15.0782	0.3587
105373460	1.7454	0.4642
105373459	-15.1958	0.1062
105373461	0.0000	nan
400946	-4.8530	0.0277
130502	0.1523	0.8805
57539	-0.4179	0.5865
101928222	-1.9233	0.2311
4148	-0.0375	0.9784
9741	0.6822	0.5881
105373463	-2.9293	0.0165
107985807	0.0000	nan
6382	-0.1977	0.8569
23369	-0.5125	0.5533
105373465	-14.1748	0.3066
388	0.6241	0.3315
107985856	0.0000	nan
102724948	0.0000	nan
64342	-0.5381	0.5043
100874343	-19.1940	0.0000
105373466	0.0000	nan
151449	-0.4953	0.4150
60526	-0.6552	0.0323
101928271	0.0000	nan
338	0.0000	nan
100129278	0.0000	nan
105374317	-12.8989	0.4950
105374318	0.0000	nan
100507562	0.0000	nan
107984020	0.0000	nan
101929230	0.0000	nan
645949	0.0000	nan
105374320	0.0000	nan
105374322	0.0000	nan
102723362	0.0000	nan
107985857	0.0000	nan
101929251	-14.5408	0.1082
107985792	0.0000	nan
107985859	0.0000	nan
107985858	0.0000	nan
102723389	0.0000	nan
105374323	-16.7125	0.0511
114818	-2.4788	0.1591
105374325	-1.0472	0.5238
102723401	-13.7186	0.3032
54454	-1.5013	0.0776
165324	-0.5885	0.1657
388931	-0.6418	0.1870
80304	-0.0643	0.8559
2281	0.7662	0.4455
51639	0.5793	0.0634
375190	-0.3485	0.5027
9540	-0.2831	0.5826
375189	-1.6151	0.0233
105374328	-0.9319	0.5813
653140	0.5180	0.6744
50618	-0.6417	0.4585
105374329	-12.4035	0.4950
8648	-0.8664	0.0281
391356	0.6038	0.3618
105369164	0.8916	0.1938
79172	0.1111	0.6132
109	-1.5813	0.0040
105377626	-19.5724	0.0099
51277	-0.4945	0.4860
729723	-0.9856	0.1187
22979	0.8161	0.6229
5443	1.1905	0.4715
106144568	2.8130	0.3453
1788	-0.4431	0.5142
100302246	0.0000	nan
1838	-0.5346	0.5890
101929272	-0.0968	0.9229
105374332	0.0000	nan
55252	-0.5981	0.4976
3797	-1.2682	0.2055
10890	0.7426	0.5349
105374333	0.4387	0.7488
150946	-0.8422	0.0097
3030	0.7455	0.0543
3032	0.0631	0.7674
105374334	-0.6850	0.1974
165082	-2.7171	0.1070
85465	0.1212	0.9058
92749	1.5624	0.4263
9381	1.9023	0.4151
339778	14.9410	0.2722
130106	0.0000	nan
3777	3.2249	0.2496
54978	0.4629	0.6232
1058	2.6459	0.1642
56896	-13.7353	0.4950
22924	-2.0920	0.0470
100129724	-16.9142	0.2261
54867	-0.4759	0.2476
100874031	0.0000	nan
100189022	0.0000	nan
60509	0.5586	0.0416
100128731	1.0911	0.1057
11117	-1.8006	0.0944
3795	-1.9073	0.1284
10669	-0.1435	0.8553
84696	-0.0893	0.8225
10113	-0.3613	0.3880
339779	-12.8690	0.4950
150921	0.9737	0.6553
8884	-0.5830	0.0258
51374	0.4785	0.5757
790	-0.7884	0.0673
7781	-13.0028	0.2192
285126	13.1762	0.2722
57159	-0.0937	0.9516
7349	0.9024	0.1499
4358	0.5492	0.3636
2976	-0.5071	0.3024
100505624	-1.4544	0.0037
105374363	0.8939	0.5648
8890	-0.0283	0.9637
9784	-0.4932	0.2576
130557	-1.6690	0.0523
5496	0.2757	0.5288
2498	-0.9171	0.2042
29959	0.3090	0.1267
200634	-0.4134	0.5333
26160	-0.5952	0.1776
64838	-1.6238	0.1949
2646	-2.8176	0.2453
84226	-0.5291	0.4366
84450	-0.5199	0.0640
79635	-0.8608	0.0438
11321	-0.2567	0.0807
9913	-0.4782	0.1919
22950	-0.2333	0.2570
100129995	1.4444	0.4817
105374378	1.3511	0.3088
9553	-0.9519	0.0526
64080	0.6772	0.0546
9577	0.0674	0.9091
100302650	-1.1868	0.0820
105374369	2.2571	0.3735
100422965	2.0744	0.3904
100505736	0.0000	nan
100505716	-2.1463	0.1251
105374381	-16.9893	0.4950
105374382	-14.3934	0.1419
105374383	-1.2895	0.4402
403150	-3.3301	0.0274
2355	-1.2559	0.0822
102723530	0.0000	nan
151056	0.0833	0.9349
105374384	0.0000	nan
100505774	-16.8795	0.2372
112267877	-0.5976	0.2306
5500	0.4777	0.6471
245711	0.1195	0.7942
55006	-1.0187	0.0142
23160	0.3580	0.1205
692209	0.0000	nan
26796	0.0000	nan
109617012	0.0000	nan
165186	-14.5392	0.1432
388939	0.0000	nan
105374386	-16.5274	0.3065
79745	-1.6475	0.0145
238	-0.3340	0.5127
101929386	-12.7822	0.4950
105374389	0.0000	nan
101929418	1.8436	0.3179
51646	-1.0419	0.0108
105374414	0.2218	0.8688
109616960	0.8123	0.2488
81606	-0.5310	0.5704
102723594	0.7892	0.5878
285043	-0.0705	0.9670
253558	0.2171	0.8125
92291	-12.8334	0.3293
105374435	-12.8046	0.4950
79623	-1.8269	0.3443
107985861	-13.0225	0.4950
440854	-0.8328	0.4156
30845	-1.9392	0.3924
7498	-2.2157	0.4136
6716	-24.8229	0.4333
107985862	-18.1242	0.4202
107985863	-18.5965	0.3802
105374449	-18.0830	0.4950
51072	-0.2749	0.7466
84661	0.3776	0.5992
6683	-1.1505	0.3381
55676	-0.1708	0.8357
58484	0.1696	0.6336
84272	-0.9194	0.0953
57448	-1.1166	0.2049
693143	-17.3204	0.4950
103752586	-18.3260	0.2405
55622	-0.2107	0.5890
100616219	0.0000	nan
285045	-1.6116	0.2146
105374453	0.0000	nan
4052	0.2495	0.6351
100616136	0.0000	nan
25780	0.2882	0.8219
105374454	1.8847	0.3875
25940	0.7896	0.5644
105374455	-13.2816	0.4950
107985864	0.0000	nan
104355287	0.0000	nan
151325	15.9613	0.2722
105374456	0.0000	nan
106144585	0.0000	nan
105374457	0.0000	nan
105374459	15.7898	0.2722
104355288	0.0000	nan
107985865	0.0000	nan
105374458	0.0000	nan
105374461	0.0000	nan
107985808	0.0000	nan
100616475	0.0000	nan
107985866	0.0000	nan
100288911	0.1657	0.7838
51232	0.2954	0.7614
9637	-0.4300	0.5049
5212	-1.1552	0.3438
6801	0.2158	0.8204
54497	-0.7168	0.2922
253635	-0.2376	0.6625
5610	-0.2488	0.6639
391365	-14.9667	0.4950
100505876	0.6854	0.5706
10153	0.4143	0.5701
55471	-0.1713	0.8139
23683	-0.2573	0.7435
101929542	-0.4595	0.7224
25797	0.4377	0.4609
107985868	1.4194	0.1371
105374464	0.6453	0.4124
10602	0.8175	0.1966
107985870	-16.1910	0.0226
105374465	0.0000	nan
107985869	0.4680	0.7295
101929559	-1.0576	0.1332
151393	-0.0719	0.9037
101410544	-17.9200	0.0370
107985872	-0.4716	0.6032
1545	-0.6791	0.3494
105374466	3.7461	0.3059
285154	-1.5930	0.0581
107985871	1.6556	0.4295
102723739	-1.9706	0.3515
105374467	0.0000	nan
64225	-0.7127	0.2521
105374468	0.0000	nan
100996902	0.0000	nan
101929596	0.0000	nan
92906	-0.0711	0.8902
130589	0.2361	0.6828
6432	0.8340	0.4076
79833	0.3694	0.0056
90957	0.0789	0.8528
105374470	-0.8777	0.4401
729967	-0.2146	0.5546
100271715	-1.4557	0.0627
105374471	-17.1854	0.0331
375196	-0.1624	0.8709
6654	-0.9374	0.2189
344387	-1.8116	0.4038
8491	-0.5876	0.4386
728730	-2.2435	0.0197
130733	-1.4309	0.0995
80745	-1.2101	0.2067
112268436	0.0000	nan
100128590	-0.0974	0.9552
6546	1.8003	0.3399
101929667	-16.1165	0.0028
105374473	-13.7774	0.4950
105374475	-11.5471	0.4950
105374497	0.0000	nan
105374491	-1.6008	0.4481
101929700	-13.8432	0.3886
105374506	-10.3743	0.4950
388942	-17.2865	0.2339
101929723	-0.9062	0.6247
400950	14.3660	0.2722
105374517	1.7104	0.4706
91461	-0.9982	0.5322
105374531	0.0000	nan
102723824	-18.1177	0.1120
27436	-0.4245	0.5825
107985874	3.0327	0.3327
107985873	-1.1433	0.1262
9167	0.1023	0.8857
105374537	0.0000	nan
170850	14.6940	0.2722
57504	-0.5691	0.1103
105374555	-0.0883	0.9491
165140	-16.7412	0.1880
23498	1.6763	0.2095
107985875	-19.9486	0.0052
100189265	-20.3617	0.0028
105374567	-1.8175	0.1067
105374568	-1.0802	0.4195
112268413	-1.9306	0.3211
102723854	-14.1382	0.4950
107985876	-2.4457	0.0979
100506047	-17.4170	0.1890
105374570	-11.7940	0.4950
678	-1.2647	0.1415
100129726	-2.1895	0.1985
63892	-0.5145	0.0077
107985877	0.4951	0.4372
130271	-3.1968	0.2405
728819	-1.9512	0.0518
51626	-1.2527	0.0051
105374571	-18.6774	0.0908
64240	-0.3363	0.4131
64241	-13.2646	0.4950
102725159	0.0000	nan
10128	-0.5712	0.3266
102723904	-2.3393	0.0743
5495	-0.8876	0.1890
6519	-0.4393	0.5932
9581	-0.6592	0.3431
79823	0.2666	0.6651
107985878	-0.1701	0.9062
105374573	0.0000	nan
107985879	0.0000	nan
100506108	-13.6840	0.4950
6496	0.3891	0.8605
10736	-5.2511	0.2952
107985809	0.6386	0.6897
400952	-0.1622	0.9308
105374576	-0.8562	0.5999
105374577	-13.8202	0.2754
55133	-0.4098	0.0632
102724965	-3.3830	0.0474
5581	-1.3846	0.1538
105374580	-16.1431	0.4950
101926974	-1.8249	0.3755
105374581	0.0000	nan
2034	-0.8301	0.2517
105374582	0.0000	nan
101805491	-14.3418	0.4950
388946	0.0000	nan
90423	-0.2489	0.6932
23433	-0.4420	0.4962
100506142	-0.6801	0.3308
5281	-0.6625	0.3360
9419	-0.0285	0.9670
105374584	-2.2481	0.0440
9655	-0.8460	0.2955
388948	-1.3461	0.0668
100134259	0.8378	0.5678
107985880	-0.3607	0.7020
90411	-0.8800	0.1766
57217	-2.0261	0.0197
285051	-0.0388	0.9673
805	2.4213	0.3247
101927043	-2.2372	0.1734
105374588	-17.5836	0.2772
107985882	0.0000	nan
618	6.4323	0.0163
4072	3.5015	0.2824
693144	0.0000	nan
4436	0.6505	0.5318
56660	0.4670	0.7440
644093	0.0000	nan
440864	0.0000	nan
105374589	-16.1733	0.4950
2956	-0.3962	0.0623
80204	-0.7660	0.3190
100506235	-2.8078	0.0074
105374590	-15.4221	0.3876
105374592	0.0000	nan
105374591	0.0000	nan
105374593	0.0000	nan
102724008	0.0000	nan
3344	0.7151	0.6229
129285	-0.4765	0.3251
286749	-1.9791	0.0217
11037	-1.5165	0.0545
11036	-2.6961	0.1483
3973	-14.2107	0.1419
105374594	2.3387	0.3835
2492	-11.9640	0.3065
102465854	19.7788	0.2722
107985810	0.0000	nan
105374595	0.0000	nan
9378	12.4372	0.2722
101927089	18.5858	0.2722
103504737	0.0000	nan
730100	0.0000	nan
105377627	15.9692	0.2722
105374597	0.0000	nan
107985766	0.0000	nan
105374596	0.0000	nan
105374598	0.0000	nan
107985883	0.0000	nan
100616431	0.0000	nan
105369165	0.0000	nan
105374600	18.0964	0.2722
105374601	0.0000	nan
51130	-0.3175	0.3709
100302652	-0.4289	0.1088
494143	1.5090	0.3840
27248	-0.6733	0.1068
112268415	-0.2354	0.8147
100500850	0.3607	0.8034
10936	-0.9469	0.2858
23198	0.0556	0.9370
98	-0.3811	0.3886
105374615	-2.7733	0.0053
388951	-0.1964	0.8825
105374610	-0.9365	0.5223
129852	0.8865	0.6251
102724072	15.4596	0.0079
6711	-0.8278	0.5030
105374640	1.3389	0.5512
56969	3.5432	0.2424
105374653	0.0000	nan
400954	2.6985	0.3318
105374667	-11.8433	0.4950
57142	1.7781	0.3935
105374662	1.5406	0.4460
105374674	-1.6056	0.1983
130162	-1.2373	0.1081
6233	0.0378	0.9576
4528	0.8566	0.0672
344405	0.0775	0.9499
55704	1.0985	0.4737
112942	-0.1198	0.6502
57223	-0.5931	0.4094
107985885	-2.3738	0.0361
87178	-0.3403	0.3265
107985811	0.0000	nan
112268416	-3.1135	0.0120
2202	0.4048	0.7785
105374690	-1.3857	0.6184
104355290	0.0000	nan
406999	0.0000	nan
406998	0.0000	nan
100126319	0.0000	nan
101927165	0.0000	nan
100129434	-0.4585	0.6886
107985795	-20.8274	0.0665
114800	-1.0694	0.3627
101927213	0.0000	nan
107985886	0.0000	nan
105377632	-2.6680	0.0632
101927235	15.2101	0.2722
105374697	-13.0557	0.4950
105377628	-13.9070	0.4950
7444	0.3542	0.6825
105374726	-13.1089	0.4950
107984043	-1.6411	0.1272
55120	-0.3982	0.6500
105374744	0.0000	nan
400955	2.3709	0.3640
101927285	0.0000	nan
105374754	0.0000	nan
106660609	15.5583	0.2722
100616473	0.0000	nan
102724142	0.0000	nan
53335	-2.0540	0.1661
64895	-0.1762	0.8386
400957	0.0000	nan
5966	-0.1621	0.8544
150962	0.1528	0.8728
5194	-0.0954	0.7958
84542	-0.1467	0.8770
105374759	1.6719	0.3509
339803	0.2590	0.7621
339804	-0.1889	0.7603
105374758	1.1929	0.5283
130872	-1.5377	0.0588
9736	-0.9521	0.2417
100124537	22.0206	0.2722
105377633	-1.5164	0.2135
7514	0.0881	0.9343
107985767	-18.7471	0.0097
105374760	0.0000	nan
84140	0.2233	0.4970
10575	0.2378	0.4159
150684	0.4713	0.5050
107985768	0.1490	0.9280
10678	-1.2445	0.1428
100847087	0.0000	nan
105374761	-17.7587	0.3065
105374764	-0.6117	0.0504
200728	0.0703	0.8360
23301	0.0262	0.9739
100132215	0.5188	0.4043
5013	-16.0462	0.2372
100169989	1.7286	0.4316
51057	-0.0495	0.8570
107985769	-15.1610	0.3033
4190	0.0202	0.9357
7360	-0.1663	0.8132
51542	-0.5704	0.5195
57162	-1.0740	0.0476
150992	14.1225	0.2722
100507006	0.0000	nan
105374768	0.0000	nan
105374769	0.0000	nan
102465833	0.0000	nan
100616265	0.0000	nan
105374771	-0.1234	0.9167
29094	-2.0233	0.1956
105374774	0.0000	nan
105374773	-0.7902	0.3470
101927402	0.7287	0.6537
54812	-0.5635	0.1827
100616419	0.0000	nan
105374772	-1.4989	0.2302
339807	-14.0849	0.4950
9792	0.8039	0.5041
105374775	1.5007	0.2334
105374777	-0.0952	0.9401
105374776	-0.0972	0.9553
101927438	-12.9226	0.4950
400958	0.0000	nan
107985888	16.8175	0.2722
107984063	-0.9118	0.4956
6509	0.2107	0.8039
102724233	3.1422	0.2152
23177	-0.7338	0.0534
5861	0.6323	0.5708
10097	0.7256	0.5982
200734	-1.0254	0.1295
105374780	4.5226	0.1694
105374781	-0.5733	0.5588
107985889	-15.4841	0.2691
105369167	0.0000	nan
101927533	0.0000	nan
105369168	-13.6124	0.4950
107985890	0.0000	nan
107985812	0.0000	nan
100616464	0.0000	nan
729348	17.9748	0.2722
730198	-2.5423	0.2872
4211	-0.6009	0.0591
100873998	-1.6541	0.1094
100507073	-3.3392	0.0233
101927577	-14.0918	0.4950
101060019	0.0000	nan
102724321	0.0000	nan
105374785	-10.7668	0.4950
102800447	-17.6939	0.0115
644838	-15.0096	0.1083
101927661	0.0000	nan
54465	-0.6327	0.4539
107985891	1.3536	0.5475
105374786	-13.2091	0.3065
102724373	1.6013	0.4917
101927701	0.0000	nan
10438	-0.4217	0.3575
105374789	-17.7749	0.0094
116143	-0.5446	0.3765
56902	0.2753	0.7461
5534	-0.8855	0.1880
107985892	1.1416	0.5449
25927	0.6346	0.2809
102724389	-2.4589	0.2576
101927723	0.0000	nan
5341	-0.6653	0.5555
554251	-0.2282	0.3472
200558	-0.7451	0.2147
10887	-13.2285	0.4950
9938	-17.1542	0.0601
105374790	0.0000	nan
105374791	0.0000	nan
107985893	0.0000	nan
27302	0.0000	nan
105374792	0.0000	nan
107985894	0.0000	nan
200504	0.0000	nan
56287	5.5583	0.2808
84168	0.6881	0.3979
100423030	0.0000	nan
2673	0.0000	1.0000
27247	0.0843	0.9032
22848	0.6315	0.5171
112268437	-0.1276	0.9061
100124535	0.0000	nan
307	0.0230	0.9577
107985770	-0.2685	0.8498
64395	-0.0699	0.9396
11017	-0.4808	0.1425
4084	-0.3276	0.6071
151516	0.4182	0.7609
400960	-1.1085	0.0273
5093	-0.8973	0.0247
100133985	1.3760	0.4288
54980	-0.0425	0.9070
7072	-0.3193	0.7247
100189231	0.0000	nan
100302268	0.0000	nan
51449	0.3738	0.7804
6637	0.5687	0.0894
84908	0.3900	0.2196
7039	1.6335	0.0880
100874273	0.0000	nan
107985895	0.0000	nan
119	2.6010	0.2303
105374794	0.0000	nan
344018	0.0000	nan
165530	0.0000	nan
50489	14.0006	0.2722
104355141	0.0000	nan
25806	-0.0029	0.9957
525	-3.7839	0.0023
101927750	1.4380	0.4698
105374795	-1.6324	0.1146
79998	-0.2725	0.2995
113419	-0.8467	0.0499
105374796	17.0680	0.2722
79315	0.0000	nan
55577	0.1463	0.4913
84693	-0.4232	0.4433
10199	0.7016	0.2816
400961	0.7563	0.0792
105374797	0.0000	nan
27332	-0.6186	0.2563
8291	-4.5685	0.0001
107985896	16.8509	0.2722
105374798	0.0000	nan
56603	-4.5024	0.1874
23233	-0.4081	0.4237
6697	-0.8268	0.3733
2016	-12.0546	0.2691
94097	-1.4411	0.0083
107985897	-1.0281	0.2704
105374800	0.8844	0.1227
26056	-1.1231	0.0881
344022	-13.9638	0.4950
10322	-0.6041	0.1389
84279	-0.3518	0.5629
10574	0.0207	0.9721
150726	-2.0745	0.0219
1961	-12.7588	0.4950
105374802	0.0000	nan
105374803	0.0000	nan
105374804	0.0000	nan
7840	0.4381	0.3853
100874291	2.7036	0.1775
9027	-15.9625	0.1083
200420	-2.0448	0.2102
112268418	0.7342	0.6840
51471	0.0000	nan
51002	0.0803	0.8191
8446	0.6138	0.2125
388960	0.0000	nan
105374807	-16.9137	0.0078
10617	-0.7226	0.0421
112268419	-0.8885	0.2661
72	-1.9547	0.3339
1716	0.1898	0.5257
100874048	0.5013	0.0164
200424	-1.0206	0.2979
107985898	-19.1550	0.0295
388962	0.6601	0.0092
100507171	0.0762	0.9227
55233	0.1276	0.8676
10797	-0.2932	0.7780
57835	-0.5292	0.5081
1639	-0.0108	0.9892
100189589	-3.4903	0.1598
388963	-0.7234	0.0415
84058	0.5138	0.4095
6242	-1.1877	0.0477
100532735	-0.4860	0.4943
83444	-0.7268	0.2850
23559	-0.4450	0.5185
7841	-0.8461	0.0340
116540	0.3065	0.6936
84865	-1.5019	0.0088
64427	-1.1475	0.0323
85474	0.1432	0.8563
151534	-0.1059	0.7256
84759	0.1504	0.8073
3196	2.4688	0.3712
165545	4.9811	0.1101
550	0.0815	0.8999
27429	-0.1111	0.7839
84695	-0.6822	0.2713
1796	-0.4842	0.5740
130951	-0.6740	0.3971
10505	-1.7306	0.1725
105374808	-0.1966	0.8642
102724497	-3.6645	0.2636
102724482	-15.3084	0.3066
3099	-1.0271	0.0258
102724515	-0.6064	0.5464
105374809	-0.3410	0.2045
101927861	1.1533	0.5479
56655	0.2112	0.0899
6869	1.8984	0.4131
100846995	0.0000	nan
105374811	-0.6123	0.5499
105374812	0.3087	0.8507
107985900	-0.0334	0.9696
105374810	-12.3418	0.4950
84141	-0.4367	0.6593
101927884	-0.8136	0.5598
9801	-0.0122	0.9791
6936	0.0612	0.9489
105374813	-16.7234	0.2192
105374814	0.0000	nan
80059	14.2989	0.2722
105374815	0.0000	nan
101927907	0.0000	nan
101927967	0.0000	nan
101927926	0.0000	nan
105374817	0.0000	nan
100170221	0.0000	nan
105374816	0.0000	nan
101927948	0.0000	nan
105374820	0.0000	nan
105374819	0.0000	nan
105374821	0.0000	nan
105374822	0.0000	nan
130120	0.0000	nan
5968	0.0000	nan
5967	0.0000	nan
5969	0.0000	nan
5068	0.0000	nan
107985902	0.0000	nan
105374823	0.0000	nan
101927987	0.0000	nan
1496	-1.8579	0.5454
100422888	0.0000	nan
102465877	0.0000	nan
107985903	0.0000	nan
347730	-16.1934	0.2276
107985904	14.2827	0.2722
105374824	0.0000	nan
105374827	0.0000	nan
100507201	0.0000	nan
102724542	0.0000	nan
105374828	0.0000	nan
105374829	0.0000	nan
105374831	0.0000	nan
1720	0.0000	nan
105374832	0.0000	nan
105374833	0.0000	nan
105374834	0.0000	nan
101928031	0.0000	nan
107985905	0.0000	nan
388965	0.6801	0.5524
8802	0.4806	0.0302
1768	0.3596	0.5938
107985906	0.0000	nan
129293	0.8435	0.3795
105374837	-0.9683	0.0709
105374836	0.1587	0.8630
9168	0.9841	0.5008
105374838	-1.7548	0.3032
56888	-0.3742	0.2154
100996478	16.9362	0.2722
83439	-1.8143	0.1151
100874334	0.7285	0.6695
102724579	-16.5721	0.4950
105374839	-14.5153	0.3065
100996506	-3.2398	0.0504
10618	-0.6393	0.4241
54884	-0.9367	0.2320
84173	-1.3860	0.0089
822	-0.1070	0.8969
105374841	-0.6249	0.4333
284948	-0.2438	0.7146
100630918	-2.7693	0.0125
4144	-0.0786	0.9331
2677	-0.5981	0.0487
8673	-20.2398	0.0743
10791	-0.7431	0.2867
51255	0.5550	0.6021
129303	-0.5111	0.4520
10713	-0.5051	0.0536
388969	-0.2375	0.6999
6439	-1.6042	0.4204
105374842	0.0000	nan
10578	0.0000	nan
84913	1.1239	0.3978
102466516	-20.4030	0.2729
284950	0.9695	0.4232
8869	-0.1775	0.7015
101928113	-1.2925	0.4301
112268420	-0.3396	0.0549
105374843	-18.4387	0.1694
25885	-0.9488	0.1558
55037	-0.1314	0.7263
692225	-1.2776	0.5216
10989	0.1063	0.7110
100616159	0.0000	nan
51318	0.4110	0.5260
65055	1.7223	0.4371
55818	-1.0696	0.1593
100526767	-0.1560	0.6078
51652	-0.1512	0.6174
105374845	-1.4712	0.1367
7844	-1.3832	0.0097
64795	-0.5935	0.3475
925	0.4581	0.8039
105374846	-11.9781	0.4950
926	-15.1182	0.2742
100286979	-0.0858	0.9339
400966	-0.8780	0.2179
5343	-2.0432	0.0436
285074	-0.3196	0.4869
107985772	-14.7916	0.2192
102724642	0.1975	0.6759
100616370	19.3762	0.2722
107985771	0.0000	nan
105374847	-13.6574	0.4950
107985908	0.4703	0.7375
105374848	0.1111	0.9225
105377635	16.1753	0.2722
101928173	-0.5500	0.4835
112597	0.6715	0.4131
101928152	-0.3285	0.4849
107985909	-1.0560	0.3724
100616499	0.1195	0.9505
101928214	0.2983	0.8257
730268	0.3565	0.1913
5342	-1.7670	0.0301
729857	-0.7560	0.2924
105374851	0.0000	nan
105374852	1.7227	0.4370
51315	-0.2411	0.2738
150572	0.0000	nan
100616447	0.0000	nan
2168	0.0000	nan
101928347	-17.4026	0.2423
55258	-0.1846	0.9037
344167	-14.2115	0.3065
200523	0.0000	nan
101928371	-1.4879	0.0412
9451	-1.7125	0.0253
101928403	-0.9740	0.2755
102724805	-2.3770	0.1048
22934	-1.1397	0.0570
105374853	-13.8638	0.4950
645784	1.1251	0.5337
105374855	0.0000	nan
100616399	0.0000	nan
105374854	0.0000	nan
3514	0.0000	nan
28946	0.0000	nan
28947	0.0000	nan
28948	0.0000	nan
28949	0.0000	nan
28950	0.0000	nan
28908	0.0000	nan
28907	0.0000	nan
28905	0.0000	nan
28929	0.0000	nan
28299	0.0000	nan
28943	0.0000	nan
28915	0.0000	nan
28942	0.0000	nan
28941	0.0000	nan
28928	0.0000	nan
28914	0.0000	nan
28940	0.0000	nan
28939	0.0000	nan
28927	0.0000	nan
28913	0.0000	nan
28938	0.0000	nan
28937	0.0000	nan
28926	0.0000	nan
28925	-15.7792	0.4950
28912	0.0000	nan
28906	0.0000	nan
28936	0.0000	nan
28924	0.0000	nan
28923	0.0000	nan
28911	0.0000	nan
28922	0.0000	nan
28935	0.0000	nan
28921	0.0000	nan
28920	0.0000	nan
107985910	0.0000	nan
28919	0.0000	nan
28910	0.0000	nan
28934	0.0000	nan
28933	0.0000	nan
28909	0.0000	nan
28932	0.0000	nan
28918	0.0000	nan
28931	0.0000	nan
28917	0.0000	nan
28930	0.0000	nan
28916	0.0000	nan
107985911	0.1766	0.6882
101927050	-1.3686	0.1306
105374862	0.0000	nan
28878	0.0000	nan
28893	0.0000	nan
28879	0.0000	nan
28894	0.0000	nan
28880	0.0000	nan
28895	0.0000	nan
28871	0.0000	nan
28896	0.0000	nan
28897	0.0000	nan
28872	0.0000	nan
28881	0.0000	nan
28882	0.0000	nan
28883	0.0000	nan
28898	0.0000	nan
28884	0.0000	nan
28873	0.0000	nan
28885	0.0000	nan
28886	0.0000	nan
28899	0.0000	nan
28870	0.0000	nan
28874	0.0000	nan
28887	0.0000	nan
28888	0.0000	nan
28869	0.0000	nan
28900	0.0000	nan
28901	0.0000	nan
28875	0.0000	nan
28889	0.0000	nan
28902	0.0000	nan
28903	0.0000	nan
28876	0.0000	nan
28890	0.0000	nan
28892	0.0000	nan
28891	0.0000	nan
28904	0.0000	nan
28877	0.0000	nan
101060017	-15.2324	0.3065
101930047	-15.3878	0.2754
101926969	-0.5982	0.2574
654342	-0.0232	0.9620
107985798	-0.7141	0.5328
105374868	-0.6288	0.6907
645367	3.5665	0.2869
440888	0.0000	nan
728034	-0.6770	0.0333
107985915	-5.1469	0.1267
100133920	-12.8542	0.4950
100509620	15.1664	0.1797
107985916	0.0000	nan
90499	-13.9847	0.4950
729171	1.5449	0.4694
442028	-12.1392	0.4950
150483	-12.6493	0.4950
105373487	0.0000	nan
4118	0.0000	nan
105373488	0.0000	nan
64969	0.1601	0.7739
84874	-0.5247	0.4975
7549	0.0603	0.8143
150696	-1.4329	0.1082
30818	-0.1233	0.8736
51011	-0.8107	0.2899
653192	0.0000	nan
107985917	-0.2836	0.8513
129868	17.1989	0.2722
105373490	-2.3921	0.5030
101926959	-15.0120	0.3066
105373492	0.0000	nan
150759	0.0836	0.9485
400986	-0.1234	0.9195
729234	0.0600	0.9302
150763	1.6361	0.1885
105373493	0.0000	nan
105373494	-11.7611	0.4950
151	1.3885	0.5389
431705	-14.1630	0.4950
1844	-1.2704	0.1675
56910	-0.3449	0.5673
285033	-1.6279	0.0319
109623481	0.0000	nan
55654	-0.8767	0.0938
9391	-0.6158	0.0145
23020	-1.0047	0.0059
150771	-0.0848	0.8637
23397	3.0328	0.1798
93082	-15.1991	0.0502
105373496	0.0000	nan
10865	-1.9947	0.1246
55683	-0.9437	0.0231
90342	-1.6324	0.2799
81562	-0.4748	0.1284
26504	-0.9121	0.0364
100422928	0.0000	nan
100506036	0.7202	0.6520
26505	-1.0443	0.0219
200539	-3.1804	0.0192
51239	0.4621	0.0788
54910	-1.5043	0.1223
51252	2.1400	0.3845
101927053	0.0000	nan
151313	-0.4042	0.5187
375248	-0.2218	0.8317
100506076	-0.0630	0.9579
107985920	-0.0264	0.9836
100506123	0.1143	0.9263
57730	-0.1231	0.9128
105373499	0.0000	nan
1329	0.2473	0.8154
10120	-0.3853	0.1254
728537	-2.2161	0.0481
7535	-3.6468	0.0758
23505	-0.0043	0.9968
107985921	-1.3484	0.2891
105373501	15.5008	0.2722
200403	-14.1387	0.4950
1261	0.2178	0.9090
3631	-1.1475	0.0672
493753	-0.8954	0.1376
25972	-0.1006	0.8961
11320	-14.1913	0.2231
107985922	0.0000	nan
101927070	0.0000	nan
343990	0.2410	0.9068
80705	-0.9151	0.1585
150590	-0.3579	0.4419
51601	-0.3197	0.4943
129531	-0.2657	0.1234
51263	0.3970	0.4383
254773	-1.5062	0.4470
129530	-0.5614	0.6117
10190	-0.0032	0.9961
107985923	0.6190	0.6745
9669	0.9135	0.1863
51455	-0.6959	0.1142
3899	-2.4507	0.0522
105373504	2.0471	0.1836
112268421	2.1300	0.3453
150577	0.0000	nan
164832	-14.2770	0.1247
9486	-0.8414	0.0602
129521	0.0000	nan
105373506	0.0000	nan
79031	0.3297	0.2012
105373507	18.3404	0.2722
107985814	-16.7634	0.4502
107985924	-12.2559	0.4950
105375310	-13.2836	0.3862
105373508	0.0000	nan
4862	-1.5635	0.2901
101927142	17.8081	0.2722
6160	0.4769	0.6194
11138	-0.6037	0.3361
105373510	0.9538	0.5586
100506286	-0.9241	0.0934
55571	-0.0962	0.7453
105373511	-0.5504	0.1819
284996	-0.6841	0.0405
692205	-1.7262	0.0911
105373512	0.0000	nan
100847007	0.0000	nan
200407	1.3941	0.4724
731220	-0.1650	0.8857
107985925	18.2286	0.2722
105373514	0.0000	nan
9448	-0.2971	0.1238
100506328	-16.4712	0.3828
7850	0.2993	0.7534
107985926	-0.6110	0.8186
3554	-1.0861	0.1324
8808	-0.2084	0.7943
9173	-1.4661	0.4600
8809	-1.6206	0.4218
8807	-14.0525	0.3052
100616157	0.0000	nan
389015	0.0000	nan
6549	0.0000	nan
84804	-1.8539	0.0102
130827	-0.6348	0.5369
105373518	0.0000	nan
105373519	-15.0688	0.4950
105373520	0.0000	nan
107985927	0.0000	nan
107985928	0.0000	nan
105373521	0.0000	nan
105373523	0.0000	nan
105373522	0.0000	nan
100287010	0.0000	nan
101927331	0.0000	nan
150568	0.0000	nan
101927360	0.0000	nan
105373524	0.0000	nan
105373525	0.0000	nan
105373526	0.0000	nan
101927383	-13.6266	0.4950
284998	-1.4505	0.6193
100506421	-14.8160	0.2229
5455	-1.6618	0.4851
102682016	0.0000	nan
102724691	-15.5313	0.2192
64965	-0.1815	0.7828
101927492	0.9047	0.4803
105373527	15.3976	0.2722
105373984	-15.0462	0.4950
105373528	-13.9392	0.4950
11250	-16.7674	0.1581
9392	-0.3361	0.4414
100506473	-0.0337	0.9564
79074	-0.2290	0.7338
2274	-0.1265	0.7480
105373529	0.0000	nan
105375311	0.0000	nan
285000	0.0000	nan
107985929	0.0000	nan
8440	-0.4055	0.0921
105373530	0.0000	nan
105373531	-13.9398	0.4950
84417	-15.1556	0.4950
80146	-0.9099	0.4062
107985930	-16.5660	0.1082
402096	-1.4567	0.1909
285189	-1.4833	0.1066
653489	-0.2751	0.7277
105373534	15.4594	0.2722
107985931	0.9248	0.4663
927	-14.4075	0.2678
102724744	0.0000	nan
84620	15.0803	0.2356
105373535	0.0000	nan
105373536	0.0000	nan
105373538	0.0000	nan
105373537	0.0000	nan
105373539	0.0000	nan
104326057	16.8870	0.2722
729121	0.0000	nan
285190	-0.1964	0.7709
60482	0.0000	nan
107178918	0.0000	nan
102724774	0.0000	nan
442038	-12.2803	0.4950
6819	-14.8460	0.4950
151234	-13.0028	0.4950
27233	0.0000	nan
9648	-0.5474	0.4354
644903	-2.7632	0.0088
3987	0.3985	0.7121
106182118	0.0717	0.9579
5903	-0.2113	0.7991
165055	0.6038	0.5731
10913	0.0000	nan
100287216	-1.7936	0.0563
344558	-1.0534	0.0483
100422863	0.0000	nan
100423027	0.0000	nan
107985773	-12.3334	0.4950
151011	-0.6443	0.3377
65124	-0.4838	0.4355
105373545	-15.6791	0.4950
107985774	0.0000	nan
100506563	-14.5784	0.4950
84220	-0.4044	0.5643
102724848	1.7250	0.4338
100271835	-0.3232	0.6613
96626	-0.0147	0.9852
105373547	-2.3522	0.3387
440895	2.2304	0.0250
440894	-1.6019	0.0864
112268438	1.3136	0.5040
105373985	-11.7514	0.4950
107985775	0.0000	nan
105373548	0.0000	nan
105373549	-14.1355	0.4950
105373986	0.0000	nan
100422994	0.0000	nan
7851	2.1957	0.1840
100616123	0.0000	nan
4867	-1.2005	0.0236
205251	-0.0638	0.9223
100507334	1.8406	0.0175
100847033	0.0000	nan
105373551	-11.6318	0.4950
107985776	0.0000	nan
105375809	0.0000	nan
151009	-4.9522	0.0183
100288695	-0.1366	0.8482
100288570	2.2712	0.0602
105373552	-0.0054	0.9965
102724875	2.0419	0.4001
729540	-0.3909	0.5771
105373553	-15.5184	0.4950
699	3.4303	0.2225
106635550	0.0000	nan
105373554	0.0000	nan
55289	-2.1384	0.1467
400997	-16.6345	0.1305
10018	-3.2945	0.0913
541471	0.6600	0.0690
101927283	-0.0305	0.9795
100616341	-1.3863	0.6183
105373557	-0.1505	0.8158
105373559	-12.6657	0.4950
107985933	-14.4165	0.4950
64682	-0.0574	0.8918
100616165	19.3762	0.2722
10461	-17.2234	0.2246
84910	-0.0891	0.9425
105373560	-16.1882	0.4950
129804	-0.5953	0.4143
84524	-0.1446	0.6657
376940	-1.1580	0.0259
727851	-0.4271	0.4984
150465	0.1848	0.7521
105373562	-17.9300	0.2729
84172	-0.6439	0.0016
101927330	0.4542	0.4752
84269	0.2305	0.8257
107985934	-1.8571	0.5974
400999	-0.3100	0.7575
6574	-1.1160	0.2831
102724955	0.0000	nan
284958	4.0403	0.1753
150468	3.5449	0.2424
3552	1.0122	0.4592
3553	7.4357	0.2634
105373563	0.0000	nan
27178	0.9025	0.6274
56300	-14.9703	0.4950
27179	0.0000	nan
27177	0.0000	nan
26525	0.0000	nan
84639	0.0000	nan
3557	3.3617	0.0545
23550	-1.5572	0.5100
7849	-3.1472	0.3543
654433	-2.2552	0.2284
105373567	-18.1998	0.3650
101927400	-4.0098	0.3615
107985936	0.0000	nan
150472	0.1503	0.7020
112268422	1.1539	0.0545
200350	-3.6207	0.3884
101927424	-13.9841	0.4950
103344932	-0.1702	0.9061
729468	-0.3493	0.7251
654412	2.3887	0.3786
100302128	18.4775	0.2722
375260	-1.0639	0.1687
84771	-1.2208	0.1067
118433	-0.3786	0.6061
11159	-1.3673	0.0247
112268423	-0.5235	0.4748
80255	-0.7971	0.3232
100616208	-18.5719	0.4950
105373570	-2.8472	0.2528
101060091	-1.9250	0.2310
10096	1.5750	0.3598
440900	1.0002	0.0149
100499194	-0.1071	0.9506
57628	15.4019	0.2722
101927591	0.0000	nan
105373575	0.0000	nan
105373574	0.0000	nan
107985937	0.0000	nan
389023	0.0000	nan
107985938	0.0000	nan
105373572	0.0000	nan
105373576	0.0000	nan
8886	0.6215	0.5070
107985939	-2.2344	0.0134
54520	-0.8762	0.0103
101929908	-17.1635	0.4162
102723413	-12.8793	0.2192
107985940	-16.3522	0.2542
51141	-1.9503	0.0100
100506797	0.8609	0.5220
105373578	15.9499	0.2722
107985815	-14.5921	0.4950
105373579	-15.7269	0.4950
101927709	2.3539	0.3819
2019	-1.9463	0.0182
8685	-2.0423	0.4562
165257	0.0000	nan
107985941	0.0000	nan
55240	-1.3889	0.4227
100874111	-2.5903	0.2393
105373581	-0.8246	0.5469
130355	-0.8255	0.0212
1622	0.0135	0.9809
140738	-1.2901	0.4657
6344	14.0976	0.0252
107105282	0.0000	nan
200373	-15.8183	0.3040
80775	-0.5219	0.3643
101927764	-2.3611	0.1733
5775	-0.5143	0.5859
107985817	0.0000	nan
57669	-1.0907	0.0840
105373582	-1.2318	0.0983
79134	-0.4855	0.1666
105373583	-3.6376	0.0020
5899	0.1003	0.6381
105373584	0.0000	nan
105373989	-21.2371	0.1662
3625	-7.6266	0.1280
84931	-12.8639	0.4950
105373585	-16.0256	0.1308
2736	0.5601	0.4962
105373587	-14.2950	0.4950
105373588	0.0000	nan
29842	4.0038	0.1277
23332	-0.0839	0.9092
107985942	-2.4344	0.1413
100151683	-19.6709	0.3033
254128	1.0643	0.0492
84365	0.8258	0.3482
7247	0.0631	0.9194
105373590	0.0000	nan
101927801	-0.8248	0.6162
105373592	0.4653	0.7519
105373591	0.9611	0.6105
105373593	-11.8248	0.4950
107985943	-14.4764	0.4950
105373594	0.0000	nan
105373595	17.2778	0.2722
105373596	0.0000	nan
107985818	0.0000	nan
107985819	0.0000	nan
107985820	15.3901	0.2722
129684	-11.7584	0.4950
105373598	0.0000	nan
105373597	12.9830	0.2722
105373600	0.0000	nan
105373601	0.0000	nan
105373602	0.0000	nan
2995	0.1183	0.9242
105373603	0.0000	nan
101929926	0.0000	nan
105373604	-13.2587	0.2372
274	0.3294	0.7322
105373605	-17.6190	0.0187
339761	-2.5320	0.4747
2071	-1.1480	0.0030
10746	-0.5956	0.5197
100506922	-1.7564	0.0179
5624	-17.6094	0.3394
100616187	0.0000	nan
105373608	-0.9189	0.2751
55677	-0.1928	0.4350
4648	-5.1385	0.3509
105373609	0.0000	nan
101927834	-20.1752	0.2159
55679	-2.3360	0.1495
2840	-21.3299	0.2161
55339	-0.2676	0.1959
84826	-0.1974	0.6509
5433	-0.1716	0.2830
83607	-1.2016	0.0165
107985944	-0.9871	0.0283
79595	0.0257	0.9591
56886	-0.3341	0.4783
9394	-0.6567	0.4318
105373610	-15.8455	0.0313
105373611	-13.9095	0.2753
101927881	0.0000	nan
151121	14.4468	0.2722
105373612	0.0000	nan
105373613	0.0000	nan
105373614	0.0000	nan
107985945	0.0000	nan
105373615	-14.7154	0.4950
105373616	0.0000	nan
389033	3.6189	0.1000
101927924	0.0000	nan
100131320	-0.9956	0.2661
84084	2.5942	0.3328
440905	-12.6965	0.4950
728378	-1.0814	0.5353
105373617	0.0000	nan
285103	-0.1769	0.8353
91409	-1.4420	0.0853
55627	-0.8373	0.0468
80097	-0.0774	0.8833
112714	0.4669	0.7529
100189418	0.0000	nan
84317	-0.5883	0.1797
92856	0.2562	0.4261
26469	0.5899	0.0336
105373618	-3.7937	0.0179
100216479	-3.3774	0.2567
646802	0.0000	nan
653269	-0.6760	0.5734
653275	0.0000	nan
646743	0.0000	nan
107985778	0.0000	nan
150527	0.0000	nan
55997	0.0000	nan
653781	-1.2326	0.2232
100132708	0.0000	nan
344561	3.5235	0.3125
205147	0.0000	nan
50649	-0.7795	0.0372
130074	-0.8815	0.0574
55041	-0.5753	0.2810
445582	-0.9941	0.2957
112268424	0.0000	nan
440910	0.0000	nan
150786	0.2394	0.7518
112268425	0.0000	nan
389043	0.0000	nan
401010	0.3438	0.6380
653784	-0.2731	0.5713
113457	-0.2310	0.8429
100616378	-21.8493	0.0115
150776	-1.5959	0.0286
90557	-0.6164	0.3359
440915	-13.2607	0.4950
101927994	4.0683	0.2983
29798	-1.6586	0.0121
408029	-0.8648	0.2464
101928067	0.0000	nan
554226	0.0000	nan
100313824	0.0000	nan
105373622	0.0000	nan
646915	-14.8170	0.4202
339742	-15.3868	0.1082
2863	-0.7716	0.5586
113218485	0.0000	nan
116372	-1.1301	0.4783
105373623	-3.7243	0.4365
344148	-3.1352	0.3848
101928185	-14.4717	0.4950
112268439	-1.8195	0.3075
101928161	-18.7305	0.2447
105373627	-1.0684	0.2570
105373628	-15.2683	0.1898
4249	-2.5850	0.3431
100500878	0.0000	nan
81615	0.0000	nan
105373629	0.0000	nan
130013	-0.4685	0.2481
100847069	0.0000	nan
100129961	-1.1049	0.1679
905	-0.5425	0.5205
80122	-13.2459	0.2277
22930	-0.8607	0.0666
109616967	-16.8751	0.4950
84083	-0.5318	0.2131
23518	0.2652	0.7572
406915	0.0000	nan
107985946	-1.8195	0.0082
23190	0.0211	0.9826
3938	-13.4086	0.2276
100507600	0.0000	nan
4175	1.0606	0.3608
1615	-0.0737	0.8697
101928243	-1.6784	0.0734
112268426	0.0000	nan
7852	0.0000	nan
107985947	0.0000	nan
105373633	0.0000	nan
80731	-0.4589	0.7871
105373634	0.0000	nan
101928273	0.0000	nan
3176	-1.6270	0.0307
107985948	-1.0831	0.4363
105373636	0.0000	nan
105373635	0.0000	nan
105373637	0.0053	0.9964
339745	-0.0303	0.9761
11249	-12.4368	0.4950
647012	0.0000	nan
105373639	0.0000	nan
105373640	0.0000	nan
107985821	0.0000	nan
105373643	0.0000	nan
105373641	0.0000	nan
105373644	0.0000	nan
105373645	0.0000	nan
105373647	17.9451	0.2722
107985822	0.0000	nan
53353	-5.0969	0.3039
102465692	0.0000	nan
105373649	0.0000	nan
107985779	4.4752	0.2913
105373648	0.0000	nan
105373651	0.0000	nan
107985823	2.3882	0.3786
105373652	-12.9624	0.4950
8942	-1.7040	0.0978
55843	-11.6338	0.4950
107985949	0.0000	nan
101928361	15.4234	0.2722
105373654	13.2350	0.2722
101928386	0.2144	0.8670
79712	-0.3690	0.3626
9839	-0.6316	0.1680
100303491	-21.0931	0.0299
101928455	0.0000	nan
105373656	-0.9819	0.4992
401014	-2.1111	0.2489
105373663	0.0000	nan
105373662	0.0000	nan
100505498	-0.1183	0.9401
105373664	0.0000	nan
105373665	0.0000	nan
105373666	0.0000	nan
105373667	0.0000	nan
728773	2.1979	0.3752
105373669	0.0000	nan
105373668	0.0000	nan
107985824	-20.1074	0.0484
92	-1.5339	0.0727
5000	-1.1223	0.0811
105373674	0.0000	nan
55777	-0.8247	0.1717
105373673	-17.3598	0.0078
26122	-0.8969	0.0712
101928526	17.1752	0.2722
3800	-3.9054	0.4419
112267889	0.0000	nan
101928553	0.0000	nan
130576	-2.6854	0.2485
105373678	0.0000	nan
105373677	-17.0435	0.3596
105373679	18.4650	0.2722
130574	-2.3303	0.3120
113218495	-19.6270	0.4950
27249	0.8053	0.3964
101929231	-0.5537	0.2967
105373680	15.9293	0.2722
150596	1.8810	0.3094
105373682	-12.5542	0.4950
105373684	0.0000	nan
105373683	-14.7006	0.4950
105373685	0.0000	nan
390	1.2090	0.2483
101929260	-0.8566	0.5998
101929282	-16.1755	0.1083
105373686	-16.4614	0.2192
107985825	0.0000	nan
107985826	0.0000	nan
375287	-1.1164	0.1448
9111	-0.4997	0.5452
107985827	4.8150	0.2870
101929319	0.5625	0.7005
7130	0.8621	0.5787
100616392	-17.5548	0.4950
100616418	-17.5548	0.4950
55183	-0.4127	0.6092
4703	-0.6353	0.1549
101929356	-0.1462	0.8572
26225	0.0778	0.9387
785	-4.1298	0.2583
10254	0.4376	0.6724
105373689	-1.4534	0.2840
105373688	0.0000	nan
114793	-0.7506	0.5367
105373690	0.2214	0.8610
55660	0.1809	0.7738
151188	0.1491	0.8952
105373691	0.0000	nan
107985950	13.7202	0.2722
107985951	-13.4928	0.4950
56475	0.7286	0.6695
114805	-13.5525	0.4950
100144595	0.0000	nan
105373692	0.0000	nan
105373694	0.0000	nan
105373693	0.0000	nan
3760	-12.9575	0.4950
105373696	19.3613	0.2722
107985952	0.0000	nan
105373698	0.0000	nan
105373699	0.0000	nan
105373700	0.0000	nan
107985953	13.2857	0.2722
107985828	0.0000	nan
105373703	0.0000	nan
101929378	-13.0557	0.4950
4929	-0.3005	0.8004
440918	-1.7659	0.0353
100189021	0.0000	nan
100189208	0.0000	nan
2820	0.5475	0.6011
105373707	0.0000	nan
105373708	18.4534	0.2722
107985955	0.0000	nan
105373710	-15.6364	0.4950
105373709	0.0000	nan
11227	-0.5570	0.4949
57471	-2.9285	0.2831
728066	-0.7508	0.3316
105373711	0.0000	nan
9595	-17.3827	0.4059
105373712	-15.7444	0.3066
130399	-1.0070	0.5529
105373713	-16.3061	0.3293
90	-1.1620	0.0098
105373714	-14.6332	0.4950
151531	-15.3697	0.0650
554201	0.7206	0.6410
130940	-0.9245	0.1327
8502	-1.0946	0.0650
105373715	-15.4750	0.2229
107985780	-0.3081	0.8028
100129029	-1.9006	0.0221
92196	0.0000	nan
85461	-1.9341	0.0646
102465535	0.0000	nan
105373716	-0.3368	0.7638
151525	-1.0262	0.1829
29994	-0.8316	0.2375
643072	-0.4765	0.1503
64844	-0.0006	0.9995
100526664	-1.6622	0.0646
9936	-1.4705	0.0639
4065	-2.8559	0.1406
22925	-2.6209	0.0850
105373717	3.2961	0.3207
3694	1.7283	0.4316
100505984	1.2506	0.5292
5937	-0.6504	0.3698
100616364	-0.7957	0.4468
105373718	0.0000	nan
105373719	0.0000	nan
10010	-0.7128	0.1381
101929512	-18.2377	0.2092
100996579	0.0000	nan
10213	0.8600	0.0860
10716	-13.9638	0.2192
105373720	15.7949	0.2722
285116	-0.1660	0.8210
57282	0.0000	nan
105373722	0.0000	nan
1803	0.4768	0.6258
100131604	0.5482	0.6773
101929532	-0.5000	0.4121
2641	0.0000	nan
2191	-1.5217	0.1538
105373724	-18.9182	0.2754
64135	1.5844	0.3454
25801	-0.0560	0.9633
90134	-13.7350	0.3230
101929570	0.0000	nan
105373727	0.0000	nan
107985829	0.0000	nan
105373728	0.0000	nan
55137	-1.5533	0.3436
107985957	1.3134	0.5040
2888	0.9342	0.6441
22837	-1.3586	0.4018
100337591	-16.7983	0.4950
101929633	-17.5003	0.4950
151258	1.1863	0.5917
6328	-3.3528	0.2859
6326	-1.2427	0.5379
80034	-5.7907	0.4571
2591	-4.2012	0.1488
105373730	-0.3147	0.7825
100506124	-2.2942	0.0274
79809	-1.1162	0.0836
100506134	-17.0224	0.0658
102724058	-2.8646	0.0462
6323	-3.8833	0.1583
101929680	-5.2041	0.3193
6335	-4.2211	0.3373
6332	3.5580	0.3114
107985958	0.0000	nan
129446	0.0000	nan
100874011	0.0000	nan
8708	-0.7430	0.5139
105616981	-16.3638	0.4950
27347	-0.7467	0.4386
107985959	1.1646	0.4571
105373733	0.0000	nan
105373734	-16.1286	0.1420
102724081	-2.0674	0.3517
253782	0.1618	0.8915
100616356	0.0000	nan
100861402	-0.3178	0.7427
115677	1.9452	0.3282
57405	3.7822	0.2566
57818	0.0000	nan
8647	4.6213	0.1581
10170	0.0000	nan
4036	1.8236	0.4508
129880	-1.0486	0.0245
10324	-0.4771	0.6419
79675	-1.0653	0.1366
9360	0.4642	0.4364
129881	-0.4170	0.5528
493911	-2.1127	0.0222
100526832	-1.1393	0.0219
151230	0.1421	0.6090
6741	0.6354	0.4807
29081	1.8118	0.3345
109617017	-21.7175	0.0004
130507	-0.2662	0.7788
140469	-2.1768	0.3838
105373735	4.2260	0.2953
101929753	0.0000	nan
100130256	-15.3642	0.3065
101926913	-18.1262	0.1226
440925	0.0000	nan
389058	-15.1530	0.4950
285141	-0.8571	0.3842
2571	-1.0603	0.4796
26003	0.5509	0.5473
9874	-0.9390	0.3439
107983995	0.2823	0.8729
105373737	-16.5986	0.0258
79828	-0.2527	0.7403
80067	-0.6148	0.3845
79901	-1.1651	0.1812
1781	0.8701	0.4148
8604	-0.3392	0.2971
105373739	0.0000	nan
105373740	-0.9900	0.4124
8520	1.3977	0.3951
254042	-1.2352	0.1155
1745	-0.0789	0.9665
1746	1.7446	0.4428
104326193	-14.9660	0.2192
105373741	0.0000	nan
107985960	0.0000	nan
105376738	0.0000	nan
105373742	0.0000	nan
3655	1.4138	0.4778
101929947	-3.3784	0.0481
5163	-1.0344	0.0981
91149	-14.5190	0.3033
11069	-4.1793	0.0764
51776	0.8290	0.5279
339751	-0.8409	0.1426
105373743	0.0000	nan
83879	2.9604	0.3141
105373744	0.0000	nan
107985961	0.0000	nan
105373745	0.0000	nan
6670	-0.4518	0.5013
100128905	0.0303	0.9779
105373746	0.0000	nan
29789	1.2499	0.3284
285084	-4.6487	0.0311
102724194	-18.4181	0.0614
100131390	-2.0502	0.0399
9541	-0.3926	0.2103
79634	-0.2957	0.7145
151556	-1.8321	0.3369
105373748	-2.5901	0.0470
7456	-1.0422	0.2092
440926	1.6858	0.3499
1134	-4.7261	0.4930
105373750	-16.5862	0.1082
1123	-1.1802	0.1978
1386	-0.1225	0.8525
100126350	-18.9450	0.4950
518	0.2065	0.6897
105373752	0.0000	nan
107985962	-12.4770	0.3032
80856	-0.3665	0.6148
107985830	-1.1066	0.5848
344191	-14.5532	0.4950
3239	3.5816	0.3074
3238	-14.3678	0.3066
107985805	4.4035	0.2916
3237	6.4664	0.2766
3236	4.3108	0.2925
3235	-0.7841	0.3298
100129455	-0.4163	0.5844
3234	-0.3636	0.4173
100506783	0.5477	0.3732
401021	-0.0907	0.8465
406903	-1.5298	0.1294
3233	-1.5286	0.0563
3232	-0.8513	0.1406
401022	-1.0240	0.3290
102800310	0.7206	0.6036
3231	-2.3273	0.0381
102465802	-20.9977	0.1890
10651	-0.4974	0.4112
100302142	0.0000	nan
105373754	-1.0797	0.3467
375295	-0.0487	0.9132
102724224	-0.3078	0.5232
105369143	-14.5470	0.4950
101929963	0.8107	0.6199
105373757	0.0000	nan
107985966	0.0000	nan
105373756	0.0000	nan
107985965	0.0000	nan
105373760	-14.2314	0.4950
105373759	-1.8159	0.0846
220988	0.5811	0.6531
100616394	-1.9806	0.0003
4780	-0.6238	0.3276
100422824	0.0000	nan
100130691	-0.4791	0.1663
102465255	-19.7788	0.1082
8540	-0.1599	0.8569
105373762	15.7537	0.2722
150737	-0.8895	0.0084
92104	-0.5751	0.2681
50940	-4.6561	0.4086
105373764	-18.9171	0.3101
129831	-0.5789	0.2479
114880	0.3278	0.4909
101927027	0.5875	0.6529
8575	-0.7646	0.0102
494513	-1.2598	0.1087
51661	-0.1634	0.6302
65977	-0.9035	0.1592
100506866	-0.3853	0.6061
7273	-0.4020	0.7035
101927055	0.0000	nan
285025	-9.6528	0.4950
105373766	0.0000	nan
91404	-0.8900	0.1186
151126	-0.9818	0.5666
101927073	14.5690	0.2722
107985967	0.0000	nan
100302172	0.0000	nan
57703	-0.3683	0.4034
105373767	0.0000	nan
105373768	0.0000	nan
105373769	0.0000	nan
105373770	0.0000	nan
101669767	0.0000	nan
105373771	0.0000	nan
105373772	-16.0779	0.2092
10477	0.6312	0.5504
107985831	17.3743	0.2722
101927156	-14.9079	0.3033
100616213	0.0000	nan
3676	-0.6827	0.4022
375298	-0.1610	0.8630
4760	0.0000	nan
6744	-0.9861	0.2675
151242	1.2052	0.5148
102724288	0.0000	nan
5136	-1.1573	0.4144
101929976	16.6161	0.2722
54431	-0.2483	0.7294
2487	-1.3759	0.3885
10787	0.1228	0.9090
142679	-0.0065	0.9918
129401	-0.1348	0.7306
105373774	2.6312	0.3358
105373775	0.0000	nan
105373777	0.0000	nan
102724340	0.0000	nan
105373776	0.0000	nan
100616305	0.0000	nan
107985968	0.0000	nan
105373779	0.0000	nan
105373780	-14.3102	0.2277
91752	2.5648	0.0939
105373782	0.0000	nan
105373781	0.0000	nan
107985832	0.0000	nan
101927196	-14.9172	0.2691
107985782	-13.0472	0.4950
401024	-0.8900	0.4734
107985781	-0.7487	0.5130
107985783	0.6152	0.4793
101927217	-2.5335	0.0362
105373785	0.6019	0.4891
55854	1.1621	0.3287
107985784	-2.8098	0.0372
3685	-0.9022	0.3552
165215	-0.4829	0.5025
151112	-2.2250	0.2164
105373786	0.8727	0.5866
10203	-0.3563	0.7914
7035	-0.3912	0.6204
105373788	0.0000	nan
104355152	0.0000	nan
51454	-1.3484	0.3491
693146	0.0000	nan
105373790	-14.6282	0.4950
116093	-2.9759	0.2720
105373791	-2.0810	0.2028
1281	-0.0585	0.9322
100302219	-0.1025	0.9506
100616324	-0.1023	0.9507
100500837	-1.8141	0.1838
1290	-1.2986	0.0916
100422908	0.0000	nan
101927252	-2.3237	0.1426
84128	0.4897	0.4763
30061	-3.2556	0.0161
54529	-0.5721	0.1815
110599588	-1.4840	0.0062
105373793	-3.8165	0.0247
150709	-0.4039	0.4133
64172	0.1890	0.7134
101409258	-0.9103	0.3554
94101	-0.1384	0.8678
5378	0.0269	0.9766
105373796	0.6011	0.2592
84281	0.1689	0.8676
105373795	0.0000	nan
2660	1.1348	0.5583
105373794	-15.2713	0.2839
26275	-0.1523	0.7915
3628	-1.3184	0.0210
54842	0.2085	0.8044
105373802	-0.7664	0.4358
100131211	-0.4869	0.2536
105376748	1.7093	0.1138
4664	-0.4803	0.4071
2744	-1.6966	0.2432
6772	0.5319	0.3423
105373805	-0.0689	0.9503
107985785	-17.5872	0.3802
6775	0.1241	0.8796
105373804	-16.7790	0.1082
4430	0.5364	0.4407
107985833	0.0000	nan
64859	0.8186	0.5707
105747689	-0.6905	0.5785
105373811	-15.8214	0.3230
105373812	0.0000	nan
729254	0.0000	nan
8436	-2.0887	0.2997
23671	-2.9169	0.1511
105373813	12.1954	0.2722
101927366	1.7153	0.4411
105376754	-14.8127	0.0502
112268441	0.0000	nan
64002	15.0723	0.2722
107985969	-16.2326	0.4950
105373815	0.0000	nan
101927406	0.0000	nan
105373816	0.0000	nan
105376755	0.0000	nan
101927431	0.0000	nan
105373817	-15.4132	0.4950
105373818	0.0000	nan
57181	-0.3691	0.6989
56171	-1.9576	0.2488
107985972	-0.9339	0.5235
105373819	0.0000	nan
9262	0.8602	0.5104
101927454	-18.8974	0.0268
57520	-0.1293	0.9268
101927482	-16.7754	0.0502
105373822	0.0000	nan
105373821	1.7112	0.4704
105373823	0.0000	nan
284992	0.6375	0.6248
100130452	-16.2263	0.4950
9330	0.0355	0.9449
401027	-1.0004	0.5168
80055	-0.2681	0.8046
91526	-2.1265	0.2527
101927596	16.9837	0.2722
105373826	-12.3874	0.4950
101927547	-17.2098	0.2772
105373824	-14.2545	0.4950
23451	-0.4455	0.5233
80219	0.1196	0.8672
3329	0.4926	0.4427
106635540	1.4611	0.3742
100529241	0.2718	0.6677
3336	1.2668	0.3148
25843	-0.0181	0.9840
130132	-1.0624	0.2223
92935	-0.3637	0.6097
66037	0.0000	nan
105373828	13.4552	0.2722
5334	-0.9534	0.2300
101927619	0.0000	nan
105373831	0.0000	nan
105373830	0.0000	nan
23314	0.0514	0.9631
150538	-15.8218	0.1890
101927641	0.0000	nan
348751	0.2722	0.7818
101927687	2.2146	0.3807
205327	0.2064	0.8619
129450	-0.3356	0.5544
79568	-0.3628	0.2155
105373833	0.0000	nan
26010	0.3073	0.3823
107985786	-15.9385	0.4950
101927741	-0.1789	0.8150
130535	-0.4150	0.1041
151246	2.1224	0.3691
316	-1.6624	0.0114
107161151	-15.8970	0.3163
100507140	-14.6921	0.3033
101927795	-1.8519	0.0039
9689	0.1528	0.8626
1195	-1.7032	0.0163
53938	0.2620	0.6436
60491	-0.4307	0.4505
4999	-0.3483	0.6547
105373835	-1.4303	0.1426
285172	0.2067	0.8411
4709	-0.0851	0.7027
105373836	-0.1497	0.9065
8837	-0.6956	0.1851
65072	-0.6730	0.0628
843	-0.6283	0.2712
841	-0.2027	0.3793
130540	0.7981	0.2227
66008	-0.3434	0.4711
55437	-0.4381	0.4620
151254	-0.1739	0.9037
65062	-0.2328	0.6946
58538	0.8327	0.1981
57679	-0.6000	0.3911
65061	-0.7451	0.6938
8324	-1.7600	0.3212
100652824	-1.9728	0.2223
729224	-4.8701	0.1184
7341	0.1345	0.6311
51602	0.8371	0.2626
692110	19.1269	0.2722
109616995	1.7467	0.4640
100113392	18.7788	0.2722
692058	-1.2771	0.3191
107985976	-15.7675	0.3065
659	0.0277	0.9812
150864	-0.4500	0.4311
130026	-0.3964	0.6994
55759	0.2377	0.4690
79800	-0.9723	0.2660
65065	-0.0225	0.9772
57404	0.1722	0.6204
10152	-0.7073	0.5201
65059	-1.2357	0.5084
940	-2.9341	0.2535
1493	-16.2342	0.0658
101927840	-14.8598	0.4950
29851	-12.5145	0.4950
105373845	0.0000	nan
117583	-1.6861	0.0429
8828	-1.9257	0.3289
105373847	-16.1635	0.4950
54891	-0.3869	0.5601
105373848	-0.4596	0.7223
4719	-0.3775	0.3333
100329109	-0.0285	0.9642
1933	1.2645	0.3084
26798	-1.8524	0.3940
619569	-1.1775	0.4250
2825	-0.4701	0.0658
101669764	0.1202	0.9442
57683	-1.0204	0.1867
8745	0.1524	0.8652
200726	0.0000	nan
391475	0.0000	nan
130752	0.6906	0.4958
22868	-0.0026	0.9964
100423002	0.0000	nan
100422993	0.0000	nan
130749	-0.6374	0.3453
8609	-0.3538	0.3979
100423036	-19.4149	0.2192
102465835	0.0000	nan
101927865	-0.1910	0.5077
105373853	0.0690	0.9028
105373852	-14.0311	0.4950
100302130	0.0000	nan
105373851	-1.8875	0.3150
1385	0.1191	0.8885
151194	-0.9580	0.0610
102724714	16.9362	0.2722
151195	-0.1949	0.8719
7855	-0.5273	0.6117
100616361	-1.7588	0.2619
389072	-0.8700	0.1909
105373854	0.6207	0.6738
100507443	0.0000	nan
1421	0.0000	nan
1420	0.0000	nan
1419	-14.1854	0.4950
1418	0.0000	nan
389073	0.0000	nan
3417	-0.3175	0.4660
100507475	-0.1411	0.9302
200576	-0.7318	0.3560
5746	0.0000	nan
105373855	19.1531	0.2722
101927960	0.0000	nan
105373857	0.0000	nan
105373856	0.0000	nan
4133	-0.4001	0.6885
285175	-1.4536	0.5127
6120	0.0098	0.9899
151050	-0.8580	0.1910
101928020	-1.5796	0.0855
112268429	-16.7229	0.0709
107985977	-1.5280	0.1084
33	-1.2533	0.6916
4632	0.0000	nan
102724820	-1.6594	0.1160
10314	0.2517	0.8357
1373	-0.4365	0.5678
29034	-14.0411	0.4950
107985978	18.2746	0.2722
2066	-0.2876	0.8120
100313771	0.0000	nan
107985979	0.0000	nan
102725079	0.0000	nan
100616267	0.0000	nan
100616472	0.0000	nan
102725082	1.7426	0.4177
107985980	-1.2319	0.2989
22807	-0.1470	0.8811
105373863	0.0000	nan
105373864	17.2428	0.2722
107985981	0.7130	0.6060
100130451	-2.8351	0.0549
79582	-1.0100	0.1589
100616375	0.0000	nan
101928084	0.0000	nan
402117	-11.6153	0.4950
100885780	0.0000	nan
580	1.4581	0.3965
101928103	0.6100	0.6379
109617008	0.0000	nan
26154	-0.6244	0.3896
471	0.0448	0.8435
2335	-1.1236	0.4421
112268430	-1.6812	0.2968
105373868	-1.1918	0.2183
102724849	-0.2256	0.9003
102724861	-15.6905	0.2753
646324	-1.0858	0.4614
105373869	-1.8526	0.3793
105373870	16.6800	0.2722
55686	-0.7868	0.3931
55825	1.2132	0.1616
92691	0.0417	0.9733
7520	0.5294	0.1186
150967	-0.7112	0.3412
57574	0.3589	0.7257
107985983	-1.9164	0.3346
107985985	-18.4185	0.0757
107985984	1.7112	0.4705
50485	-0.3105	0.1502
100507554	1.3682	0.0372
6168	0.4093	0.7473
101928156	0.2687	0.8326
101928180	1.0343	0.2168
105373871	-16.0277	0.3862
101928232	0.3536	0.8736
3485	-6.2432	0.3611
3488	-2.1697	0.2384
101928278	-15.3511	0.1244
7141	0.0000	nan
105373876	0.0000	nan
101928327	0.0000	nan
105373874	-10.9991	0.4950
105373873	1.4701	0.2451
105373872	-15.0716	0.4950
105373877	-3.7514	0.1237
729582	-4.4286	0.0766
7145	-0.8216	0.2768
109623482	0.0000	nan
102465485	-0.1069	0.9507
105373878	-2.1800	0.1761
285180	0.0000	nan
3580	0.0000	nan
3579	0.0000	nan
3577	0.0000	nan
101928487	0.7393	0.5429
10109	1.1047	0.1186
100189253	-20.4775	0.2315
151306	-2.9214	0.3216
14	-0.9704	0.1730
25953	-0.0785	0.6767
64114	-0.6956	0.3548
102465256	-3.1751	0.1204
105373881	0.0000	nan
105373880	-19.1012	0.0089
103689911	19.3056	0.2722
102466197	0.0000	nan
375307	-12.7706	0.4950
101928513	-16.3413	0.2691
6556	1.4089	0.1123
58190	-0.8591	0.2872
407017	-17.6084	0.4950
7429	0.5611	0.4483
57695	-0.1017	0.8861
9125	0.4060	0.1333
84812	-1.3269	0.3279
7701	-1.0352	0.1613
617	-0.2182	0.6596
64320	-0.0772	0.9108
27148	-1.8874	0.0060
9654	-0.3760	0.0608
1593	0.4074	0.7432
107985986	-18.8942	0.1968
53632	-17.1651	0.0034
103504730	0.0000	nan
7475	-14.4649	0.4950
80326	0.0000	nan
107984111	0.0000	nan
105373882	0.0000	nan
101928537	0.0000	nan
8941	-12.5936	0.4950
151300	0.0000	nan
54738	0.0000	nan
1412	17.2189	0.2722
494324	0.0000	nan
100129175	0.0000	nan
255101	-10.4436	0.4950
107985987	0.0000	nan
3549	-15.7042	0.4202
100422957	0.0000	nan
79840	0.1921	0.5816
151295	-3.6581	0.0103
27013	-0.8440	0.0433
79137	-0.5967	0.3923
130617	0.2393	0.7658
10058	-0.4805	0.5981
79065	-0.1040	0.7366
55139	-1.0776	0.1697
79411	0.0528	0.8556
8576	-0.8267	0.2262
7277	1.4393	0.1890
80086	2.9501	0.3306
3300	-1.2118	0.0851
5798	3.9381	0.0124
406944	0.0000	nan
389075	0.0000	nan
107985835	2.8299	0.3355
105373883	0.7901	0.5580
23549	-0.4450	0.5254
105373884	0.8698	0.6228
1674	1.7261	0.0207
10290	-2.3964	0.0148
105373885	-16.9830	0.4950
100996693	-2.2200	0.0119
29926	0.2512	0.6416
55515	-0.3519	0.8023
79586	-1.7985	0.2144
130612	-1.7604	0.0283
100423039	-20.7301	0.0371
23363	-1.5777	0.0223
3623	-1.6375	0.0479
114790	-0.9746	0.0874
6508	-2.8864	0.0533
105373886	-14.7563	0.4950
105373887	-15.7902	0.4950
105373888	4.7285	0.2874
105373889	0.0000	nan
105373890	0.0000	nan
100422959	0.0000	nan
105373891	-13.4047	0.4950
105373893	16.1772	0.2722
105373894	0.0000	nan
105373895	0.0000	nan
105373896	0.0000	nan
107985989	0.0000	nan
107985988	14.8035	0.2722
107985990	0.0000	nan
2043	-2.1903	0.1131
105373897	0.0000	nan
105373899	0.0000	nan
105373898	0.0000	nan
105373900	0.0000	nan
5077	-2.8408	0.1277
107985991	-19.8585	0.3360
151278	-2.8010	0.0081
440934	-21.1453	0.3391
130367	-0.7342	0.5298
10056	0.8398	0.4103
105373902	-0.3385	0.5889
116255	0.3740	0.8661
105373903	2.0168	0.4216
2181	-0.0634	0.9453
105373904	-18.3177	0.3587
23704	-2.1069	0.2080
105373905	0.0000	nan
105373906	-17.5903	0.4950
105373907	0.0000	nan
7857	-2.9234	0.2477
130340	-2.0650	0.2869
57590	-0.6646	0.3431
65080	0.3774	0.1504
5270	-2.3194	0.3792
105373908	0.0000	nan
79843	17.2185	0.2722
8452	-0.0183	0.9750
105373909	0.0000	nan
105373910	-2.3878	0.5072
105373911	-17.8415	0.3033
55619	0.2248	0.8741
100616207	0.0000	nan
57624	1.5907	0.4938
105373914	-13.1078	0.4950
107985992	-13.8836	0.4950
646736	15.7167	0.2722
105373915	0.0000	nan
100847053	0.0000	nan
3667	-1.7285	0.1058
84236	-0.8491	0.1778
1286	-5.8305	0.4548
1285	-5.7436	0.3859
654841	-5.4323	0.0134
56947	-1.5451	0.1837
79853	-6.1930	0.1613
100847081	-1.3644	0.2146
3267	-0.4409	0.3888
56918	0.0000	nan
729968	0.0000	nan
80704	-1.9218	0.4479
6364	6.2212	0.2775
164781	-17.6433	0.3394
105373918	17.1007	0.2722
80309	-8.2535	0.4948
107985993	-14.9642	0.4950
101928765	-17.5709	0.4202
105373921	0.0000	nan
105373920	18.1994	0.1303
105373919	0.0000	nan
55022	-0.9446	0.2619
92737	4.6185	0.2758
107985994	0.0000	nan
105373923	0.0000	nan
9320	-0.1950	0.7278
130888	-0.4329	0.1522
105373924	0.0000	nan
107985996	-0.6082	0.6076
151473	-0.8087	0.4805
107985995	0.0000	nan
107985997	15.1641	0.2722
3431	0.5705	0.4581
11262	0.0498	0.9267
93349	-0.5319	0.2670
105373925	-0.7152	0.1720
6672	0.0695	0.8636
101928816	-1.5328	0.1097
112268431	0.3738	0.8661
151475	1.9818	0.0372
51719	0.2323	0.8196
81618	-1.5227	0.0777
151484	0.0000	nan
9290	-13.8482	0.2277
348761	0.0000	nan
130560	0.0000	nan
257407	0.0208	0.9872
112268432	-14.9817	0.1237
5707	0.3272	0.1092
3357	-5.0622	0.0556
80210	-0.9168	0.2714
100616317	-20.0407	0.3886
93010	-16.9837	0.1015
4691	0.9228	0.4138
654321	-1.1181	0.2666
6082	-20.1206	0.2192
25826	-0.2630	0.8840
107985998	-0.1643	0.9261
151477	0.7318	0.6453
10316	-15.3437	0.1945
105376787	3.1961	0.3250
165100	0.0000	nan
105373928	-15.4021	0.4950
5757	1.0957	0.0837
100302285	0.2306	0.8228
5147	0.3200	0.2912
64708	-0.5061	0.3090
100302126	0.0000	nan
4880	0.0000	nan
129563	-0.8679	0.1133
693147	0.0000	nan
250	-14.6261	0.2261
347694	-17.5506	0.4567
251	-13.9294	0.4950
107985999	0.3887	0.8607
248	0.0000	nan
9427	-12.3529	0.4950
646960	0.0000	nan
1144	-14.1454	0.2418
1146	-1.9294	0.0577
200765	-0.3996	0.5769
100847037	-21.1363	0.0461
9470	-0.4543	0.1804
105373929	0.0000	nan
80303	-3.3391	0.1596
26058	-0.9777	0.0193
3769	-0.3750	0.7907
389084	-2.2770	0.0386
25791	-1.5610	0.4625
101928881	0.0000	nan
4759	0.0000	nan
3635	-1.6837	0.2279
55054	-0.9211	0.0157
677775	0.0000	nan
677772	-19.0572	0.0092
6295	14.5406	0.2722
8527	-1.9370	0.0030
55230	-0.4416	0.1785
54576	0.0000	nan
54575	0.0000	nan
54600	0.0000	nan
54577	0.0000	nan
54578	0.0000	nan
54579	0.0000	nan
54657	0.0000	nan
54659	0.0000	nan
414061	0.0000	nan
100286922	0.0000	nan
54658	0.0000	nan
339766	14.6754	0.2722
55355	3.0670	0.2493
151507	-0.4627	0.1167
79054	-1.3442	0.3218
6694	-13.3715	0.4950
105373932	0.0000	nan
105373933	3.8855	0.3004
105373934	2.3710	0.3640
10123	-0.5932	0.4755
105373936	14.5610	0.2722
106144537	3.5355	0.3094
101927896	-0.2243	0.8854
105373937	0.0000	nan
105373938	1.0760	0.5652
23677	-0.0220	0.9611
105373939	-15.6288	0.4950
105373940	0.0000	nan
105373941	0.0000	nan
116987	-1.0486	0.0155
100506749	-0.1642	0.8934
27321	2.3710	0.3640
105373943	0.1609	0.9436
107986000	0.0000	nan
105373942	-0.6149	0.6440
105373944	-15.1196	0.4950
2637	17.7257	0.2722
401036	0.0000	nan
79781	-1.7931	0.2407
105373945	-18.4120	0.1379
57007	-1.3511	0.1807
105373991	-3.3407	0.0008
107986001	0.0000	nan
105373946	0.0000	nan
105373947	0.0000	nan
105373948	-15.9260	0.0028
105373949	-20.0637	0.0928
107986002	-19.4676	0.2448
105373951	-3.8421	0.0279
93463	0.4099	0.8021
105373950	-1.4482	0.2695
10920	-0.3913	0.5251
105373952	-17.6101	0.0268
105373953	-0.5938	0.2470
105373954	0.1716	0.9158
1293	-0.6838	0.0894
105373957	-0.9846	0.2966
79083	0.4191	0.7095
102465486	0.0000	nan
51052	0.0000	nan
64284	-1.5320	0.4945
105373958	-18.8776	0.3241
9208	0.8871	0.4670
375316	-0.7598	0.4791
10267	-2.0026	0.4773
105373960	-15.5365	0.3886
100533179	-0.5443	0.4867
140739	-0.5435	0.3193
51540	-0.2902	0.7477
339768	1.0497	0.4957
377007	0.3870	0.7298
151176	-0.8117	0.5497
80895	-0.9452	0.0891
151174	-2.6697	0.2789
643387	1.5077	0.4219
55502	-2.9885	0.0115
8864	-0.1997	0.8079
112268433	0.0000	nan
105373961	0.0000	nan
26146	-0.3668	0.3947
51665	-0.8989	0.0109
107986003	-0.8491	0.1166
151171	0.3088	0.8240
112268434	-2.8731	0.0915
105373963	-17.0465	0.2277
105373962	-0.8972	0.4754
100287387	-1.3912	0.0210
117581	-0.0469	0.8040
401039	-1.5268	0.1705
9759	-2.0305	0.0079
100616397	-17.2254	0.4950
100616493	-20.5685	0.4950
85009	-13.8032	0.2192
100423043	-17.4828	0.4950
100616360	0.0000	nan
101928111	0.7489	0.2062
401040	-12.0273	0.4950
105373966	0.0000	nan
150935	0.0000	nan
4705	-0.0840	0.8428
100616417	2.7110	0.3521
389090	16.7113	0.2722
150681	14.7258	0.2722
150678	-0.3241	0.5594
150677	0.0000	nan
107985836	0.0000	nan
105373968	0.0000	nan
102723825	-5.5260	0.0584
2817	-2.8971	0.1020
100130449	-18.3920	0.1994
406941	-17.3644	0.4950
51281	-1.3502	0.0101
285193	-0.6120	0.4240
57140	-2.1965	0.0093
101752400	-1.3439	0.1003
11132	-1.6680	0.0351
2859	-2.5964	0.0132
653437	0.0000	nan
285191	0.0000	nan
375318	0.0000	nan
547	-12.0262	0.4950
189	14.3121	0.2722
79919	0.0000	nan
728763	-3.3157	0.4170
112268440	-16.7366	0.2691
200772	-15.6983	0.3230
25992	-2.5823	0.1699
107985787	-16.2946	0.1169
105373970	-0.5133	0.6762
130916	-1.3779	0.1074
23178	-1.5593	0.1221
5510	-0.1329	0.5948
105373971	-15.5245	0.4950
50636	-0.2128	0.8081
105376810	0.6715	0.4508
3069	0.2277	0.6539
101927509	-1.4259	0.0085
4735	1.5475	0.3369
9855	-1.2447	0.0067
105373973	3.9944	0.1820
100422942	0.0000	nan
10494	-0.3780	0.4937
107985788	-0.6083	0.6075
100379249	-1.1954	0.1383
105373974	-20.3684	0.0078
666	-0.5207	0.5587
105373975	-1.9979	0.0002
51078	0.1043	0.9134
23192	-1.0338	0.1451
1841	0.9265	0.0047
84289	-1.1580	0.0006
728294	-2.3785	0.0070
105373976	-2.7023	0.0234
64090	-16.9634	0.3886
129807	0.0000	nan
107986004	14.5047	0.2722
5133	-12.7706	0.4950
105373977	0.0000	nan
285093	0.0000	nan
105373978	0.0000	nan
101927289	-18.5687	0.1555
285095	-16.1502	0.3033
102723927	-1.3780	0.2870
285097	-13.2182	0.2753
105373980	-12.8332	0.2192
105373979	0.0000	nan
728323	-0.7971	0.0092
102723448	0.0000	nan
105376921	14.8300	0.2722
107986040	0.0000	nan
107986057	15.5994	0.2722
101927174	-14.3363	0.4950
10752	-14.1533	0.3565
101927193	16.3988	0.2722
105376922	-0.6157	0.7842
101927215	3.7984	0.3045
107986058	-0.6748	0.5433
107986059	0.0000	nan
27255	-14.6495	0.1603
105376924	14.2123	0.2722
105376923	11.0664	0.2722
152330	0.2999	0.8890
100873976	0.0000	nan
105376926	0.0000	nan
100873975	1.7110	0.4705
3568	0.0000	nan
51095	-0.7308	0.2504
51185	-0.9682	0.0842
100130207	1.7756	0.4257
57633	-14.1562	0.2678
107986007	-15.7507	0.4950
102723512	-10.8429	0.4950
285362	-1.3305	0.0097
6419	-0.8130	0.1391
107986008	-16.6144	0.0524
100996539	0.6540	0.4064
3708	-0.1833	0.7273
105376933	-13.4891	0.4950
100126791	0.0000	nan
100507582	-3.2372	0.0698
8553	-0.2109	0.7349
105376934	-2.0929	0.3771
55207	-0.4032	0.5884
9695	-1.1440	0.0467
100616334	0.0000	nan
105376936	0.0000	nan
105376939	0.0000	nan
105376938	0.0000	nan
105376940	-14.7713	0.4950
105376941	16.6154	0.2722
102723596	0.0000	nan
105376942	16.6453	0.2722
101927347	0.0000	nan
105376944	0.0000	nan
105376943	0.0000	nan
105376945	0.0000	nan
2917	0.3885	0.8606
105376946	0.0000	nan
100873937	0.0000	nan
101927394	-15.1703	0.2423
100288428	-1.7404	0.0794
107986010	-14.1098	0.1419
29995	-1.3385	0.1132
29931	-2.1335	0.0033
107986009	-18.6942	0.0034
51066	-14.8306	0.0297
859	0.2148	0.9033
5021	1.4845	0.4417
107986061	-11.1340	0.4950
107984112	-0.1442	0.8996
56852	0.6364	0.6063
9901	0.2993	0.7904
101927416	0.0000	nan
100288831	0.0000	nan
101927440	2.9586	0.3367
25917	0.1288	0.8457
440944	-0.2382	0.7970
55209	-0.5511	0.2751
375323	0.9742	0.6551
105376949	20.3778	0.2722
64419	0.5875	0.2782
151835	-15.3883	0.0138
7862	-1.0233	0.0079
4968	-0.2358	0.6576
8536	-0.1166	0.8784
10474	-0.3831	0.5908
10093	0.4501	0.4248
100526693	-0.4804	0.0938
26140	-1.0897	0.1395
285367	0.3354	0.2406
63924	0.8969	0.6004
84522	-0.3237	0.3610
132014	-0.2811	0.8539
84818	-0.2598	0.7315
78987	-3.0782	0.1883
285368	-2.3987	0.2191
100874032	0.4870	0.4791
55831	-0.1991	0.7318
442075	-1.2243	0.2597
152302	0.1123	0.9040
2177	1.9626	0.2576
115795	1.4131	0.4149
55845	0.4855	0.2219
7428	-0.5263	0.2618
3656	-0.7620	0.5282
9797	-1.5067	0.0199
113219470	-1.0812	0.1258
100126793	-0.5087	0.3389
84657	-0.1211	0.8951
51738	-0.3302	0.6359
6396	-0.1777	0.7193
491	2.3530	0.3820
100422933	0.0000	nan
100126334	0.0000	nan
100874325	0.0000	nan
285370	0.0000	nan
6538	0.3883	0.8607
105376950	0.0000	nan
6529	0.0000	nan
100874090	0.0000	nan
101927467	0.0000	nan
3269	-0.9488	0.0870
105376951	-1.5548	0.3804
102723663	-0.5492	0.7113
10533	-0.5148	0.1878
9686	-1.4353	0.0423
105376952	-0.9371	0.3392
132001	-0.3252	0.3840
6854	1.9187	0.0948
7079	0.6872	0.5670
5468	-0.3734	0.6236
80746	-0.2582	0.2451
100129480	-0.4315	0.2354
23609	-0.1657	0.4398
5894	-0.4846	0.0121
55287	1.7305	0.1963
23066	-2.1947	0.1200
6161	0.9762	0.5257
619563	0.6910	0.5856
105376956	4.0674	0.2984
105376955	0.0000	nan
9922	-1.6793	0.0618
112267878	-11.5716	0.4950
23225	-16.3776	0.3983
100874101	0.0000	nan
79885	-1.2135	0.0897
2199	-1.5576	0.1334
106635526	-0.1070	0.9506
100293612	0.0000	nan
285375	-13.8830	0.4950
7476	0.0000	nan
105376957	0.8279	0.6109
100132526	0.9562	0.5945
348825	-15.7093	0.2476
112268445	16.0568	0.2054
131474	-0.1131	0.8375
79188	-0.0770	0.8672
7508	-1.5744	0.1840
107986063	-3.0891	0.0280
27258	0.9709	0.1407
105376958	-14.9878	0.2691
101927565	0.0000	nan
105376959	-18.4316	0.0571
6533	-2.9088	0.0907
80852	-2.3411	0.1419
105376960	14.2678	0.2722
51244	-0.3737	0.2500
84077	0.1716	0.8897
152274	0.0000	nan
152273	-4.3008	0.0775
105376963	-21.0528	0.0136
100505641	-0.5713	0.1434
7182	-0.8484	0.2667
64432	-1.0223	0.0439
64145	-0.1833	0.7420
344875	-14.3250	0.4950
23473	-0.8543	0.2245
100505696	-0.3649	0.5470
9467	-0.3547	0.3789
131965	-0.7984	0.0194
85403	0.2333	0.5204
8292	-2.3583	0.0218
100422868	0.0000	nan
105376964	-12.0926	0.4950
26061	-0.6809	0.1256
686	-1.3818	0.0887
23243	-0.7388	0.2275
100422990	-17.6658	0.4950
101927647	0.3610	0.7684
693148	-0.1074	0.9504
107986064	0.2164	0.8601
117248	-0.7094	0.5880
285381	0.1486	0.8221
92106	-0.7052	0.0096
107986065	1.7864	0.1907
23180	-1.1432	0.0005
100996597	16.8119	0.2722
1618	0.4572	0.8355
105377641	0.0000	nan
23228	-1.3660	0.2012
105376972	-2.5798	0.2921
100500913	0.0000	nan
9779	-0.5555	0.1125
105376975	0.0000	nan
339862	-17.0659	0.4950
6304	-1.6649	0.0089
101927777	-16.9691	0.2729
105376976	0.0000	nan
105376978	15.9848	0.2722
107986066	0.0000	nan
105376981	15.8000	0.2722
131096	-16.9211	0.2678
100616291	0.0000	nan
105376982	-20.4803	0.2237
105376984	0.0000	nan
151651	-1.2601	0.0023
5868	-0.2540	0.6918
151649	-1.3807	0.0704
8850	-1.4612	0.2677
100422901	0.0000	nan
151648	3.5794	0.2966
100874028	3.5171	0.2517
107986067	-12.8146	0.4950
101927829	0.0000	nan
107986068	3.5587	0.3114
105376987	-13.6604	0.4950
105376988	-14.9879	0.4950
391518	0.0000	nan
79750	-0.9501	0.3820
100874216	0.0000	nan
100874221	0.0000	nan
100505877	0.0000	nan
7325	-0.4788	0.1429
105376991	-18.5021	0.3427
107986069	-2.1438	0.1704
105376993	-1.4633	0.3469
100874092	0.8758	0.5148
7324	-0.0004	0.9994
28512	-0.2010	0.7771
6138	0.4866	0.3682
9975	-0.2021	0.8324
152024	-17.1521	0.1635
7068	-1.2340	0.0675
101927854	-16.8476	0.2372
644990	-4.6464	0.0041
107986011	0.2281	0.8850
107986070	-15.1237	0.4950
5915	-0.3554	0.7851
105376998	13.0095	0.2722
105376997	0.0000	nan
7155	0.4066	0.6147
100616477	-2.1590	0.0368
55768	-0.2495	0.4568
54995	-0.7998	0.1388
105377000	16.8423	0.2722
285326	0.0000	nan
105377001	0.0000	nan
105377002	0.0000	nan
105377003	16.0014	0.2722
116135	0.0000	nan
152110	-1.2591	0.3462
105377004	0.0000	nan
9497	-0.9489	0.3781
105377005	0.0000	nan
107986071	-0.6002	0.5924
105377006	0.7864	0.1923
8320	13.9762	0.2722
105377007	0.0000	nan
100996624	15.9293	0.2722
107986041	-16.8460	0.4950
105377008	4.2257	0.2953
152100	-0.9692	0.1149
64343	-0.5057	0.3856
152098	-1.1162	0.0437
107986012	-14.1387	0.4950
645206	-17.9564	0.1049
105377009	15.1021	0.2722
100873979	-1.7584	0.0994
27303	-0.5233	0.2587
107986013	-14.5456	0.3033
100873977	2.3402	0.3667
101927995	15.2257	0.2722
105377013	0.0000	nan
101928015	17.3908	0.2722
105377015	1.2632	0.5153
7048	-0.5579	0.3691
105377016	-0.4322	0.7411
339896	-11.7954	0.4950
105377017	5.3332	0.2167
100423038	0.0000	nan
105377018	0.0000	nan
105377019	0.0000	nan
201595	-0.5588	0.4129
114884	0.2363	0.8162
100874206	0.0000	nan
344787	0.1400	0.9370
23171	-1.6528	0.2307
152189	-18.1597	0.2059
112616	-0.2811	0.5949
54918	-0.4034	0.4475
102465247	0.0000	nan
51143	0.0146	0.9888
25904	-0.1962	0.6007
105377021	14.4500	0.2722
131405	17.1635	0.2722
1233	0.0000	nan
105377022	-18.5668	0.0177
107986072	1.0141	0.5081
2720	0.0240	0.9297
107986073	-0.8687	0.3900
643853	-0.3842	0.1854
10491	0.4031	0.2309
26032	-1.7823	0.3331
25827	-2.0915	0.4430
7342	0.1166	0.9003
23122	-0.2997	0.6745
105377023	0.5051	0.5972
10015	0.0879	0.8884
105377024	-14.4235	0.4950
101928114	15.2983	0.2722
102724048	0.0000	nan
101928135	0.0000	nan
10777	0.0000	nan
406916	0.0000	nan
6769	-0.8021	0.5134
85443	6.1860	0.2777
105377029	0.0000	nan
105377030	0.0000	nan
105377031	-15.5105	0.2691
9881	-0.7750	0.1717
9852	-0.1570	0.8740
4292	0.0441	0.9047
9209	-0.1685	0.7334
112268444	0.1388	0.8806
105377642	0.7082	0.6465
152048	-0.5590	0.2314
2803	-0.1239	0.8738
339883	-0.1473	0.7534
3680	-2.4840	0.1189
101928153	-1.3906	0.0663
10217	-0.5837	0.0266
407015	0.0000	nan
50853	-1.1886	0.1340
5333	-0.9014	0.3607
9940	-0.3452	0.6449
105377033	-16.1908	0.4950
30	-1.0223	0.1713
4615	-0.7676	0.0691
101928234	-0.1755	0.9083
9943	-0.3824	0.2848
9390	-1.4932	0.1281
9389	-16.3692	0.0370
9942	-0.0945	0.8995
100128640	-2.0782	0.1808
93	-0.1750	0.8733
9941	-0.5303	0.5257
6331	-15.6380	0.1696
6336	0.0000	nan
105377034	0.0000	nan
107986042	0.0000	nan
11280	1.3937	0.4770
57599	-0.9373	0.0619
64689	-0.7452	0.0584
199223	-2.5034	0.0086
102466743	-19.7529	0.3066
64651	-0.9698	0.2566
101928263	-17.9682	0.0250
105377035	2.5050	0.3501
165904	-12.7736	0.2692
102724104	-15.5336	0.4950
1524	-16.5645	0.2135
1237	16.6937	0.2722
105377644	-0.6861	0.2520
105377037	-13.7719	0.2754
54977	-0.3939	0.4813
3921	0.2575	0.7852
574040	-0.6616	0.5549
6044	-0.0610	0.9418
107986075	0.8128	0.1595
105377038	18.9330	0.2722
4336	0.0000	nan
105377039	0.0000	nan
25924	-0.0799	0.9460
440952	0.0223	0.9808
105377645	-16.3610	0.2754
10289	-1.5896	0.0828
956	-0.7079	0.5388
285266	-0.2342	0.7850
9045	0.5558	0.5294
285267	-1.8271	0.0634
253639	-0.4550	0.3994
285268	-0.4104	0.5825
105377043	-16.3894	0.4775
105377045	17.9359	0.2722
1499	-0.5202	0.0307
54986	0.1981	0.7133
105377046	-13.9752	0.0115
107986077	-1.8131	0.3764
22906	-0.6047	0.3174
105377048	0.0000	nan
885	-16.2708	0.2917
131375	-13.1476	0.4950
7433	-11.1755	0.4950
100874007	0.0000	nan
9117	-0.5354	0.1563
51188	-0.8447	0.0940
4820	-0.6816	0.4338
101928323	-0.8697	0.2496
92999	-1.3143	0.1271
131377	0.0000	nan
57467	-13.6059	0.4950
100874044	0.0000	nan
152206	-1.4142	0.0833
100874114	-16.5698	0.3065
729083	-16.7511	0.2423
25994	0.7535	0.5748
1238	0.2232	0.9128
1582	-14.1975	0.1082
389114	-1.0722	0.2065
100506275	1.3999	0.4959
100506243	2.1210	0.3339
729085	-2.2199	0.0197
84892	-1.0291	0.2156
107986079	-3.0946	0.0452
105377051	0.0000	nan
105377052	0.0000	nan
54861	-0.9719	0.1266
100873954	-0.9109	0.1366
55129	0.1896	0.6841
107986080	3.2144	0.3200
51099	-0.0974	0.8621
105377054	-0.1073	0.9505
107986081	0.0000	nan
406929	-19.8377	0.3886
375337	15.7796	0.2722
105377055	0.0000	nan
285343	-0.4513	0.5938
102724231	-2.6387	0.0276
100506319	0.0000	nan
353274	-1.2435	0.0124
101928529	-2.1942	0.1271
285346	-2.7565	0.0100
55888	-0.6319	0.1244
112840933	-1.4362	0.0119
110354863	-0.7090	0.1718
285349	-0.4798	0.5769
100874094	-0.4517	0.6632
10168	-0.7108	0.1688
7584	0.0921	0.7018
101928592	-2.6913	0.0502
91392	-0.4767	0.0793
105377056	1.9661	0.1490
115560	-0.2848	0.3327
57456	-0.1683	0.8166
56992	2.8225	0.2837
693149	-1.9832	0.0565
131616	-0.6263	0.3866
7047	-15.5452	0.0502
51304	-0.0770	0.7940
23016	0.1542	0.7654
7123	1.1069	0.5445
64866	1.0920	0.5510
101928636	-16.6307	0.2489
25907	-2.4509	0.4326
105377061	0.0000	nan
105377062	0.0000	nan
23395	-0.4368	0.2527
100885795	0.1074	0.9449
8994	-0.4911	0.5489
644714	-0.6790	0.3873
100189103	-17.6502	0.4950
22908	-0.5158	0.5214
54716	16.0847	0.2722
107986082	0.0000	nan
107986083	-0.2392	0.5205
54585	-0.4025	0.5614
10803	-13.6556	0.2692
79443	-0.7742	0.2610
10663	-1.7427	0.1665
105377063	0.0000	nan
2829	0.0000	nan
105377067	0.0000	nan
1230	-13.8426	0.4950
1232	-12.2918	0.4950
729230	0.0000	nan
102724297	0.0000	nan
1234	0.0000	nan
9034	1.7459	0.4642
105377068	0.0000	nan
4057	0.7283	0.6696
83597	-17.9817	0.2805
79442	-0.4849	0.4343
83598	-16.3773	0.3065
6997	14.8443	0.2722
100132146	-16.1091	0.4162
259173	-2.2184	0.2567
259236	-17.6944	0.0152
29122	-15.0692	0.2754
100287362	-13.9386	0.4950
377047	-15.5746	0.4950
100288960	0.0000	nan
729756	-13.8417	0.2192
339906	-15.0077	0.3293
4634	-2.3228	0.1489
5745	-1.3268	0.3707
151903	-0.3752	0.5401
23218	-2.6618	0.1234
100129354	0.3501	0.8109
29072	-0.0645	0.9294
285352	-1.2685	0.1561
64147	-0.6253	0.1019
109617025	21.8543	0.2722
23276	-1.1016	0.0327
25930	-2.1558	0.0435
22937	-0.8113	0.2549
105377073	-18.2396	0.2986
54859	-0.2449	0.6119
105377074	0.0000	nan
10675	0.1133	0.9530
6599	0.7997	0.4074
109623484	0.0000	nan
22907	-0.8124	0.1023
100302232	-20.5445	0.0056
4134	-0.2874	0.4751
993	1.0062	0.3888
100616407	0.0000	nan
820	-17.4754	0.4950
51385	-1.2732	0.0153
10201	0.0604	0.8919
101060195	0.1142	0.8239
646424	0.0000	nan
100313840	0.0000	nan
285231	0.0000	nan
5364	-2.5981	0.0822
105377077	1.5651	0.4404
79714	-0.3104	0.7010
51372	0.5047	0.0657
84126	-0.0626	0.8201
111822955	-0.0172	0.9504
11277	-0.4243	0.4119
51246	0.2393	0.7562
5210	-2.4464	0.0822
102465494	0.0000	nan
90226	-2.8424	0.0827
1294	-3.5967	0.0398
100313843	-24.2987	0.0957
7384	0.4495	0.6914
106635528	-16.0233	0.4950
440955	1.6443	0.4587
65010	-1.9184	0.0056
102465495	-22.4425	0.0117
1951	-2.2918	0.0112
100616112	-20.5159	0.0370
102724368	-2.5029	0.3156
51517	-1.0336	0.1613
51447	-0.8651	0.1035
5576	-0.3004	0.3244
100506637	-0.6944	0.3273
788	-0.2669	0.3998
646450	-0.3419	0.6663
10425	-1.0676	0.0059
54681	-1.3186	0.0070
11180	-1.6971	0.0083
55152	0.1274	0.8028
494337	-18.7688	0.4950
25915	0.6050	0.0069
406966	0.0000	nan
3615	0.4771	0.7023
54870	-0.1970	0.4405
5859	0.0681	0.9245
102465536	-21.5271	0.0150
10869	-1.0760	0.1010
3913	-2.3555	0.0070
22973	-0.3398	0.7692
64925	-0.2669	0.7689
200942	-0.9081	0.1083
646498	16.5598	0.2722
339834	-0.5392	0.1800
375341	-1.5493	0.1988
100422952	-2.4394	0.1153
7375	-0.9302	0.0547
107986084	-4.0277	0.0048
2876	-0.7559	0.3196
387	2.0667	0.2063
6988	0.4079	0.3479
275	-2.7992	0.0041
84276	-1.6391	0.0071
1605	-1.1248	0.3437
100132677	-15.9119	0.0109
8927	-0.5090	0.4747
327	-0.2158	0.6552
4485	-2.5503	0.0005
63891	-1.1087	0.0137
386724	-1.4555	0.1167
29925	-0.5686	0.2215
9807	-1.1321	0.0183
389118	-2.6893	0.0572
389119	-1.0961	0.2487
7318	-0.6470	0.3722
100847079	-0.5826	0.3083
10293	0.5639	0.4724
79012	17.4862	0.2722
4486	-1.3686	0.1124
102724438	-1.3539	0.1578
84315	-0.1094	0.8267
10180	-1.4676	0.0080
10181	-0.9969	0.0479
100775107	-1.3521	0.1171
100129060	-1.2649	0.0351
107986035	0.0546	0.9664
6405	-3.0147	0.1971
2779	0.0000	nan
10991	-1.4506	0.5493
2771	0.6851	0.0311
102464817	0.0000	nan
101928931	-20.6968	0.0001
7869	-2.8847	0.0551
102465526	-20.3684	0.2219
132228	0.1208	0.8136
7866	-0.5896	0.3749
8372	-0.0394	0.9448
24142	-0.4601	0.4120
3373	-3.1869	0.0861
8692	-0.1702	0.6797
11334	-0.8105	0.2780
11186	-1.1005	0.0244
102060282	-3.1672	0.0353
51364	-1.4525	0.0386
10641	0.0770	0.8800
11068	-0.2860	0.6267
11070	-0.6699	0.4033
9254	-2.3005	0.2528
105377082	0.0000	nan
105377083	0.0000	nan
51161	-1.0025	0.1951
51409	-1.1284	0.0458
1154	-0.1878	0.8339
7867	0.3983	0.1286
107986085	-1.4155	0.0654
1795	-1.3872	0.1480
100616138	0.0000	nan
7873	0.0225	0.9386
29890	-0.2628	0.6680
9730	-0.8365	0.0064
105377085	0.0000	nan
23132	-1.0480	0.1135
105377086	-0.5969	0.7155
51368	-0.2107	0.8003
2912	-14.6538	0.0259
105377087	0.0000	nan
440956	0.0000	nan
100506840	0.0000	nan
401067	0.0000	nan
389123	0.0000	nan
101928999	0.0000	nan
389124	0.0000	nan
132141	-14.2478	0.4950
9136	0.7335	0.5455
10039	-0.1691	0.5614
118442	-0.3152	0.5878
57060	-0.6653	0.2144
84836	0.2536	0.6805
100526760	0.2447	0.6827
25864	0.0224	0.9748
95	0.4667	0.5233
6159	0.3008	0.8271
105377088	0.0000	nan
1849	-0.1552	0.7496
100128378	-15.4859	0.1082
25886	1.3074	0.0750
211	0.2726	0.2833
54106	-1.9470	0.1607
11344	0.1023	0.9110
101929054	-1.6168	0.3582
132160	-0.5793	0.4541
80335	-0.8538	0.0499
406890	-18.4828	0.4950
107986086	-1.2955	0.0963
132158	-0.2032	0.5977
100874110	-17.6944	0.0007
406925	-20.0791	0.0028
25981	-2.3223	0.0192
8314	-0.6735	0.2405
51533	-0.2262	0.5692
56920	-3.0111	0.1067
105377091	0.0000	nan
7134	-2.1476	0.0994
11188	-2.1159	0.0105
23166	-0.8604	0.0486
64943	-1.2582	0.0500
440957	0.1040	0.8066
55193	-0.1032	0.9042
26354	0.1831	0.5191
106633805	-19.6624	0.2530
692089	-2.2369	0.0509
100113381	-0.1265	0.9226
109616991	-4.1461	0.0389
692109	0.7563	0.6296
55830	-0.4994	0.0705
28972	-0.0604	0.6460
6787	-0.2834	0.3839
3697	0.0000	nan
3699	-4.0519	0.1793
3700	-1.6551	0.0232
100873993	-19.0474	0.0243
100526772	-0.7633	0.0134
389125	-1.1626	0.0890
375346	-1.2989	0.0062
102465866	0.9591	0.6600
51460	-0.8398	0.0683
91869	0.2258	0.6868
5580	-1.7643	0.0520
7086	0.2828	0.7994
107986087	-0.6554	0.5355
55802	-0.0341	0.9206
109617024	0.0000	nan
105377094	4.9118	0.2860
776	-1.1359	0.2861
55349	-2.0621	0.0946
55540	-0.5092	0.4487
93973	-0.3732	0.0234
58515	0.1422	0.7015
105377095	0.0000	nan
55799	-0.6718	0.5380
107986088	14.6913	0.2722
790952	-13.8446	0.4950
100874237	-16.5496	0.0028
57408	3.5234	0.3125
107986089	-15.4641	0.4950
105377096	0.0000	nan
105377097	15.3272	0.2722
105377098	-1.5336	0.2504
7474	-1.0095	0.3467
26059	0.7190	0.6456
105377100	0.0000	nan
711	0.0000	nan
100500875	0.0000	nan
105377099	0.0000	nan
285331	-0.7891	0.1337
23272	-0.4623	0.5105
50650	-0.9285	0.1807
100874200	0.0000	nan
353324	3.3476	0.3137
54756	-1.9028	0.3573
105377101	-2.8522	0.3685
8820	-0.6549	0.4306
26060	0.0649	0.9409
142686	-0.4855	0.3131
105377102	-0.0688	0.8801
201625	-1.5510	0.1315
201626	-0.0999	0.9165
378	0.0663	0.9223
106144532	-0.0878	0.9480
201627	0.3429	0.7234
101929159	2.7282	0.3408
7871	-0.6943	0.3860
105377103	-1.4597	0.2329
105377104	-12.4634	0.4950
2317	-0.8780	0.2007
105377105	-0.5928	0.3732
105377650	-17.7221	0.2112
1776	0.0000	nan
107986091	0.0000	nan
57406	-1.3114	0.1568
11102	0.1659	0.8056
109703458	0.4708	0.6040
54899	0.1626	0.8276
105377106	-16.7086	0.0056
5162	0.3283	0.4054
107986092	0.0000	nan
200845	-0.2521	0.3372
8309	-0.9177	0.0601
107984079	0.1495	0.9278
11170	1.4046	0.1672
105377108	-17.0916	0.0056
131177	-15.0280	0.3066
105377109	0.0000	nan
200844	0.3257	0.6609
101929238	-12.7351	0.4950
105377110	-6.6291	0.4325
339902	-16.3912	0.3066
2272	-1.8614	0.1114
105377113	0.0000	nan
105377112	0.0000	nan
107986015	0.0000	nan
103504735	0.0000	nan
105377111	0.0000	nan
105377114	0.0000	nan
105377115	0.0000	nan
5793	-1.4190	0.0724
107986016	-1.0813	0.5353
105377116	0.4203	0.5989
100506994	-0.8482	0.0850
57415	1.2027	0.2561
55079	0.0000	nan
105377647	0.0000	nan
8618	1.2682	0.4128
285401	0.0000	nan
107986043	0.0000	nan
132204	2.1862	0.4000
100874016	0.0000	nan
132203	0.0000	nan
105377119	4.0679	0.2984
100130345	2.8535	0.0885
132200	-1.2555	0.2955
80145	0.0588	0.6182
100874039	-18.1902	0.3266
6314	-0.2253	0.8020
100861563	-20.6348	0.0467
100507062	-0.7329	0.4681
9861	0.0565	0.7184
105377121	0.0000	nan
107986093	0.0000	nan
100652759	-1.3521	0.0204
100287879	-15.2729	0.0502
166336	-0.3542	0.0202
100874242	-16.2260	0.3293
100874243	-2.8560	0.0000
101929316	-15.4473	0.0524
105377123	-0.2224	0.8644
56999	-2.0077	0.3166
101929335	-17.0689	0.2745
100507098	-2.2910	0.0914
105377124	-14.5894	0.2372
107986017	-13.7097	0.4950
105377125	2.5403	0.3521
105377127	0.0000	nan
102724763	0.0000	nan
107986094	-12.1656	0.4950
9223	-1.4866	0.1387
107986018	2.5359	0.3549
151877	-1.4130	0.1829
100873983	0.0000	nan
105377128	-18.2920	0.2761
115286	-0.2109	0.3342
107986095	0.0000	nan
26018	-1.2948	0.2166
105377141	0.0000	nan
105377142	0.0000	nan
105377143	0.0000	nan
105377144	-13.7715	0.4950
84541	0.6546	0.6790
100422941	0.0000	nan
112267879	-1.9816	0.1108
8801	0.2725	0.6550
105377148	0.1252	0.9397
101927111	0.1997	0.6929
407738	1.4921	0.2579
107986019	0.0000	nan
105377146	-14.5548	0.4950
151647	0.0000	nan
285203	-0.1075	0.9172
7110	-0.0495	0.9535
100422859	-20.4923	0.0078
9039	0.0071	0.9919
10550	0.1246	0.9165
56203	1.5159	0.4807
23150	-2.0072	0.4090
4286	-1.8890	0.2459
101927152	0.0000	nan
105377151	16.8435	0.2722
107986096	0.0000	nan
105377152	0.0000	nan
27086	0.2723	0.4807
104502416	-15.3638	0.4950
100302112	0.0000	nan
105377155	-3.6013	0.0747
317649	-1.3969	0.0404
2850	-17.9012	0.1501
60675	0.0000	nan
105377156	0.0000	nan
105377157	-14.0816	0.4950
285286	-0.9484	0.2975
201617	-16.9335	0.0268
105377158	-1.8167	0.2395
105377159	0.0000	nan
23429	-1.3917	0.0832
105377160	15.3974	0.2722
105377161	-16.7533	0.2242
102724817	0.0000	nan
105377162	0.0000	nan
55164	-0.6900	0.1215
107986097	-13.5274	0.4950
727936	-0.3828	0.5550
151987	-0.5881	0.3759
55096	0.7247	0.5207
107986098	0.0000	nan
23024	-1.3288	0.2722
101927296	1.1263	0.6088
101927249	-0.3614	0.7085
105377164	0.0000	nan
105377165	0.0000	nan
101927346	0.0000	nan
5067	-1.4819	0.3401
105377166	-2.1606	0.4267
105377167	2.7784	0.1864
105377168	0.0000	nan
107986099	0.0000	nan
100846999	-3.2261	0.0503
105377207	2.2961	0.3879
692099	-0.8178	0.0869
107986100	-2.1812	0.1442
100302212	-18.8747	0.4950
100288801	-0.1575	0.9216
401074	-0.7504	0.4117
100131827	-0.5643	0.3848
100422955	-21.6892	0.0089
6092	-4.1038	0.2690
107986020	-10.8082	0.4950
102724949	0.0000	nan
105377171	0.0000	nan
105377172	0.0000	nan
105377173	0.0000	nan
6091	-1.6519	0.1401
101927374	0.0000	nan
100500877	0.0000	nan
105377177	4.7453	0.2878
105377176	0.0000	nan
105377175	0.0000	nan
105377174	0.0000	nan
728290	0.0000	nan
2632	-0.1508	0.7151
105377178	0.0000	nan
105377179	0.0000	nan
105377180	0.0000	nan
101927439	16.9448	0.2722
105377181	0.0000	nan
105377183	0.0000	nan
105377186	0.0000	nan
105377187	0.0000	nan
105377188	12.4821	0.2722
440970	0.0000	nan
105377192	18.8790	0.2722
105377193	16.8715	0.2722
253559	-0.4849	0.6235
106635529	0.0000	nan
100847077	0.0000	nan
100874037	0.0000	nan
102723364	0.0000	nan
101927494	0.0000	nan
101927518	0.0000	nan
105377196	0.3327	0.7065
389136	-0.3253	0.7188
100846978	-0.8824	0.1362
100616161	0.0000	nan
25978	-0.3957	0.5414
5449	-14.5995	0.4950
105377198	0.0000	nan
3355	-13.8596	0.4950
8545	-0.3601	0.6845
55279	-0.6583	0.4663
285237	-0.6247	0.2362
105377202	0.0000	nan
111064647	0.0000	nan
2042	-0.8181	0.5187
101930420	-0.4663	0.4290
107984021	0.1181	0.8144
5627	-1.7691	0.1437
200894	-0.2162	0.7110
415117	-16.4393	0.1226
200895	-1.4362	0.0045
63899	-0.3139	0.6096
105373992	0.0000	nan
255025	0.0000	nan
100287639	14.8873	0.2722
102465864	0.0000	nan
285220	1.3649	0.5002
107986103	16.8847	0.2722
101929278	15.9721	0.0002
84100	-0.5786	0.4621
101929298	-2.8232	0.0428
131544	-0.6598	0.3047
105373994	0.1380	0.9338
84864	0.0592	0.8818
200959	16.9798	0.2722
81050	0.0000	nan
26341	0.0000	nan
105373996	0.0000	nan
403273	0.0000	nan
403274	0.0000	nan
105373998	0.0000	nan
105373997	0.0000	nan
101929320	0.0000	nan
105373999	0.0000	nan
79295	0.0000	nan
79310	0.0000	nan
403278	0.0000	nan
105374000	16.9431	0.2722
403277	0.0000	nan
26339	-15.1129	0.4950
402135	-16.9781	0.2542
56650	-0.7005	0.2891
2838	0.0000	nan
1371	-0.6844	0.2195
100874207	1.2390	0.5772
10402	-0.2405	0.9045
131566	0.2907	0.8356
105374002	0.0545	0.9704
105374003	-0.9172	0.6752
107986104	-20.3390	0.2262
105374004	-19.0602	0.2950
105374007	0.3617	0.8197
105374005	-15.9492	0.0249
105374006	-17.7613	0.2261
1295	0.3914	0.8080
101929357	0.4859	0.5039
84319	-0.1611	0.7713
11259	-0.5482	0.4378
112268455	-14.0635	0.2192
100500859	0.0000	nan
105374010	-14.3730	0.2708
105374009	-0.1628	0.7942
644444	0.0000	nan
55773	-0.2079	0.8078
56954	-0.8197	0.0522
9868	-0.1036	0.8796
348801	-0.8942	0.0660
55076	-1.8674	0.1558
84873	0.0000	nan
10342	-0.1250	0.8087
25890	-1.1102	0.2949
50939	-0.0077	0.9953
57337	-0.2200	0.8342
131909	14.4220	0.2722
54931	0.0725	0.8778
57092	0.5594	0.5210
27107	-0.4014	0.6452
100009676	-1.7008	0.0362
6152	0.5452	0.6306
105374013	-2.2597	0.0987
285359	-1.0366	0.2460
79598	0.6037	0.6493
91775	-0.6568	0.1950
64332	-1.8357	0.0463
152225	-17.1163	0.1293
101929411	0.0000	nan
107986105	-15.1753	0.4950
131368	-18.9205	0.0881
105374016	0.0000	nan
107986106	0.0000	nan
105374017	0.0000	nan
105374018	0.0000	nan
100616336	0.0000	nan
105374019	0.0000	nan
105374020	0.0000	nan
105374021	0.0000	nan
107986107	0.0000	nan
107986108	-0.9945	0.5720
105374023	0.0000	nan
214	1.1542	0.4431
868	-0.3781	0.5275
107986109	-16.8276	0.1083
105374024	-1.5456	0.5291
105374026	15.6311	0.2722
105374027	1.7341	0.4348
107986110	-13.0596	0.4950
107986112	0.0000	nan
101929485	1.3527	0.4797
105374029	-0.3973	0.7736
101929534	-0.5763	0.7339
107986021	0.7061	0.6902
100302640	-3.6378	0.0541
344595	-0.9274	0.3038
84692	-4.4585	0.3631
101929579	-21.5408	0.2769
101929607	0.9105	0.5769
56987	-0.7441	0.2663
151658	15.0323	0.2722
285205	0.0000	nan
961	-0.6993	0.3925
105374031	14.7154	0.2722
101929623	-12.4575	0.4950
55081	-0.2440	0.2657
11148	-13.8747	0.3032
22989	-0.1709	0.8512
57650	1.9007	0.3799
9666	-0.5680	0.5074
105374033	0.0000	nan
105374034	0.0000	nan
84666	0.0000	nan
50852	0.0000	nan
9626	0.0000	nan
27136	17.1028	0.2722
100506506	0.0000	nan
401081	18.3163	0.2722
677779	0.0000	nan
151871	0.0000	nan
55211	3.3941	0.0600
401082	0.0000	nan
100616129	0.0000	nan
105377811	0.0000	nan
105374036	0.0000	nan
105374037	0.0000	nan
151760	1.9210	0.3970
100506555	-2.2815	0.0148
25945	0.8975	0.5591
105374038	1.7284	0.4316
105374039	2.7107	0.3521
10225	-0.6469	0.7655
79413	0.0000	nan
257068	0.3014	0.8530
100874115	0.0000	nan
90102	-0.5052	0.4668
107984087	0.0000	nan
105374040	-14.7850	0.2530
55347	0.3117	0.6223
29114	17.5489	0.2722
344805	0.0000	nan
79669	0.1120	0.9237
693152	0.0000	nan
257144	0.4932	0.7338
112806053	0.2133	0.6439
285335	1.1329	0.5472
105374042	16.1792	0.2722
4345	-17.6155	0.3647
105374041	14.9681	0.2722
112268446	0.0000	nan
151888	1.6525	0.4699
64422	0.8912	0.0592
55032	-0.7617	0.1433
112268447	-0.5201	0.4054
100506621	-0.5279	0.3791
151887	-0.2127	0.4507
101929694	0.7198	0.6952
113218483	0.0000	nan
100129297	-16.4363	0.3587
344807	-14.9628	0.2220
131450	-1.4595	0.3067
29083	0.0637	0.8636
25871	-0.0926	0.8609
107986114	-1.1421	0.0451
107986113	-0.5320	0.6084
101929717	-1.9068	0.3110
102723430	-12.6834	0.4950
91653	-1.9274	0.0602
55779	-1.7588	0.0016
100874029	-1.6064	0.0841
102466253	0.0000	nan
152185	-1.0385	0.0920
54847	0.9983	0.4775
100616476	0.0000	nan
205717	-0.4605	0.5103
80218	0.2656	0.8026
523	-0.6223	0.4272
54762	1.1029	0.3616
254887	-0.1315	0.9174
57577	-0.9931	0.1053
105374048	-0.5268	0.6128
79691	-0.1017	0.7949
1814	0.0000	nan
107986115	0.0000	nan
7634	-13.6869	0.4950
201633	0.1036	0.9333
26137	0.1884	0.8784
693153	1.6045	0.4407
100131117	-1.9091	0.4133
101929754	-14.5944	0.4950
100616166	0.0000	nan
104413890	-16.6033	0.3033
100874131	-0.8715	0.3907
101926886	0.6682	0.6617
105374051	-13.2577	0.2192
2596	-2.0543	0.4727
4045	-3.1072	0.0456
105374053	0.0000	nan
109623450	0.0000	nan
107986116	-13.8557	0.4950
105374052	-16.2263	0.4950
101926903	17.4882	0.2722
100861506	0.0000	nan
285194	0.0000	nan
100616485	0.0000	nan
100506724	0.0000	nan
105374054	0.0000	nan
105374056	4.0614	0.2985
105374057	0.0000	nan
107986022	-0.7508	0.4806
101926953	0.0000	nan
105374058	0.0000	nan
105374060	0.0000	nan
101926968	0.0000	nan
107983969	0.0000	nan
105374059	0.0000	nan
152404	-1.6818	0.4011
100506765	0.0000	nan
152405	0.0000	nan
7348	1.2220	0.5818
8702	-1.1391	0.0638
100874201	-2.1799	0.0548
57514	0.1141	0.7866
100874246	-0.4086	0.7010
55254	-0.6176	0.2423
56983	-0.4978	0.3843
51300	-0.1157	0.5159
941	1.1171	0.5228
107986118	0.0000	nan
141	-0.8072	0.3704
51365	-15.5171	0.3885
105374062	-1.6823	0.4753
64091	-3.6931	0.0073
105374063	-2.3771	0.2238
10063	0.0258	0.9572
105374064	0.0000	nan
89876	-4.5104	0.2098
8856	-14.9730	0.3580
2932	-0.4345	0.5689
113839522	0.0000	nan
107986119	-1.9033	0.0334
105374065	-17.3155	0.1898
165829	-0.9017	0.4331
116064	0.7276	0.5981
100130701	-0.8507	0.3911
11167	-0.7129	0.3624
406975	-0.5732	0.5692
107986121	-1.4222	0.1414
4710	-0.5728	0.1039
3081	0.4568	0.8015
285282	-0.0668	0.9252
2960	-0.7618	0.1111
101926983	0.0000	nan
105374069	0.0000	nan
9515	14.8141	0.0000
100847043	0.0000	nan
10721	2.6841	0.2701
503582	0.0000	nan
51725	15.1608	0.0800
3059	3.7807	0.2922
2804	-0.6398	0.2988
9657	-0.9292	0.0156
55840	0.7304	0.2056
6565	0.0180	0.9885
286676	14.9699	0.2722
101927010	0.0000	nan
942	14.0723	0.2722
846	4.0530	0.2986
1475	0.2030	0.9079
131076	-0.2611	0.4331
26355	-0.3789	0.6113
54554	-0.5375	0.4588
102723582	0.1591	0.9004
3836	0.3008	0.7656
107984000	-17.0954	0.2277
105374071	-0.8407	0.3031
83666	-0.3375	0.6335
151636	0.2718	0.4345
165631	-0.8598	0.5451
54625	-0.2662	0.5592
79663	0.1393	0.7220
84925	-0.9283	0.1559
100129550	-1.3765	0.0831
54437	-15.0686	0.1869
112268448	0.0000	nan
10954	-0.4098	0.4886
102465667	-0.0018	0.9962
26984	-0.5146	0.0575
111	-2.7499	0.1043
201562	-0.3375	0.7154
100506826	-0.4884	0.5023
4638	-0.4099	0.4683
100873940	-17.0875	0.2261
105369194	-0.5510	0.2081
64770	-0.3308	0.7154
54763	-13.8982	0.3032
8997	-1.3187	0.1972
100847021	0.0000	nan
105374077	0.0000	nan
102464832	0.0000	nan
107986123	0.0000	nan
105374076	0.0000	nan
7372	-0.5018	0.0620
100422864	0.0000	nan
3693	-1.3334	0.0814
56667	-0.2323	0.8597
57493	-2.1804	0.1721
84561	0.4163	0.5931
100847039	0.0000	nan
7707	-0.1481	0.8579
105374080	-1.2897	0.4401
105374081	0.0000	nan
8723	-0.0799	0.8676
114885	-0.2597	0.7392
105374312	-16.6690	0.4950
100302204	0.0000	nan
101927056	0.3318	0.7439
102723696	-2.2958	0.0894
100125556	0.3358	0.6112
200810	0.8718	0.0308
152015	-15.0028	0.4950
54946	-0.3793	0.1913
105374085	0.8080	0.4100
112267887	0.0000	nan
10840	0.0000	nan
100874204	0.0000	nan
105374083	14.5189	0.2722
100862662	-12.6928	0.4950
107986124	0.2573	0.8495
28999	1.6004	0.3946
105374088	0.0000	nan
107986044	0.0000	nan
100506907	0.0000	nan
348807	1.9558	0.4028
79364	-1.1507	0.0005
131669	-14.3036	0.2262
166012	-15.5322	0.2691
152065	1.7107	0.4705
105374090	-3.3698	0.0053
114112	-1.1020	0.0738
255330	16.7757	0.2722
84303	0.0040	0.9962
5361	-1.8379	0.0082
285311	0.0000	nan
100419008	0.0000	nan
101927123	0.0000	nan
105374094	0.0000	nan
101927149	0.0000	nan
107986125	16.1596	0.2722
131601	-0.6878	0.4417
102466199	0.0896	0.8582
102465857	0.0000	nan
4171	1.0564	0.0887
107986126	2.3328	0.0014
50512	-0.2215	0.8044
80325	-2.4845	0.0392
11343	-1.4795	0.2658
107986127	-0.7546	0.3870
107986129	2.1250	0.3878
105374096	0.0000	nan
166348	-13.7853	0.0370
102723759	-16.0010	0.0762
29927	0.1018	0.5764
8607	0.8794	0.1925
100874089	-14.6755	0.4950
60678	-0.8004	0.0819
165721	15.8546	0.2722
285224	0.0000	nan
2624	0.2023	0.5594
101927167	0.3419	0.7109
90246	-2.4214	0.1768
23434	0.0000	nan
6184	1.3809	0.0004
7879	0.9441	0.3470
113219457	0.0000	nan
653712	-2.7963	0.0221
28976	-0.5446	0.1209
57501	-0.2244	0.6155
79825	0.0000	nan
2815	0.0000	nan
100534599	-0.3464	0.4726
339122	-1.5014	0.0922
57461	0.5193	0.2571
7555	0.7450	0.4945
105374101	-0.0293	0.9387
105374102	-1.2196	0.5351
22820	0.6098	0.2282
102465496	-2.8911	0.1163
56941	-0.6670	0.0200
8971	-1.1254	0.0535
339942	-0.8617	0.2948
132241	-1.4963	0.0150
677797	1.2021	0.5115
90288	-3.1153	0.0723
8930	0.0683	0.9199
55764	0.1633	0.8000
6010	16.6017	0.2722
132243	-0.3596	0.8139
23129	-3.0424	0.1644
23023	-0.9196	0.0422
100507032	-1.1560	0.1587
7200	2.1175	0.3883
644974	-1.3636	0.0787
105374105	-1.5100	0.3899
729375	-1.6661	0.0172
105374104	-1.0648	0.4178
105374103	-11.5988	0.4950
107986131	-13.4739	0.4950
107986133	0.0000	nan
646300	3.6010	0.3100
105374106	0.0000	nan
256076	-10.4998	0.4950
131873	3.0479	0.2138
30849	-0.3652	0.4476
107986023	-1.3627	0.4707
105374107	0.0000	nan
105374108	17.5119	0.2722
27032	-0.1522	0.8280
28990	0.2664	0.3259
79858	-0.8244	0.0221
107986024	-13.9520	0.4950
339874	-18.2243	0.0071
152195	0.5632	0.3568
131870	-1.1974	0.1754
107986025	0.5838	0.7495
105374110	-13.7852	0.4950
11222	0.6451	0.3921
677836	-19.8486	0.0756
105374114	-1.8693	0.0160
131034	0.3685	0.8066
105374113	-15.8470	0.2193
100847040	0.0000	nan
105374111	0.0000	nan
100189179	0.0000	nan
100189250	0.0000	nan
55	-14.4963	0.2423
23317	-0.7453	0.1274
100532724	-1.1799	0.0537
84129	-1.5738	0.0037
51554	-2.7910	0.2752
79876	-0.5701	0.3727
27031	-0.2572	0.7770
348808	-0.5193	0.5223
105374115	-2.1156	0.4350
66000	-14.1609	0.2418
101927455	0.0000	nan
101927432	4.0324	0.2991
8419	-11.6760	0.4950
85003	0.0000	nan
55573	-0.0133	0.9793
11073	0.3653	0.7187
7018	-5.8080	0.0097
58477	0.5989	0.0476
105374116	0.3886	0.8607
51560	-1.8607	0.2744
80111	-14.5083	0.4950
6578	3.5389	0.2948
100507210	0.0000	nan
105374117	-15.6680	0.3885
6259	-0.9730	0.0334
105374119	-18.3712	0.0028
105374118	-17.3053	0.0150
51421	-1.2676	0.0057
102466744	-21.8929	0.0000
100616281	-17.5533	0.4950
25847	-0.0938	0.8915
80254	-0.2305	0.1124
2047	1.3366	0.3794
339855	-0.4179	0.7614
105374121	2.2142	0.3808
105374120	0.0000	nan
102724019	-11.9366	0.3033
105374122	4.1495	0.1379
105374123	0.0000	nan
105374124	0.0000	nan
5523	0.8808	0.5146
107986135	-1.9306	0.3210
55167	-0.8915	0.1956
5096	0.1529	0.6122
10274	-0.2859	0.6275
80723	-1.2660	0.0930
101927597	-1.6015	0.0714
4690	-1.1115	0.0050
107986136	-0.8832	0.2085
53833	-0.9140	0.6184
105374126	0.0000	nan
8403	0.0000	nan
100507274	0.0000	nan
51208	-1.3063	0.1927
105374127	-1.4999	0.1841
105374128	-0.0060	0.9900
199221	-1.4913	0.0054
51146	-3.2866	0.5013
51163	0.4176	0.5068
25852	-0.3893	0.3505
347736	-0.3358	0.6409
22808	0.0001	0.9999
105374129	-13.1089	0.4950
83850	-0.4614	0.6813
80321	0.4082	0.7036
55179	0.8761	0.4370
5291	-0.3180	0.7072
103344930	-4.1103	0.0245
668	-1.8967	0.0428
401089	-2.2002	0.0799
729627	0.0000	nan
389151	0.0000	nan
389152	0.0000	nan
60467	-13.4319	0.4950
140464	0.0000	nan
56945	0.1401	0.8082
9276	0.3201	0.5046
100507291	-0.4727	0.4037
5948	-15.9978	0.2691
5947	-3.1553	0.4344
349565	-3.6266	0.0763
64084	-5.1066	0.0007
105374132	0.0000	nan
101927808	0.0000	nan
102724068	-10.5815	0.4950
287015	0.0000	nan
55186	-0.8755	0.3019
92369	-9.8616	0.4950
92370	-1.2408	0.2336
253461	-0.2218	0.6685
5922	-0.8571	0.5373
646730	1.6960	0.4733
9616	-0.0144	0.9152
131890	1.0263	0.5780
105374134	16.8163	0.2722
483	-0.4632	0.6407
7029	-1.2822	0.0542
256356	-0.6723	0.3482
54464	-0.5005	0.5990
545	-0.3338	0.6426
5357	-0.0625	0.9377
105374136	-13.8172	0.4950
7220	-1.0113	0.2697
26577	0.7566	0.5655
100507389	0.0000	nan
344838	-12.5897	0.4950
101927832	1.5488	0.3715
100289361	-0.1854	0.7976
23350	0.2719	0.7775
105374138	0.0000	nan
9435	-2.7261	0.1468
105374137	-16.7691	0.3862
285195	-1.6112	0.1047
100885796	-17.1956	0.4950
102724120	-15.3691	0.1082
205428	-1.0214	0.2422
105374140	0.5873	0.6881
105374139	0.0000	nan
105374141	0.0000	nan
105374142	0.0000	nan
105374143	0.0000	nan
105374144	0.0000	nan
107986138	4.5583	0.2902
109729161	-0.0744	0.9491
5352	-0.0803	0.9397
105374145	-0.8201	0.3927
57088	-1.9394	0.0111
57047	-11.5711	0.2192
5359	0.8297	0.1792
389158	0.0000	nan
101927866	0.0000	nan
112268449	-0.1567	0.9357
84107	-1.1027	0.1021
7545	-0.0327	0.9228
440982	1.5631	0.4202
102724145	-15.1753	0.4950
100507461	15.6183	0.2722
105374146	0.0000	nan
105374149	0.0000	nan
105374148	0.0000	nan
105374147	0.0000	nan
105374150	0.0000	nan
185	-2.9164	0.0508
1360	-4.3673	0.1157
1359	-2.3489	0.0172
107986045	0.0312	0.9818
2992	-1.1023	0.0248
6596	-0.1301	0.8885
100873945	-1.3180	0.2107
84343	0.0982	0.9198
1356	0.0367	0.9737
101927942	0.0000	nan
107986140	0.0000	nan
116441	-11.9971	0.4950
4071	0.9617	0.0284
100874091	-14.9775	0.4950
105374151	0.0000	nan
7104	-0.6259	0.8149
25937	-0.6714	0.4293
100128025	-0.5641	0.3875
51122	0.1285	0.8763
389161	-15.8313	0.3802
11342	-0.6218	0.2617
105374152	0.6565	0.6614
5217	-0.3806	0.6248
646903	0.1752	0.8477
653659	0.5899	0.2372
105374153	19.8973	0.2722
107986046	-15.2537	0.4950
105374313	-15.3283	0.2192
101927992	-2.7381	0.2377
101928022	-17.2087	0.2514
105374154	3.9035	0.3001
107986141	-2.7184	0.1976
107986142	-0.9995	0.5981
9819	-0.5220	0.5576
27230	-0.1864	0.7623
83939	0.4624	0.1843
51714	0.4663	0.6431
131831	-3.6058	0.0041
101928085	-1.3950	0.0139
101928105	2.0179	0.0434
6478	0.1467	0.7860
105374155	-16.8980	0.1002
646951	0.0000	nan
7401	0.0000	nan
116933	0.0000	nan
116931	-4.0596	0.1759
29909	4.0533	0.2986
9934	-16.5922	0.4787
53836	-16.0214	0.0658
53829	-13.4073	0.4950
64805	1.2945	0.4872
285313	-2.0587	0.3040
100847036	0.0000	nan
105374157	-17.2838	0.2418
105374158	-0.8336	0.5506
344752	0.0000	nan
101928142	-1.4559	0.3485
201651	1.9384	0.4328
105374160	0.0000	nan
13	-13.1337	0.4950
56670	-19.1365	0.4950
105374159	-13.6996	0.4950
107986047	-1.7593	0.5822
101928166	0.0000	nan
4154	-0.2257	0.8814
401093	-1.3652	0.3983
105374162	-1.7746	0.4460
645843	-17.3077	0.4492
105374163	-16.7812	0.4202
102724289	-12.7699	0.4950
5028	-1.4342	0.3795
5912	0.1109	0.5801
105374164	0.3173	0.8459
105374166	-11.9529	0.4950
105374165	-18.5209	0.0677
107986147	-14.7903	0.4950
152118	4.0891	0.2979
100507524	-13.4970	0.4950
26084	0.3456	0.7529
105374167	-0.7941	0.4621
170506	-0.6618	0.3648
344758	0.0000	nan
105374170	-15.5367	0.4950
105374171	-17.4987	0.3366
4311	-1.2098	0.3817
101928190	0.0000	nan
100507537	-14.2623	0.4950
105374172	0.0000	nan
23007	-1.1480	0.4555
100874036	-15.2023	0.4950
285315	-0.7015	0.0034
9197	-0.8580	0.0307
105374174	-1.8007	0.1096
8833	-0.0241	0.9598
7881	1.8103	0.3681
100874083	0.0000	nan
100874084	0.0000	nan
6747	0.9837	0.4152
100287227	-0.0922	0.8205
25976	0.5564	0.6123
107986148	-0.5087	0.7067
730091	-0.5106	0.4617
647033	1.2493	0.0083
389170	-3.0378	0.0569
339894	-13.8808	0.2192
105374177	-14.2923	0.4950
100498859	0.0000	nan
57018	-0.5159	0.4491
101928236	-1.1496	0.1991
105374179	-0.1211	0.9265
79674	-0.0596	0.9224
5806	-0.7054	0.5102
152078	-0.2746	0.6988
6474	-1.7358	0.0639
51319	-0.3536	0.2754
110599565	-16.1056	0.4219
100996447	-0.4363	0.2172
4291	0.5198	0.0625
85476	-0.7917	0.0944
56925	2.9060	0.0385
5918	0.8412	0.2655
112268457	-13.7169	0.2192
100287290	-0.1903	0.8142
64747	-0.3596	0.4828
105374181	-0.9336	0.3859
100505385	-0.3183	0.6114
654502	0.0000	nan
29970	-0.3208	0.6080
100500803	0.0000	nan
100874433	0.0000	nan
101928351	-1.6886	0.4456
101928376	0.6030	0.5569
3592	-0.5687	0.2731
730109	0.0000	nan
105374314	0.0000	nan
107986149	0.0000	nan
401097	-1.7126	0.1146
100174949	-0.9469	0.2623
57560	-1.3755	0.0932
10051	1.8863	0.3662
406949	0.0000	nan
406951	0.0000	nan
286827	1.1174	0.4108
3840	-0.0032	0.9960
677767	-19.0175	0.0664
80117	0.0000	nan
151742	-2.3668	0.1966
8706	-0.9747	0.3805
105374186	-0.9281	0.5918
51068	-0.0530	0.9438
105374187	0.6451	0.3308
112268450	0.9226	0.2175
165679	-12.1036	0.4950
107986150	0.0000	nan
101243545	-0.1257	0.9088
131149	0.0000	nan
107986048	-17.4507	0.4950
107986049	-15.5349	0.2418
647107	0.0000	nan
105374188	16.5798	0.2722
102724419	0.0000	nan
100302148	0.0000	nan
105374189	0.0000	nan
105374190	-16.5843	0.2754
105374191	-2.2953	0.1499
107986151	-15.0658	0.2192
104355289	-15.1196	0.4950
107986050	0.0000	nan
6476	14.8414	0.2722
105374192	0.0000	nan
101928405	17.0346	0.2722
22865	-12.4881	0.2192
103695433	0.0000	nan
590	-3.3344	0.3618
105374194	0.0000	nan
105374193	0.0000	nan
105374195	0.0000	nan
105374196	0.0000	nan
79740	0.0000	nan
104310350	0.0000	nan
5276	0.0000	nan
105374197	-13.3055	0.4950
151790	1.6306	0.3757
11235	1.1027	0.4579
5274	-2.6309	0.5083
646168	-13.8242	0.4950
107986152	1.9924	0.3789
27333	-0.3660	0.5694
93556	-13.7808	0.3033
693136	21.2288	0.2722
105374200	0.0000	nan
100507661	17.8576	0.2722
105374201	0.0000	nan
107986051	1.1205	0.5628
2122	-1.1832	0.3069
105374206	0.0000	nan
105374205	16.7504	0.2722
7012	-1.2895	0.4401
84517	-1.0415	0.0793
100189318	0.0000	nan
55892	-0.1615	0.7887
151827	0.5657	0.5802
344657	0.5517	0.7046
79782	-11.8846	0.4950
344658	13.9344	0.2722
100128164	-0.4648	0.6167
7095	-0.4046	0.2093
26996	-0.7425	0.5486
80012	-0.3930	0.6895
105374209	-13.0831	0.4950
5584	0.8002	0.5426
6498	-0.4972	0.6226
5010	1.1551	0.3422
102465497	0.5078	0.6272
57709	-1.6105	0.5978
101928583	-0.9508	0.6519
105374211	-21.4852	0.4745
200916	0.2623	0.7872
56648	-0.0665	0.9578
6514	0.5503	0.4759
23043	0.3753	0.6979
105374216	-1.7602	0.5802
693154	0.0000	nan
102724479	-16.0474	0.4219
5337	-0.8530	0.2892
389177	16.4004	0.2722
100874219	0.0000	nan
105374218	0.0000	nan
105374217	0.0000	nan
64778	-0.7933	0.0705
107986153	-0.7446	0.1998
2693	0.0000	nan
8743	-0.9691	0.5543
105374219	-16.0750	0.4950
57552	1.9105	0.3911
1894	1.3778	0.4564
107986052	0.0000	nan
83893	0.0000	nan
105374221	0.0000	nan
105374220	0.0000	nan
105374224	17.5015	0.2722
22871	-0.5689	0.5191
105374225	0.0000	nan
100874010	0.0000	nan
105374226	0.0000	nan
254827	-0.7590	0.3814
107986027	2.0592	0.3164
100862679	0.0000	nan
100874244	-15.5558	0.4950
100616395	0.0000	nan
100874245	0.0000	nan
102465858	0.0000	nan
105374230	0.0000	nan
100505547	-17.6490	0.0267
105374229	0.0000	nan
101928684	0.0000	nan
79718	-1.4975	0.0403
107986053	-16.1817	0.4950
100820709	-0.2312	0.9245
100505566	-0.7615	0.5044
101928711	-1.7740	0.1485
102724550	-2.3702	0.4646
107986154	-1.9705	0.3515
105374234	2.0355	0.4070
107986155	-14.8719	0.2192
107986156	-14.8429	0.4950
105374235	0.9733	0.5693
100874330	0.0000	nan
104797538	1.2220	0.5055
10242	-5.6069	0.1420
64393	-2.4416	0.0954
101928739	0.0000	nan
5290	-0.1379	0.8819
27094	-1.1730	0.1182
51193	0.0320	0.9671
55669	-0.5148	0.4452
59345	-0.3144	0.7326
107986157	-14.2366	0.4950
86	0.5010	0.3419
57129	0.3218	0.0614
4711	0.0330	0.9162
107986158	2.1056	0.2393
8975	0.8700	0.3941
51555	1.5524	0.0766
101928790	0.0000	nan
100505609	0.0000	nan
101928856	0.0000	nan
151613	-1.2382	0.1210
339829	-1.2368	0.1857
101928882	-16.8371	0.1226
105374240	-16.9389	0.0000
8087	0.4270	0.2824
131118	0.9484	0.4114
347689	0.0261	0.9869
102724604	19.3023	0.2722
6657	-15.3876	0.4950
100996490	14.8136	0.2722
105374242	0.0000	nan
105374243	0.0000	nan
401103	0.0000	nan
105374244	0.0000	nan
102724617	0.0000	nan
107986054	17.2595	0.2722
105374245	-14.9152	0.1082
23200	-0.9686	0.1660
54165	-0.5930	0.4358
105374246	-1.7429	0.1664
56922	-0.5422	0.3004
105374247	0.0000	nan
27074	-15.4949	0.3875
23101	3.5086	0.0542
84002	1.5658	0.3891
107986160	2.4711	0.3583
107986161	0.0000	nan
100505687	0.0474	0.9502
109616971	1.7460	0.4642
109617007	-1.9390	0.3188
89857	0.7289	0.6693
100874019	16.2540	0.2722
105374248	17.7130	0.2722
107986162	-1.3873	0.0902
54800	-1.8682	0.0072
55689	-0.8426	0.1130
100874113	-2.6833	0.0061
79929	-0.1856	0.6795
55486	-0.8236	0.0739
100616127	0.0000	nan
10057	-1.9404	0.0457
100873982	0.0000	nan
200909	0.0000	nan
170572	0.0000	nan
105374249	0.0693	0.8783
106478970	0.0000	nan
285242	1.9589	0.4298
8893	-0.9581	0.0089
1857	-0.4545	0.3984
1173	0.2465	0.7183
55324	-0.9847	0.1000
90113	-13.4030	0.3033
100187716	0.0000	nan
10195	0.4945	0.0519
110599564	0.9022	0.3618
110599583	1.1330	0.3944
94032	-0.5935	0.4480
9718	0.3715	0.8165
5708	0.0601	0.7609
1981	-0.9954	0.1573
692107	0.7289	0.6694
131408	-1.7212	0.0184
1181	-2.1562	0.0170
5437	-0.2266	0.2835
7066	-0.2072	0.8716
8646	-3.4787	0.0179
105374250	-15.6892	0.3293
105374251	0.0000	nan
100874079	2.6016	0.3601
2049	-2.2435	0.1627
64110	-0.5067	0.1649
107986163	-2.0679	0.1797
101928992	15.2115	0.2722
105374253	-13.7927	0.3293
23355	-0.9559	0.0258
285382	0.3840	0.6000
339926	-0.8118	0.5250
1962	0.0092	0.9936
100847054	21.5733	0.2722
9175	0.0743	0.7030
101929018	-0.8286	0.4090
90407	-0.1804	0.7843
105374254	-17.0816	0.1083
200879	0.2783	0.7956
107986055	0.0000	nan
59343	-0.6454	0.1784
10644	-0.2003	0.4970
646600	-0.0975	0.9552
100847078	0.0000	nan
6434	0.3858	0.4691
344887	-2.9373	0.1496
2119	-0.7322	0.3904
105374257	12.1396	0.2722
1608	4.0390	0.1272
107986164	0.0000	nan
253573	0.0000	nan
107986165	-12.9690	0.4950
1427	-1.1253	0.1541
55171	-0.3879	0.3831
51726	0.4704	0.1088
197	0.0000	nan
26998	-16.1101	0.4950
105374258	-14.3793	0.4950
3273	0.0000	nan
3827	-11.8406	0.4950
105374259	0.0000	nan
1974	-1.1123	0.0087
619567	-0.8578	0.4922
109617006	-1.2438	0.3546
100302143	-1.7270	0.1107
677847	-1.0688	0.3540
6043	-0.6395	0.5802
619568	-2.6024	0.0274
5984	0.7466	0.4191
102724699	0.1704	0.8793
9370	0.0000	nan
100874095	0.0000	nan
6480	-2.9648	0.2129
116832	-0.0174	0.9770
101929106	-5.1161	0.4511
132112	-18.0045	0.4095
5648	-2.8283	0.2734
105374260	-2.4217	0.2078
101929130	-0.6710	0.4991
64108	1.6764	0.3865
105374261	-13.9592	0.4950
105374262	0.0000	nan
6750	16.8162	0.0550
344892	0.0000	nan
100131635	2.7105	0.3521
604	-1.3000	0.0073
105374263	0.0000	nan
105374264	-17.0051	0.2219
105374265	0.0000	nan
105374266	0.0000	nan
107986166	0.0000	nan
339929	-0.3617	0.5511
4026	0.1511	0.8770
401105	3.8194	0.0159
100873917	-14.9239	0.4950
407020	0.0000	nan
100874043	1.2573	0.4981
107986168	-11.4888	0.4950
107986167	0.2846	0.7493
285386	0.0762	0.9576
100874027	-15.9362	0.4950
105374270	0.0000	nan
107986169	0.0000	nan
8626	-0.6948	0.6423
100126340	0.0000	nan
55214	0.6961	0.2192
101929152	-14.3283	0.4950
107986170	-13.4535	0.4950
9076	-3.4632	0.2398
10686	-14.5359	0.4950
131920	0.0000	nan
3556	-1.0991	0.2647
105374272	0.0000	nan
647309	-13.2957	0.3033
100170222	0.0000	nan
107986171	15.2464	0.2722
344901	-13.9565	0.3065
106480738	-0.0643	0.9752
257313	-0.3574	0.6688
152137	-0.6810	0.0962
103344926	-15.0053	0.4950
152138	0.0000	nan
105374275	0.0000	nan
105374276	0.0000	nan
105374277	0.0000	nan
2257	-7.5093	0.3252
100873986	0.0000	nan
100873987	0.0000	nan
107986028	0.0000	nan
107986056	0.0000	nan
151963	0.5565	0.6199
105374280	13.8377	0.2722
57110	-17.1953	0.1990
84789	2.7601	0.3392
344905	-11.8756	0.4950
100874218	0.0000	nan
84239	-1.6870	0.1043
101929198	0.0000	nan
4976	0.1634	0.8385
100873941	-0.2592	0.6789
102724808	-0.4348	0.7025
105374282	0.0000	nan
105374283	0.0000	nan
105374284	0.0000	nan
105374285	0.0000	nan
105374287	-14.2745	0.4950
105374286	14.0418	0.2722
647323	-13.2179	0.4950
100128023	0.0000	nan
285389	4.0256	0.2306
102724877	0.0000	nan
3280	0.1871	0.8792
107986172	0.0000	nan
100505920	0.0000	nan
101929337	0.0000	nan
105374289	0.2509	0.8532
100131551	-2.2911	0.3073
1370	-0.6581	0.6925
131578	-0.6160	0.5956
2814	-17.3650	0.0000
79572	-0.1036	0.9190
401106	-19.6054	0.2484
100507297	-0.7953	0.3177
93109	-1.5151	0.0963
105374291	-0.8919	0.3188
55341	-0.7557	0.0495
131583	-0.9299	0.3848
105374292	-14.5774	0.4950
100507391	-12.0434	0.4950
105374293	0.0000	nan
107986174	0.0000	nan
107986173	17.2128	0.2722
105374294	0.0000	nan
105374295	0.0000	nan
152002	-0.4371	0.1594
100874528	0.0000	nan
100422926	0.0000	nan
101410543	-0.7173	0.6719
105374296	-17.1199	0.1559
23527	-0.5618	0.4278
5504	-0.0161	0.9784
347	-3.2176	0.1041
107986029	-2.2574	0.3166
105374298	-2.3706	0.0114
105374297	-2.9624	0.0979
727956	-2.0094	0.0072
440993	-1.1091	0.1650
693155	-1.2951	0.1517
200958	-2.3937	0.1576
4585	-3.5926	0.4907
105374299	-14.9040	0.4950
101929697	0.0000	nan
107984010	17.2530	0.2722
10188	-2.9485	0.0830
102465977	-19.6275	0.3033
100128262	-2.3157	0.1053
727978	-2.7769	0.0193
255812	-1.3400	0.0479
105374301	-2.3767	0.2071
7037	-1.1312	0.1238
401109	13.3929	0.2722
105374303	0.0000	nan
131540	-14.6602	0.4950
105374304	0.4454	0.6678
200931	-1.3039	0.0156
5130	-0.2646	0.6757
255758	0.1207	0.7726
100534611	-0.1530	0.4790
107986031	-0.1935	0.8704
100874214	-18.0317	0.0104
116211	-17.7706	0.0056
26043	-1.4409	0.0252
100874034	-2.7009	0.0502
165918	-0.2089	0.6399
105374306	1.9618	0.1557
105374307	-15.6401	0.4950
255798	-15.8965	0.1084
348793	-0.2460	0.4212
200933	0.5248	0.5489
101929769	-15.4220	0.4950
375387	-0.1122	0.8608
84984	-1.8506	0.1207
54965	-0.2572	0.1944
5062	-0.1726	0.8567
205564	-0.5639	0.1664
22916	-0.7082	0.0405
100874001	-1.6072	0.0042
152217	0.0572	0.8843
80235	-0.5783	0.2694
4241	-3.1070	0.1372
100507057	-3.5743	0.0018
1739	-1.1832	0.1085
100616216	0.0000	nan
100507086	-2.5420	0.1309
101926923	0.0000	nan
105374308	1.1862	0.5917
105374309	16.3887	0.2722
100129516	-0.8621	0.6356
622	1.3656	0.0158
220729	-0.4313	0.6275
107986175	-18.9749	0.0566
112268458	-2.3427	0.0464
9711	-0.1730	0.7741
100126321	-2.1055	0.0060
84248	-0.1451	0.7925
84859	-0.6257	0.3957
105374310	-18.1816	0.0658
84223	-0.5495	0.2317
6165	0.3599	0.7117
89782	-0.7228	0.3437
100873947	-0.3134	0.7491
348840	0.0000	nan
107986177	0.0000	nan
728262	-1.4216	0.0499
105379426	-1.4555	0.3486
101928669	-0.3689	0.3570
101059949	-1.6039	0.2943
107987361	-16.3233	0.1226
152687	-0.7796	0.1346
255403	-0.1986	0.8409
642280	0.3649	0.7856
107986244	-17.8846	0.1419
654254	0.8423	0.6076
105374336	-2.5566	0.1921
7700	-0.4545	0.4697
693156	0.0000	nan
79963	-1.2249	0.1057
170960	-0.6831	0.3110
54872	-1.5360	0.0111
112441426	0.0000	nan
105374338	0.0000	nan
5158	-2.6976	0.1874
101928521	0.0000	nan
521	0.0130	0.9894
4636	-0.7176	0.4168
84179	-1.0450	0.2018
107986245	-16.7415	0.2754
10336	-0.8732	0.0816
107986246	-3.1014	0.0732
107986211	-2.6620	0.0252
100129917	-6.0300	0.0622
10815	-0.4599	0.7222
105374339	-15.7837	0.1663
105374340	-1.7788	0.1247
2580	-0.9116	0.1331
105374341	-2.1747	0.2483
84286	-1.4374	0.0487
1609	-1.8236	0.0110
10861	-4.0545	0.0431
3425	-2.4171	0.0182
53834	-0.7809	0.1837
105374343	-0.7702	0.2426
285498	-2.0298	0.2247
105374344	-15.9123	0.2192
100379220	-14.7821	0.4950
10417	-1.0622	0.4518
100130872	-1.7474	0.3177
101928548	-4.8535	0.1150
285463	-1.1476	0.0719
1487	-1.2405	0.0555
92070	-1.2265	0.0167
105374347	-15.9575	0.1234
105374346	1.2000	0.4851
10296	-0.7858	0.0175
57654	-1.9196	0.0960
54729	0.0000	nan
105374348	0.0000	nan
152877	-1.2178	0.0828
105374349	-14.5699	0.4950
7884	0.6397	0.4407
92305	-1.6437	0.0088
10460	0.9699	0.3285
112268460	1.0573	0.1781
2261	-17.4277	0.0039
3954	-0.0803	0.8632
7468	0.0542	0.9348
677770	-1.9929	0.3228
7469	-1.2746	0.0003
100126332	-1.2190	0.0447
401115	0.9528	0.0585
339983	-16.6254	0.3726
353497	-2.0679	0.0187
79441	0.3357	0.7750
10608	-1.1627	0.0945
100616358	-1.8953	0.0205
57732	-1.1474	0.0599
105374352	-0.9735	0.2540
107986249	-17.2916	0.1083
402160	-17.2402	0.3815
105374353	-18.1697	0.0825
107986250	-1.4759	0.3028
6047	0.0861	0.1706
8603	-0.7238	0.0104
79155	-0.1874	0.8149
102723763	0.8668	0.6390
6452	-2.0712	0.0564
118	-0.4575	0.2390
10227	-1.5957	0.0925
317648	-0.2334	0.5090
8602	-0.0794	0.9036
2868	-0.6354	0.2745
100750326	-0.8629	0.6353
3064	-0.5683	0.5097
345222	-1.1664	0.1209
6002	-1.4665	0.0241
3083	-15.9336	0.1576
105374354	-14.3881	0.2192
285489	-1.1023	0.5627
105374355	0.0000	nan
4043	-0.6074	0.3241
285492	0.0000	nan
112268461	0.0000	nan
105374357	0.0000	nan
100133461	-13.8275	0.4950
107986251	2.2966	0.3878
152	1.2397	0.0828
348926	-0.2447	0.5391
105374358	-2.6252	0.0382
105374359	1.9735	0.4277
101928217	2.7455	0.3497
107986252	0.0000	nan
133060	0.0000	nan
85013	-1.2325	0.0238
55646	-0.1247	0.3976
166793	-1.3453	0.0418
112268462	0.0000	nan
27065	0.3592	0.6841
107986253	-15.1054	0.2754
53407	0.5181	0.0599
104472519	-17.4993	0.2447
107986254	3.7108	0.3068
100507266	-1.2064	0.0777
101928237	-0.9294	0.3664
109623454	-17.2604	0.4950
101928279	-1.5587	0.2475
103695434	0.8926	0.6299
4487	-0.3782	0.4767
101928306	0.0000	nan
107986218	0.0000	nan
54360	2.7231	0.3053
107986256	-14.7019	0.3065
55351	-0.0094	0.9884
105374362	1.9314	0.4190
10141	0.4683	0.7432
132884	-0.7157	0.2949
2121	-2.2201	0.0608
1400	-1.3429	0.2283
389197	-9.8606	0.4950
100616201	0.0000	nan
152789	15.1629	0.2722
285484	0.0000	nan
105374364	17.8712	0.2722
7466	-1.1950	0.1694
107986257	-0.5884	0.0984
5522	2.4939	0.3625
105374365	-15.7611	0.4950
23324	-1.9524	0.1537
93621	0.7718	0.4691
105374366	-0.2819	0.7581
93622	-1.0715	0.0269
339988	0.7616	0.6946
6286	1.8183	0.4085
114932	0.3690	0.6406
105378240	-16.8456	0.4950
55330	-0.8477	0.1230
105374367	18.2746	0.2722
9778	-1.7619	0.0207
57533	-1.2088	0.0148
100129931	-1.0227	0.0475
257236	-0.4627	0.1928
93624	-0.7990	0.0474
80273	0.1369	0.2963
105374368	-0.1784	0.8733
105374370	-2.2458	0.2249
730971	-1.6612	0.2856
57537	-2.7406	0.0932
105374371	-15.7485	0.3292
100616471	0.0000	nan
768239	0.0000	nan
100422826	0.0000	nan
107986258	-14.8341	0.2276
84740	-2.7415	0.0781
60312	-0.8984	0.2759
389199	-1.1650	0.3344
84448	-3.2404	0.1516
407052	20.4741	0.2722
54436	-3.7775	0.0393
105374373	-2.1650	0.0554
94031	-1.8974	0.0564
112268463	-1.4531	0.1152
105374374	0.0000	nan
8310	-1.0026	0.0905
105374376	-19.7403	0.0195
152992	-1.2250	0.0008
27201	-0.6114	0.8185
8532	-2.8843	0.1632
101928532	0.0000	nan
3166	0.0000	nan
105374474	-12.7877	0.4950
105369250	-1.6748	0.4916
100287045	0.0000	nan
100287144	0.0000	nan
100287178	0.0000	nan
100287205	0.0000	nan
100287238	0.0000	nan
100288520	0.0000	nan
100287327	0.0000	nan
100287364	0.0000	nan
100287404	0.0000	nan
100287441	0.0000	nan
100287478	0.0000	nan
100287513	0.0000	nan
728369	0.0000	nan
728373	0.0000	nan
728379	15.9130	0.2722
728386	0.0000	nan
728393	0.0000	nan
728400	0.0000	nan
728405	0.0000	nan
391627	0.0000	nan
728419	0.0000	nan
391622	0.0000	nan
644414	0.0000	nan
100302277	0.0000	nan
56606	-0.9129	0.1505
1816	0.0000	nan
105374476	-11.7371	0.2691
9948	-0.5384	0.4357
100423011	-17.5176	0.4950
105374478	0.0000	nan
107986260	-15.4300	0.3886
85460	-0.2867	0.6946
116449	15.5402	0.2722
105374482	0.0000	nan
105374481	15.7139	0.0443
105374480	0.0000	nan
102723525	0.0000	nan
105374479	18.3927	0.2722
105374488	0.0000	nan
693157	0.0000	nan
9957	14.5690	0.2722
107986178	0.0000	nan
105374484	0.0000	nan
105374483	0.0000	nan
113218507	0.0000	nan
105374489	0.0000	nan
107986179	0.0000	nan
107986180	0.0000	nan
101929019	0.0000	nan
105374492	0.0000	nan
105374490	0.0000	nan
107986181	0.0000	nan
105374493	-1.2317	0.4442
105374494	0.1204	0.9441
9364	-1.3069	0.0241
105374495	-16.5508	0.2514
285547	-14.6422	0.3033
579	-17.8819	0.2032
285548	-13.0681	0.4950
259282	-0.3726	0.5045
100847023	0.0000	nan
101929071	0.0000	nan
107986183	0.0000	nan
107986184	0.0000	nan
101929048	3.6885	0.3075
107986182	0.6489	0.5844
152742	2.7122	0.3430
201853	-3.4850	0.4962
105374496	0.0000	nan
441009	0.9085	0.6486
105374498	0.0000	nan
132864	-0.7472	0.5635
101929095	-1.9985	0.4546
105374501	2.1862	0.4000
114905	-0.4518	0.7742
107986185	-14.8724	0.4950
57545	0.2041	0.7865
26234	-0.3260	0.5786
285550	-0.4075	0.5549
683	-1.0137	0.1244
107986186	0.0000	nan
952	2.1478	0.0224
9982	-18.1344	0.4950
83888	-18.9261	0.4436
8842	13.3767	0.2722
107986261	0.0000	nan
105374502	0.0000	nan
202018	-0.7062	0.2189
107986187	-1.5299	0.1294
202020	-0.6259	0.3480
105374505	16.2623	0.2722
9079	-1.1070	0.4147
107986188	0.6061	0.6536
105374507	0.0000	nan
101929123	0.0000	nan
107986219	-16.5235	0.2372
109616994	0.0000	nan
5860	-0.4408	0.2606
645104	0.0000	nan
51056	0.7304	0.4680
80306	-0.6329	0.1976
27146	-0.7268	0.1909
54876	-0.7883	0.2442
64151	2.9808	0.2297
254251	0.9671	0.4112
107986220	0.0000	nan
107986262	0.0000	nan
105374510	0.0000	nan
107986263	0.0000	nan
107986264	0.0000	nan
105374511	0.0000	nan
105374513	0.0000	nan
105374514	0.0000	nan
9353	-0.2217	0.7735
100505893	-2.0449	0.2102
407000	-17.0589	0.4950
105374515	0.0000	nan
133015	-0.3566	0.4592
80333	-0.1800	0.8612
102465859	0.0000	nan
105374516	0.0000	nan
112268323	0.0000	nan
359822	0.0000	nan
100505912	-14.0297	0.4950
105374519	0.0000	nan
166647	-0.9164	0.0237
113219450	0.0000	nan
105374520	3.1032	0.0283
57733	0.0000	nan
107986265	-0.8636	0.0093
105374521	0.0000	nan
105374524	2.9379	0.3378
105374523	0.0000	nan
105374525	0.0000	nan
105374528	-11.9148	0.4950
105374527	-12.7822	0.4950
10891	-2.3881	0.3567
693158	-20.3255	0.0007
1665	-0.2146	0.7807
107986266	-2.2715	0.1283
6649	-3.5433	0.3578
91050	-0.6511	0.1012
102723675	3.4313	0.1664
55203	3.7535	0.2174
105374534	0.0000	nan
51091	-0.6728	0.4097
285540	0.7642	0.6197
105374535	1.7458	0.4642
55300	0.3247	0.7859
29063	-1.0858	0.0651
29945	-0.3932	0.5742
105374536	17.0570	0.2722
101929161	0.0000	nan
10568	0.0000	nan
23231	0.4005	0.7541
102723733	1.3311	0.3624
105374538	1.0703	0.3909
389203	-0.2846	0.4580
105374540	0.0000	nan
105374541	-15.4368	0.3065
3516	-0.9094	0.4951
105374545	0.6015	0.7828
105374542	-17.5549	0.4438
886	0.0000	nan
55296	0.0915	0.9287
105374546	-14.2495	0.4950
57620	0.3949	0.6303
101929199	-15.2412	0.3033
105374547	0.0000	nan
105374548	0.0000	nan
105374549	0.0000	nan
105374550	0.0000	nan
105374552	0.0000	nan
105374553	0.0000	nan
105374557	-0.6008	0.5520
107986269	-15.5586	0.2192
107986268	-3.3080	0.5221
105374556	0.0000	nan
105374558	0.0000	nan
105374559	-2.7178	0.1927
100422937	18.7858	0.2722
102723764	0.0000	nan
105374561	0.0000	nan
107986221	0.0000	nan
105374562	0.0000	nan
5099	-1.7825	0.2272
102723778	0.0000	nan
105374564	0.0000	nan
105374565	0.0000	nan
105374566	0.0000	nan
107986222	0.0000	nan
102723828	0.0000	nan
105377651	-16.5578	0.4950
102723846	-14.8029	0.4950
101927363	0.0000	nan
107986223	-15.7568	0.4950
105374391	0.0000	nan
105374392	0.0000	nan
101928622	14.3551	0.2722
105374394	0.0000	nan
107986270	0.0000	nan
107986271	0.0000	nan
105378262	0.0000	nan
107986272	0.0000	nan
105374396	0.0000	nan
105374397	0.0000	nan
116984	-0.5156	0.7831
439933	0.0000	nan
401124	0.0000	nan
105374399	15.9270	0.2722
100313806	0.0000	nan
105374400	17.7987	0.2722
100508631	0.0000	nan
101928721	0.0000	nan
105374402	0.0000	nan
100616435	0.0000	nan
57495	0.0000	nan
55286	-2.6437	0.0317
768211	0.0906	0.6306
105374404	0.0000	nan
105374406	0.0000	nan
55276	0.5493	0.4987
23216	0.4809	0.3452
105374407	2.8483	0.3431
10744	0.0000	nan
105374408	0.0000	nan
105374409	0.0000	nan
105374410	0.0000	nan
101928776	-14.6759	0.3066
106144599	0.0000	nan
107986224	0.0000	nan
105374411	-13.7961	0.3066
102723415	-17.5266	0.1134
79667	-0.7500	0.1591
51274	-0.9274	0.1539
105374413	-15.2099	0.4950
105374412	-15.5461	0.2315
81793	0.0000	nan
7096	-0.0229	0.9680
10333	-0.3948	0.7108
92689	-0.6215	0.1164
693159	0.9774	0.3755
80008	-14.4909	0.0524
51088	-1.0663	0.0227
105374418	1.3265	0.4451
57728	-0.9115	0.1322
5981	-0.3125	0.2945
152831	-0.0933	0.8909
100847065	0.0000	nan
6133	-0.2936	0.7463
11019	0.4106	0.5887
401127	-1.3197	0.3230
7358	0.4352	0.5532
100885776	-1.1919	0.0482
201895	-0.3428	0.6393
105374419	-3.2696	0.0376
3093	-0.1224	0.8844
23244	-0.5639	0.3751
344967	-0.8513	0.4590
55728	-0.3145	0.7190
399	0.4276	0.7420
101060498	4.6015	0.2896
55584	-2.3626	0.1678
54502	0.8203	0.1078
100616274	0.0000	nan
107986225	0.0000	nan
79730	-0.1930	0.7428
323	-0.5911	0.3393
107986273	-12.7187	0.4950
101410542	-17.3560	0.0658
7345	0.7264	0.4260
22998	-3.6672	0.2744
105374423	15.1303	0.2722
105374421	-3.5097	0.2909
8929	15.7847	0.2722
105374425	0.0000	nan
101927074	0.0000	nan
105374426	0.3740	0.8661
55161	0.1110	0.8717
285429	-1.5706	0.2607
10463	0.5956	0.5865
389206	0.0000	nan
105374428	0.0000	nan
152573	-19.7495	0.4389
10396	-3.1908	0.2143
105374430	0.0000	nan
389207	0.0000	nan
105374432	0.0000	nan
105374434	0.0000	nan
105374433	1.9608	0.1829
105374436	0.0000	nan
105374438	13.7025	0.2722
100506827	-13.4131	0.4950
386617	0.0000	nan
107986275	0.0000	nan
285525	-14.1301	0.2772
60558	0.6728	0.5960
132789	-0.9080	0.1818
105374439	-1.6116	0.2146
112268465	-13.7497	0.4950
105374440	0.0000	nan
105374441	0.0000	nan
2565	0.0000	nan
2555	13.7891	0.2722
170712	0.0000	nan
2557	0.0000	nan
2560	10.1818	0.2722
105374442	14.2416	0.2722
107986276	0.0000	nan
54951	-0.4319	0.5364
107986277	-15.2438	0.4950
57205	-0.8917	0.2265
10699	-3.0340	0.0417
105374444	0.8172	0.6240
105374443	-0.8115	0.4494
102467004	0.0000	nan
101927179	-1.4989	0.0442
152518	-0.7553	0.0227
101927157	-17.6017	0.1359
1259	2.5232	0.3665
152519	1.1969	0.5322
7294	-2.0474	0.1666
7006	-0.9136	0.4838
105374445	-0.1117	0.9229
57606	0.2168	0.8225
201780	-15.6127	0.2280
326340	0.4069	0.6977
285527	-0.1950	0.8338
54940	-0.5094	0.3615
100861517	-0.2108	0.8679
132299	1.0405	0.0506
80157	0.0000	nan
101927209	-16.2401	0.4950
23142	-0.1826	0.8215
339977	-0.2181	0.8441
6443	0.4716	0.7044
105377652	0.0000	nan
132671	-1.8071	0.1073
107986279	-19.9318	0.1745
112268466	4.7797	0.2874
64854	-0.3670	0.5749
643783	-0.6022	0.5041
57291	0.9986	0.0289
100616436	-17.7957	0.4950
677810	-0.8951	0.5301
100288413	1.6395	0.4395
107986281	4.3307	0.2936
152578	0.0000	nan
65997	0.2744	0.8487
152579	0.5018	0.4457
101928658	1.7372	0.1536
105377654	1.4025	0.4884
81608	0.5252	0.4291
84708	-0.8186	0.3554
100873939	0.1192	0.9507
101928879	0.2509	0.8532
100873955	-12.9014	0.4950
100506444	1.1635	0.5325
402176	-0.1382	0.8940
26511	-0.1515	0.7572
170825	0.0000	nan
5156	-0.2599	0.7534
105377656	0.0000	nan
339978	-12.7616	0.4950
3815	-1.7649	0.0640
105377657	-16.8607	0.3642
107986226	0.0000	nan
3791	2.4432	0.2441
79644	0.6125	0.0172
100506462	-1.3334	0.0277
105377659	-3.6271	0.0156
55858	-0.9354	0.0267
9575	0.0819	0.9363
132954	16.8238	0.2722
10874	-15.0633	0.3066
105377660	0.0000	nan
644145	17.8228	0.2722
105377661	0.0000	nan
55763	-0.3155	0.6275
105377663	-0.6482	0.2820
9662	0.2338	0.8323
57482	0.1006	0.9437
101928760	0.0000	nan
105377664	0.0000	nan
132949	-0.9644	0.2153
5471	0.2596	0.7322
100506514	0.4994	0.5952
10606	1.3918	0.3776
6731	-0.0698	0.8781
132946	1.7135	0.1561
105377665	1.6014	0.4917
100506564	0.7094	0.6581
84525	2.3740	0.3800
105377666	17.4371	0.2722
105377667	0.0000	nan
105377668	0.0000	nan
6691	0.0000	nan
5978	-0.1913	0.8373
84273	-0.0229	0.9595
5431	-0.5607	0.2687
3490	-2.7567	0.2643
255130	-3.0360	0.3260
107986283	0.0000	nan
101928851	0.0000	nan
105377670	0.0000	nan
105377671	0.0000	nan
107986228	18.7802	0.2722
105377672	0.0000	nan
105377246	0.0000	nan
105377247	0.0000	nan
105377245	0.0000	nan
105377248	-15.1047	0.4950
100616450	0.0000	nan
105377249	0.0000	nan
23284	-4.0910	0.2675
101927186	-14.9729	0.4950
101927145	0.0000	nan
105377253	12.0076	0.2722
105377254	0.0000	nan
253017	14.2964	0.2722
107986284	0.0000	nan
105377255	0.0000	nan
401134	0.0000	nan
105377256	0.0000	nan
2044	-1.8854	0.2840
100144602	-16.8451	0.1083
105377258	19.0006	0.2722
105377259	15.6481	0.2722
105377260	0.0000	nan
105377261	0.0000	nan
100302177	0.0000	nan
105377262	0.0000	nan
101927237	-17.6167	0.2479
1060	-0.7293	0.2469
26228	0.0000	nan
55236	-0.2038	0.8336
550112	-0.2001	0.7232
2798	-2.3404	0.0565
102724780	-0.3564	0.8370
9407	-13.3027	0.4950
339967	14.1197	0.2722
644759	-16.7987	0.4950
389208	-14.6633	0.3066
550113	0.0000	nan
401135	0.0000	nan
100130017	0.0000	nan
401136	0.0000	nan
132724	0.0000	nan
91746	-0.6944	0.2037
28983	14.1777	0.2722
7367	0.0000	nan
7366	16.1694	0.2722
7365	0.0000	nan
79799	0.0000	nan
105377265	15.8715	0.2722
7364	0.0000	nan
105377267	0.0000	nan
10720	15.6226	0.2722
54490	0.0000	nan
7363	0.0000	nan
10941	-12.1382	0.4950
574537	-12.5486	0.4950
27284	-4.9916	0.2596
6783	0.7460	0.7314
1446	15.6140	0.2722
1447	0.0000	nan
105377269	0.0000	nan
6779	0.0000	nan
3347	0.0000	nan
3346	0.0000	nan
286828	0.0000	nan
100337616	18.2812	0.2722
401137	13.3733	0.2722
105377270	0.0000	nan
54959	0.0000	nan
260436	0.0000	nan
1448	0.0000	nan
85438	16.4688	0.2722
26952	0.0000	nan
10879	0.0000	nan
58503	0.0000	nan
4589	0.0000	nan
401138	18.3376	0.2722
258	17.3469	0.2722
10117	2.9102	0.3294
3512	-1.8764	0.2609
101927297	17.4720	0.2722
57050	0.6436	0.5184
22902	-0.7440	0.1470
2926	0.2532	0.7132
92597	0.3445	0.7819
1633	1.4097	0.4430
8671	2.0223	0.3683
107986285	-11.6625	0.4950
105377271	-12.1905	0.4950
2638	0.0000	nan
10886	0.9151	0.5076
9508	-1.9202	0.1451
105377273	0.0000	nan
107986286	0.0000	nan
285521	-0.7359	0.2009
112268467	-1.3644	0.2144
26057	-0.3643	0.5356
102724832	-2.1883	0.0250
213	-15.7887	0.1501
174	0.2317	0.7811
173	0.0000	nan
728040	0.0000	nan
107986287	17.5177	0.2722
166824	0.0000	nan
105377272	15.1295	0.0252
3576	6.6053	0.2732
6372	6.1832	0.2747
5197	4.7456	0.2878
2919	5.6132	0.2595
5196	-13.8052	0.4950
5473	0.0000	nan
6374	5.7834	0.2044
2921	6.3707	0.2711
105377275	0.1437	0.9266
10895	0.0000	nan
2920	3.5809	0.2746
105377277	0.0000	nan
441024	1.0392	0.4507
105377276	5.0989	0.2838
255324	2.1414	0.2235
2069	0.6008	0.7371
374	-0.9390	0.5463
107986229	-15.7305	0.4950
685	-12.7768	0.4950
105377278	0.0000	nan
105377282	16.0200	0.2722
105377280	0.0000	nan
25849	0.5705	0.7044
100507388	0.0000	nan
107986289	0.0000	nan
105377283	0.0000	nan
100506253	0.0000	nan
441025	0.0000	nan
107986230	0.0000	nan
25898	-0.7770	0.2779
152815	-0.0810	0.9179
152816	-0.1022	0.9507
8999	0.2760	0.8153
9908	-0.3365	0.6889
8615	0.5302	0.5760
105377284	2.9732	0.3359
5470	-0.5758	0.8274
105377285	0.0000	nan
27163	-0.5425	0.6223
55153	-0.3302	0.0775
101928809	-14.4938	0.4950
4283	-12.4097	0.4950
419	0.8928	0.6298
3627	17.0303	0.2722
6373	20.0906	0.2722
53371	-0.2578	0.6338
950	-0.0400	0.9604
100129583	-16.3664	0.0664
105377286	0.7602	0.3517
100631383	-0.2708	0.7657
8987	-0.3465	0.6956
339965	-1.8741	0.2205
57619	-1.1297	0.3990
100616299	0.0000	nan
100616254	-18.9639	0.4950
105377290	-2.5898	0.3139
105377289	-2.6649	0.1715
345079	-3.8120	0.2595
107986291	0.4129	0.7452
105377294	-2.6654	0.1966
55752	-0.3022	0.6971
105377291	-0.4591	0.7100
107986290	-2.5060	0.3308
10983	0.6425	0.5283
101928864	-0.6345	0.4897
901	-0.8232	0.3930
107986292	0.0000	nan
105377295	15.1451	0.2722
10563	0.0000	nan
105377296	-11.8537	0.4950
105377297	-12.8913	0.4950
246175	-0.6844	0.3604
65008	-0.5045	0.0614
102724916	-1.1729	0.1429
80144	-0.1109	0.8442
107986293	-15.5241	0.0658
109623453	0.0000	nan
306	-1.5967	0.2053
100505702	-0.7769	0.5005
101928893	0.0000	nan
55589	-0.0482	0.9404
105377299	-16.4307	0.2277
152559	-0.1556	0.8697
100505875	-18.0642	0.1083
84779	-12.4959	0.2261
105377300	0.0000	nan
2712	0.0000	nan
100506035	18.5822	0.2722
107986294	0.0000	nan
105377301	0.0000	nan
105377302	-0.6956	0.6019
118425	0.0000	nan
118429	-0.5591	0.3918
105377303	-0.8816	0.5852
56978	-0.9919	0.4879
2250	3.6061	0.2951
255119	0.6541	0.6060
105377305	0.0000	nan
651	0.7882	0.6471
5593	2.8374	0.2767
101928942	0.0000	nan
153020	5.2741	0.2125
105377306	0.0000	nan
107986215	15.7680	0.2722
105377308	-15.3672	0.0138
105377307	0.0000	nan
3184	1.6224	0.3987
101928963	-0.6451	0.5168
9987	0.5651	0.5662
58478	0.2872	0.5881
105377310	-15.4199	0.2423
441027	-2.9897	0.3545
439934	0.0000	nan
79966	-0.6469	0.3712
693160	0.0000	nan
22872	0.6916	0.2788
100499177	-0.1689	0.8563
106633808	1.8153	0.4155
106633809	-20.4225	0.3230
79725	-0.4740	0.4918
132660	0.7323	0.5232
51138	0.1814	0.5637
51316	-0.8963	0.3494
27235	0.5843	0.2028
10855	-0.2842	0.7324
105377313	17.9296	0.2722
113510	-0.8402	0.0456
51023	0.1832	0.6904
84142	0.1200	0.8909
84803	1.7836	0.2326
105377315	0.0000	nan
101928978	2.3379	0.3835
4825	-17.1203	0.3300
102723338	15.4417	0.2722
1040	-2.4240	0.4996
23001	-0.7658	0.3364
404201	-1.0657	0.2341
83478	-0.0073	0.9855
105377319	-0.9179	0.5480
100616349	0.0000	nan
5602	-0.4425	0.0685
101929064	-0.5894	0.7166
100616463	0.0000	nan
5783	-0.2833	0.5948
107986189	3.1781	0.3203
345274	-14.7606	0.4950
132989	-0.8453	0.1876
100506746	0.2716	0.4783
4299	-0.9376	0.3241
105377320	2.1146	0.1662
57563	-0.4616	0.3827
100847027	0.0000	nan
345275	-1.1318	0.0965
51170	-0.2477	0.5603
53343	-0.2926	0.5464
105377321	1.9383	0.4328
8404	-0.9362	0.5223
1834	0.0000	nan
1758	0.0000	nan
105377323	16.8281	0.2722
105377324	0.0000	nan
3381	0.0000	nan
56955	-14.0207	0.4950
6696	1.5918	0.2559
5311	-2.3442	0.3726
9429	-2.6476	0.5431
152926	-0.6004	0.6438
105369192	-3.5622	0.3092
105377326	0.0000	nan
55008	1.7627	0.2368
102723458	2.0715	0.1419
51191	2.1758	0.3329
84992	-1.0518	0.0409
100996939	-1.0514	0.0409
101929134	-0.5787	0.7989
8916	0.0543	0.9644
266812	-0.3519	0.7031
285512	-0.9655	0.1606
10144	-0.9286	0.1157
105377327	-0.0393	0.9095
166815	0.8813	0.4353
285513	-11.6704	0.3065
105377328	-13.1899	0.4950
105377329	-12.9707	0.3033
6622	-1.3442	0.5805
644248	0.0000	nan
22915	0.0000	nan
105377331	0.0000	nan
401145	13.8114	0.2722
112268468	0.0000	nan
101929194	0.0000	nan
2895	11.5098	0.2722
107986295	0.0000	nan
474	0.0000	nan
101929210	15.6003	0.2722
56916	-0.0818	0.9357
27306	0.0000	nan
10611	0.2683	0.8184
100507012	0.0000	nan
658	-1.0123	0.3508
8633	0.1640	0.9195
105377335	0.0000	nan
105377337	19.4815	0.2722
5161	0.0000	nan
105377338	0.0000	nan
285555	-1.1018	0.5629
101410545	0.0000	nan
105377340	-13.6132	0.4950
5910	0.0813	0.7676
10098	-0.9389	0.1238
112267901	-0.3889	0.8085
105377342	-2.9698	0.0938
105377343	0.0000	nan
1977	0.4733	0.5807
23173	-0.4470	0.5656
100500867	0.0000	nan
128	-1.0173	0.0634
100507053	-3.6274	0.0557
127	-6.4266	0.2650
359806	0.0000	nan
130	-2.7602	0.1170
124	-5.9653	0.0650
125	-4.3180	0.1010
126	-3.0705	0.1562
102723576	-3.2440	0.0592
131	-15.3384	0.0657
84103	0.0000	nan
93587	-0.1405	0.7642
4547	-0.4598	0.7222
285556	2.6747	0.3546
27071	1.6212	0.4606
8649	-0.4670	0.3996
79982	-0.3644	0.7167
3015	1.3102	0.3096
256880	-18.3750	0.0524
107986232	-15.0139	0.4950
115265	-4.0829	0.3688
101929353	-16.6446	0.3065
107399301	0.0000	nan
51705	1.3053	0.5037
105377345	0.0000	nan
100874275	0.0000	nan
107986233	0.0000	nan
5530	0.0651	0.9142
102465868	0.0000	nan
100302193	0.0000	nan
90024	1.0123	0.4408
107986297	-17.8564	0.1898
55024	-1.0607	0.4069
64116	-0.4210	0.7826
105377621	-1.8203	0.2515
4790	-0.0170	0.9697
105377347	-0.8103	0.4063
4126	-1.0371	0.0325
102723704	0.7157	0.3855
7323	0.3695	0.5682
105377348	-0.2779	0.4493
493856	0.4709	0.4823
150159	-0.3970	0.3673
133308	0.1146	0.8714
56898	-1.1694	0.0086
1062	2.7335	0.3259
101929448	0.0000	nan
6870	-1.6542	0.5639
105377349	0.0000	nan
105377350	0.0000	nan
80319	16.7648	0.2722
101929468	0.0000	nan
105377351	0.0000	nan
54790	-0.6792	0.3620
104384744	0.0000	nan
27068	-0.3985	0.3612
105377352	0.0000	nan
54848	1.0900	0.2375
100874374	0.0000	nan
57117	-0.0166	0.8710
79807	-0.2661	0.7114
107986190	15.4864	0.2722
101929529	0.0000	nan
255743	-3.9086	0.0733
101929577	1.2438	0.0174
93627	-0.3785	0.3639
9255	-0.0354	0.9546
100507096	0.7938	0.6197
105377355	0.0000	nan
105377356	-1.4336	0.5271
27123	-3.9635	0.0778
102725220	0.0000	nan
105377358	-2.4382	0.2262
105377357	-15.5430	0.1082
9061	-1.2932	0.2457
166929	-0.9478	0.4615
101929595	-1.7036	0.3462
107986298	-2.0114	0.1784
113612	-1.3601	0.3191
107986299	-3.2913	0.2221
3033	-1.0736	0.0997
51176	-1.9329	0.4076
641518	-14.4798	0.2691
107986300	0.0000	nan
285456	-0.1401	0.8831
101929621	0.0000	nan
6164	0.0171	0.9872
58505	-0.5219	0.3434
105377359	-0.0694	0.9553
107986234	-16.4127	0.3033
64850	-1.6883	0.5846
84570	-0.4857	0.6837
645078	-14.2822	0.4950
100533182	-0.3731	0.6349
10427	-0.4495	0.5280
693161	-17.2604	0.4950
55013	0.2308	0.5722
107986302	1.3064	0.4027
839	0.2848	0.4143
81579	-0.6526	0.2863
3426	-1.0719	0.4313
54433	0.4082	0.7302
10692	-4.1988	0.1106
345193	-2.8985	0.1533
1950	1.2317	0.3902
79071	0.3051	0.8195
107986303	-1.6396	0.3115
105377362	0.0000	nan
2028	1.4652	0.3149
110231149	-15.9932	0.3033
105377363	1.3734	0.5426
5308	0.3255	0.4595
100126354	0.0000	nan
105377364	0.0000	nan
105377365	0.0000	nan
105377366	0.0000	nan
105377367	15.4593	0.2722
105377369	15.6896	0.2722
105377370	0.0000	nan
132720	0.4307	0.7288
55435	-0.8162	0.2257
92610	-0.1017	0.8395
80216	-1.2852	0.0056
107986304	-2.6820	0.0949
63973	0.0000	nan
105377372	0.0000	nan
55345	0.1474	0.9050
51574	-0.0037	0.9176
109864269	1.0495	0.1295
442912	0.7289	0.6694
442896	-17.7877	0.4950
407028	-19.3516	0.4950
442895	-20.3610	0.2754
442894	-20.3861	0.0709
287	-1.1623	0.1767
102723896	-15.0855	0.4950
105377373	-14.0607	0.4950
100302188	0.0000	nan
102465878	0.0000	nan
105377374	0.3552	0.7741
817	0.1914	0.7847
105377375	1.7668	0.0439
79642	0.3223	0.7319
107986305	-1.2121	0.3082
105377376	0.0000	nan
107986235	0.0000	nan
105377378	-0.8629	0.3753
105377379	0.0000	nan
105377380	0.0000	nan
7368	-0.3141	0.8074
693162	0.0000	nan
105377382	5.0529	0.2846
64579	0.0000	nan
105377383	0.0000	nan
100302290	0.0000	nan
105377384	0.0000	nan
105377385	0.0000	nan
107986306	0.0000	nan
105377387	0.0000	nan
105377388	0.3100	0.6924
133022	-0.4713	0.5195
105377389	0.0000	nan
105377390	0.0000	nan
103689918	0.0000	nan
102723914	2.4920	0.0403
105377391	0.0000	nan
9348	-2.8238	0.4729
107986307	-1.1870	0.2132
105377392	-19.9420	0.1416
100093630	-1.0863	0.3612
677809	-1.7669	0.1710
8492	-1.3121	0.0640
105379403	-15.1985	0.3033
645455	-0.0836	0.8625
729218	-1.0652	0.1676
101929741	-15.4478	0.1083
57721	-0.4729	0.3432
9871	0.2458	0.7839
171024	-2.8999	0.0545
105377393	-15.7310	0.3862
105377394	0.0000	nan
102723967	-16.8181	0.2729
105377395	-3.8927	0.2556
51778	-2.8552	0.4885
105379404	-1.5448	0.1485
101929762	-0.6065	0.5521
54532	-2.8991	0.3122
401152	0.1809	0.8489
2169	-16.9768	0.4628
107986193	-0.4633	0.7350
401149	-1.1038	0.0147
107983979	-0.0065	0.9941
101926918	-0.2062	0.8481
645513	-0.7988	0.3437
8654	0.4533	0.7262
105377396	0.0000	nan
105377397	0.0000	nan
101927007	0.0000	nan
100996694	0.0000	nan
4085	2.4340	0.2224
11107	-0.4160	0.4852
105377399	-0.5054	0.7113
79625	1.4727	0.4374
105377400	1.7280	0.4316
79931	1.6016	0.1748
84109	-14.0982	0.2277
107986309	0.0000	nan
107986310	0.0000	nan
105377401	0.0000	nan
105377402	-0.8385	0.5581
308	1.3156	0.3402
132332	-1.5949	0.2935
100192379	-2.1768	0.1746
5393	0.7170	0.2146
890	2.9924	0.2762
55212	-0.3374	0.6368
7222	-2.2435	0.0873
102724158	-19.8720	0.0135
112268469	-0.3265	0.2409
84162	-1.7522	0.2262
132612	0.0000	nan
3558	0.0000	nan
59067	-15.3658	0.2242
100996941	-1.1478	0.4484
166379	-0.3737	0.0891
729338	0.7653	0.6403
2247	0.5776	0.6345
11162	1.4225	0.4327
166378	0.1404	0.8056
105377404	-1.6439	0.3902
10252	-4.1585	0.2654
100189197	19.4160	0.2722
107986311	0.0000	nan
105377405	0.0000	nan
285419	-1.4833	0.1769
105377407	0.0000	nan
105377406	3.2775	0.3168
105377408	0.0000	nan
101927087	-1.1700	0.5756
57182	-0.0081	0.9930
79633	-1.5466	0.0682
100302267	0.0000	nan
101927109	0.0000	nan
105377409	-17.2542	0.0792
105377410	-13.4608	0.4950
105377411	1.1281	0.4398
102724210	-16.3499	0.2893
107986312	-13.7364	0.4950
105377412	-14.0204	0.4950
105377413	-0.6258	0.8150
27152	-1.2647	0.0644
83447	0.0000	nan
105377414	-14.3050	0.4950
22824	-2.0488	0.1479
10733	3.0458	0.3006
256471	-1.0306	0.1532
80167	-0.4699	0.5767
55132	-0.0614	0.8925
10424	-0.3248	0.7067
100507487	-3.4643	0.2016
101927259	0.7809	0.5514
79960	0.3847	0.4393
132320	0.3479	0.6511
132321	0.8026	0.3923
105377416	0.0000	nan
105377417	0.0000	nan
101927282	0.0000	nan
107986313	0.0000	nan
105377418	0.0000	nan
105377420	0.0000	nan
105377422	0.0000	nan
105377423	0.0000	nan
105377424	0.0000	nan
101927305	-15.3409	0.4950
105377425	-15.0882	0.4950
105377428	0.0000	nan
107986236	0.0000	nan
104355285	0.0000	nan
105377431	0.0000	nan
105377432	0.0000	nan
101927359	-16.1411	0.3682
57575	-1.2617	0.5205
132430	1.2510	0.1680
105377434	0.0000	nan
105377436	17.4260	0.2722
105377438	0.0000	nan
105377437	16.2705	0.2722
105377439	21.0658	0.2722
100507528	0.0000	nan
105377441	-4.2184	0.2686
729307	1.1605	0.5990
105377442	0.0000	nan
54510	-0.5368	0.4142
105377443	-5.6594	0.3928
101927414	-13.9930	0.2691
107986314	-0.8160	0.6080
105377444	0.0000	nan
105377445	-15.3837	0.4202
107986315	-13.8925	0.2261
105377447	0.0000	nan
641365	0.0000	nan
641364	-1.5827	0.2726
23657	-1.2062	0.3566
105377446	-12.0948	0.4950
100874047	0.0000	nan
105377448	-18.4259	0.0658
25819	-0.0005	0.9988
1998	-0.6843	0.1295
105379412	1.7111	0.4705
84709	-3.2066	0.2200
4717	-1.1690	0.0301
80155	0.3371	0.7109
105377449	0.3630	0.7869
107984036	-1.4703	0.0439
83452	-0.2184	0.7933
80854	-0.6472	0.3985
105377451	17.3460	0.2722
105377622	2.4307	0.3568
101927490	0.0000	nan
4258	-0.9430	0.2537
55534	-2.2512	0.0522
105377452	-13.1160	0.4950
101927516	-1.2943	0.4383
60592	-0.0150	0.9893
100129858	-0.9816	0.0550
1047	-0.0282	0.9781
152586	0.0000	nan
255520	-0.5309	0.4823
7350	0.6487	0.6473
23158	-0.6876	0.3831
644962	1.4762	0.4744
57484	-2.8672	0.3984
27309	-0.1958	0.5690
100507639	-0.3848	0.7424
105377456	-13.7580	0.4950
3600	-1.6837	0.0642
8821	0.1528	0.8919
101927613	-15.4567	0.1132
105377457	-12.0904	0.4950
107986194	-2.1426	0.1936
105377623	-0.3225	0.6902
84640	-0.2873	0.6857
2549	-0.7596	0.2454
100423017	0.0000	nan
100128055	-1.6558	0.1120
8467	-0.0076	0.9911
441046	-2.1464	0.1217
166752	-3.0566	0.5013
105377458	-1.2374	0.5287
105377459	-3.0355	0.0326
2996	-0.7801	0.1992
101927636	-4.2382	0.2676
2994	-14.9292	0.2092
105377460	-15.9958	0.0575
2993	-14.2188	0.3033
107986317	-15.0449	0.2192
105377461	0.0000	nan
105377462	0.0000	nan
646576	2.9028	0.3335
64399	-0.1494	0.9067
10393	-0.4621	0.1237
6059	0.5401	0.6796
54726	-0.5125	0.5212
105377465	0.0000	nan
105377466	16.3845	0.2722
4086	-0.2692	0.4413
101927659	0.0000	nan
104326058	0.5812	0.5563
285422	0.0000	nan
105377467	0.0000	nan
166785	-0.6060	0.4878
646603	-0.6317	0.3029
152485	-0.3813	0.5739
105377468	-11.1785	0.4950
105377469	0.0000	nan
100505545	0.0000	nan
105377470	0.0000	nan
11157	0.1848	0.6095
345051	-14.9227	0.2542
84068	0.7865	0.4658
105377472	0.0000	nan
102465837	-18.1299	0.2192
5458	0.0000	nan
83894	2.0697	0.3841
105377474	0.0000	nan
105377473	0.7108	0.7437
105377475	0.0000	nan
105377476	-16.3870	0.4950
100313938	0.0000	nan
1909	0.6979	0.6127
105377478	15.0319	0.0252
105377477	0.0000	nan
55751	-0.1529	0.8078
90826	-0.8205	0.0562
79658	0.0173	0.9537
100616246	0.0000	nan
4306	-1.0333	0.6292
102724672	0.7284	0.6695
107986195	-16.1200	0.4346
105377483	0.6016	0.7827
105377481	0.0000	nan
105377480	0.0000	nan
107986319	-15.0017	0.4950
101927849	0.0000	nan
107986320	0.0000	nan
285423	-15.1766	0.4950
105377479	0.0000	nan
166614	-1.5530	0.0892
987	-0.4649	0.4069
729558	-15.5770	0.3886
10586	-19.6073	0.3056
6189	0.3925	0.6202
114655	-19.4548	0.3066
8944	-0.3061	0.7780
152503	-0.4633	0.5946
107986196	-1.2246	0.0225
105377485	-0.9898	0.4544
345062	-13.8763	0.4950
105377486	-15.1715	0.0658
729830	-1.4062	0.1268
5188	0.0595	0.9093
107986197	-2.5890	0.0085
105377488	0.0000	nan
102724700	0.0000	nan
100505685	0.0000	nan
100996286	16.1196	0.2722
105377490	17.7553	0.2722
105377489	0.0000	nan
105377492	-14.6402	0.2709
55294	-0.9087	0.2189
102191832	-2.1741	0.0662
100422896	20.7369	0.2722
54553	-0.3173	0.6902
100616193	-17.3644	0.4950
201799	0.1665	0.8533
105377495	0.0000	nan
201798	-18.0315	0.0927
27236	-0.3082	0.5973
729870	-15.9195	0.2262
85462	-0.2846	0.6598
23321	-0.4309	0.6871
105377496	0.4773	0.7849
303	1.0225	0.0353
84057	3.4445	0.0598
23240	0.5616	0.5931
105377498	-15.1424	0.4950
100419170	0.0000	nan
7097	-1.5049	0.1988
285533	-3.2207	0.0778
105377499	-1.8582	0.2004
6423	-3.1093	0.1035
101927947	-3.6989	0.1394
54798	-2.7188	0.1153
5356	-0.3477	0.2389
2244	15.8630	0.2722
2243	0.0000	nan
2266	0.0000	nan
9227	2.8671	0.3353
105377500	-16.8229	0.2753
166863	-1.8315	0.2166
105377501	0.0000	nan
4887	0.0000	nan
107986321	0.0000	nan
105377502	0.0000	nan
79884	0.5716	0.6149
102724776	1.1901	0.2313
105377503	0.0000	nan
105377505	16.5893	0.2722
105377504	0.0000	nan
2982	-0.0036	0.9978
107984032	0.0000	nan
105377506	0.0000	nan
2983	-0.7548	0.4666
51802	-0.8680	0.7017
105377507	-2.8641	0.0462
6999	0.3543	0.7503
1519	-0.6717	0.2972
102724785	-15.5090	0.2192
105377508	3.3556	0.0260
107986322	-15.2428	0.3862
56034	0.1203	0.9160
2743	-2.2753	0.2438
2891	-13.7903	0.3432
112268471	0.0000	nan
107986238	0.0000	nan
340017	0.0000	nan
105377509	17.9045	0.2722
51313	-2.3912	0.0490
285505	-2.6613	0.0602
101928007	-13.7332	0.4950
55314	0.1783	0.8640
105377510	17.5254	0.2722
59350	-2.3772	0.2507
201725	0.6568	0.5901
2110	0.1455	0.6048
5481	0.5025	0.2221
57600	0.1198	0.8956
152940	-1.2922	0.4302
9693	-1.7950	0.0832
100500881	0.0000	nan
100616303	0.0000	nan
107986324	0.0000	nan
105379457	0.0000	nan
109729132	18.7449	0.2722
107986239	0.0000	nan
105377512	-14.1784	0.4950
105377513	0.0000	nan
105377514	0.0000	nan
105377515	-14.4370	0.4950
56884	-4.6569	0.2370
101928052	0.0000	nan
105377516	0.0000	nan
100616234	0.0000	nan
92345	-0.5636	0.2439
101928081	-1.2415	0.2783
105377517	0.0000	nan
4886	4.7809	0.2874
4889	0.0000	nan
84076	0.0000	nan
55319	-0.0437	0.9482
55016	0.6944	0.6447
107986325	0.0000	nan
23520	-0.7624	0.5862
100505989	-13.6036	0.4950
100506013	-6.0481	0.2015
391712	-0.0321	0.9688
152756	-1.0910	0.0945
166655	0.0000	nan
201931	-0.8566	0.0602
11275	-1.0096	0.0414
2713	0.7111	0.7436
6307	0.0750	0.9540
105377519	3.8130	0.3041
1363	-2.8825	0.0843
693163	-17.2552	0.4950
105377520	0.0000	nan
101928151	0.0000	nan
101928131	0.0000	nan
105377521	0.0000	nan
7092	0.2923	0.8457
50859	-13.3296	0.4950
105377523	15.4311	0.2722
11199	-1.1916	0.2183
105377524	-2.7803	0.1633
55601	-0.5599	0.2116
91351	-0.3442	0.5823
107986198	-14.1693	0.3033
23022	-1.2415	0.4951
107986199	-15.3604	0.4950
102723331	-2.6011	0.0254
84869	-0.4650	0.6840
107986200	0.0000	nan
105377527	-15.5637	0.3862
57630	-0.2021	0.8034
105377529	-14.7677	0.3065
4750	-0.5575	0.4747
1182	-1.0405	0.1352
54969	-0.0416	0.8537
107986240	0.0000	nan
105377530	0.0000	nan
100506085	-11.7831	0.4950
9848	-2.0670	0.2787
51166	0.5612	0.6460
107986326	-0.1461	0.8956
101928223	0.0000	nan
107986241	0.0000	nan
100506107	0.0000	nan
100506122	0.0000	nan
102466953	0.0000	nan
105377534	0.0000	nan
101928288	14.5460	0.2722
105377535	0.0000	nan
105377536	0.0000	nan
441052	-15.1718	0.3033
442117	3.1781	0.3203
105377537	0.0000	nan
101928314	0.0000	nan
107986201	0.0000	nan
101930370	-0.7284	0.1940
51809	0.4032	0.7475
100422849	0.0000	nan
3148	1.9044	0.1108
105377541	2.9264	0.3343
105377540	-0.2175	0.5943
8819	0.4807	0.3264
101928383	-0.4752	0.7012
11341	-1.7910	0.1461
112268474	-16.4108	0.2624
112267917	-18.2452	0.0275
101928409	1.3581	0.4331
9464	3.5867	0.3022
79804	3.3174	0.3071
107986203	0.0000	nan
101928478	0.0000	nan
105377543	0.0000	nan
105377544	0.0000	nan
105377546	16.7260	0.2722
107986204	16.2004	0.2722
101928509	-16.3888	0.2678
26269	-0.8539	0.0047
80817	-0.3893	0.6714
105377547	0.0000	nan
100423042	0.0000	nan
3248	-14.0193	0.4950
105377548	0.0000	nan
105377549	0.0000	nan
105377551	0.0000	nan
8001	-10.6287	0.4950
101928551	0.0000	nan
11086	0.7455	0.7315
105377552	16.3912	0.2722
2823	-1.3770	0.3849
101928590	0.0000	nan
107984113	0.0000	nan
116966	-0.0149	0.9844
132851	0.2210	0.7604
140458	1.8428	0.2986
60559	0.7889	0.5715
105377555	0.4025	0.7848
7424	0.3507	0.3625
105377556	-17.5499	0.4219
105377557	0.0000	nan
55247	2.3278	0.3174
105377558	5.3045	0.2293
175	-0.8191	0.3917
285500	-1.4244	0.4021
105377559	-16.8303	0.4029
285501	-13.8262	0.4950
105377560	0.0000	nan
101928656	0.0000	nan
105377561	0.0000	nan
105377562	0.0000	nan
105377563	0.0000	nan
105377564	15.2531	0.2722
105377567	15.2652	0.2722
105377565	0.0000	nan
105377568	0.0000	nan
728081	0.0000	nan
101928679	0.0000	nan
107986205	0.0000	nan
55714	1.3927	0.2314
105377573	0.0000	nan
90768	0.9334	0.3187
100302270	0.0000	nan
105377572	3.4518	0.0665
105377571	3.7105	0.3068
105377576	-0.8256	0.2573
1635	-0.9071	0.0029
105377577	0.0000	nan
107986327	-17.8052	0.3886
112268472	0.0000	nan
107986328	0.0000	nan
403315	0.0000	nan
105377578	0.9169	0.5792
152641	-0.7986	0.2954
80014	-1.1007	0.2229
101928734	-16.5543	0.4950
53842	0.9354	0.5442
100132463	-4.1456	0.0474
107986217	-1.5395	0.1825
55602	-0.5311	0.4224
389247	-0.4416	0.7112
3622	0.0221	0.9183
101929996	0.0000	nan
105377579	0.0000	nan
105377580	-13.3089	0.4950
107986329	0.0000	nan
201965	-0.2271	0.7743
60684	-0.7404	0.0832
105377581	0.0000	nan
56977	-0.5326	0.6382
107986330	0.0000	nan
133121	-3.1489	0.1619
105377582	-14.5161	0.4950
105377584	-13.0295	0.4950
728175	-14.9914	0.3293
107986332	-15.0146	0.3066
102723766	-16.3643	0.1082
3660	0.0285	0.9703
105377585	-0.4537	0.7557
105377586	4.2957	0.2941
836	0.2186	0.7875
201973	-0.8839	0.1327
79682	1.4774	0.1688
2180	-1.2206	0.1190
643036	2.4777	0.3590
105377587	0.0000	nan
731424	14.6801	0.2722
100500818	0.0000	nan
100506229	0.0000	nan
100616111	0.0000	nan
107986333	-13.4240	0.4950
391723	0.0000	nan
101928877	0.0000	nan
105377588	0.0000	nan
291	-0.5929	0.2678
57587	-0.6869	0.3259
83891	-0.5306	0.1157
55805	-0.2947	0.6576
107986206	-3.2080	0.0110
353322	-1.4330	0.0008
55325	-0.2204	0.7364
441054	-0.6724	0.4368
256309	-3.5718	0.2183
105377590	-1.2136	0.1140
27295	-17.1879	0.2312
8470	-1.8161	0.3751
101928929	0.0000	nan
7098	-1.2783	0.1526
25854	-0.3646	0.7661
651430	-17.2860	0.2567
285440	-0.0421	0.9580
3818	0.8627	0.5882
2160	1.3735	0.5425
285441	12.7358	0.2722
105377596	0.0000	nan
4543	-15.4296	0.4950
2195	-2.0041	0.4510
107986334	-2.9352	0.4036
102723906	-3.6411	0.1871
105377599	-1.6505	0.3705
105377600	0.0000	nan
107986335	-20.3459	0.2685
339975	-7.9638	0.2483
105377602	-15.8799	0.4950
102723920	-16.2297	0.4289
100506272	18.2551	0.2722
105377604	15.7809	0.2722
105377603	0.0000	nan
107983963	0.0000	nan
132625	17.1206	0.2722
205860	-16.5163	0.4567
107986337	0.0000	nan
339976	0.0000	nan
105377606	0.0000	nan
105377607	0.0000	nan
105377608	-14.5874	0.4950
105377609	-1.6860	0.4471
401164	-2.5676	0.1549
101930028	-15.2150	0.4950
105377610	-17.4775	0.4950
105377611	0.0000	nan
105377612	0.0000	nan
105377613	17.7350	0.2722
105377614	0.0000	nan
105377615	0.0000	nan
101928971	0.0000	nan
105377616	-4.0699	0.2131
728339	-0.4794	0.7086
105377619	-13.3819	0.4950
105377617	-16.0029	0.4950
2483	0.5829	0.2294
448831	15.7757	0.2722
100419743	0.0000	nan
107986338	0.0000	nan
100288687	0.2574	0.8495
100874392	0.7284	0.6695
105374602	0.0000	nan
153478	2.1030	0.2860
107986394	0.0000	nan
389257	-15.2433	0.0028
133957	-1.0545	0.0290
6389	-0.2307	0.6934
102467073	-0.4757	0.3129
10016	-0.6920	0.0133
57491	-1.2762	0.0042
116349	-0.5685	0.2762
11336	-0.3117	0.5129
6550	-1.3577	0.0588
25845	-1.0047	0.0619
100288152	-2.6009	0.0284
107986395	15.1875	0.2722
100616381	0.0000	nan
105374606	0.0000	nan
105374607	0.0000	nan
105374608	-1.2941	0.4383
100996325	0.0000	nan
55722	-1.1919	0.1674
11076	-0.2625	0.7317
101929898	0.0000	nan
653082	-1.6671	0.0305
101928768	-13.7381	0.4950
79844	-2.9359	0.0926
65980	-0.4059	0.3460
9319	2.7638	0.2352
100506688	-0.5343	0.6988
85409	-2.6152	0.2276
10723	-1.3963	0.1072
100616479	-17.5714	0.4950
105374612	-11.6564	0.4950
107986396	0.0000	nan
101928857	0.0000	nan
340024	0.0000	nan
348932	0.0000	nan
7015	0.0000	nan
100616235	0.0000	nan
81037	-0.6024	0.4519
100506791	0.0000	nan
6531	16.4536	0.2722
79888	-0.5575	0.2581
102466103	0.0000	nan
107986397	-13.0506	0.2192
728609	-1.4936	0.0026
728613	-1.2493	0.0138
105374614	0.0000	nan
100422966	0.0000	nan
101929003	1.2637	0.0350
64979	0.5826	0.4831
4726	0.3296	0.6760
101929034	0.0000	nan
50805	-0.6467	0.8099
101929056	0.0000	nan
101929081	0.0000	nan
112267929	0.0000	nan
112267947	3.7105	0.3069
105374616	0.0000	nan
105374618	0.0000	nan
100506858	0.0000	nan
107986398	0.0000	nan
153572	-0.9007	0.0303
101234261	-2.5200	0.0691
153571	-1.4433	0.0325
105374620	0.0000	nan
107983966	0.0000	nan
107984098	0.0000	nan
105374621	0.0000	nan
102467074	0.0000	nan
285577	0.0000	nan
105374624	0.0000	nan
102467075	0.0000	nan
79192	-1.8578	0.0175
107986399	-0.0195	0.9733
105374625	0.0000	nan
105374626	0.0000	nan
105374627	-15.8791	0.4950
107986400	-11.3654	0.4950
101929153	0.0000	nan
105374629	0.0000	nan
105374630	0.0000	nan
340094	17.7029	0.2722
105374631	0.0000	nan
101929176	0.0000	nan
170690	-13.5672	0.3229
101929200	-1.2697	0.0953
23379	-0.3668	0.5322
105374634	0.0000	nan
105374636	0.0000	nan
401172	0.0000	nan
84246	-1.0344	0.0226
134111	-4.0478	0.2366
105374639	-16.3789	0.2187
255167	-1.3308	0.4626
54888	-0.6823	0.0806
6715	0.3623	0.6328
100505625	-3.2822	0.0872
11044	-0.7273	0.3367
107986401	-14.3970	0.3292
102724943	-12.5337	0.3066
109729133	0.0000	nan
100422999	0.0000	nan
105374641	0.0000	nan
105374642	0.0000	nan
107986402	0.0000	nan
105374643	0.0000	nan
442132	0.0000	nan
105379638	0.0000	nan
101929261	0.0000	nan
105374645	0.0000	nan
105374644	0.0000	nan
107986403	0.0000	nan
108	0.7282	0.5253
105374646	0.0000	nan
134121	2.2723	0.1144
4552	0.2879	0.6141
79072	0.0313	0.9416
102723339	0.0000	nan
729506	-15.8314	0.3886
100505738	-0.3080	0.5666
100616142	0.7955	0.6121
105374647	0.0000	nan
101929307	1.7329	0.1984
101929284	-14.2660	0.4950
9037	-1.3142	0.0709
100616326	-17.5533	0.4950
101929338	-0.5425	0.7142
100505806	-0.7753	0.1377
100113384	-1.2400	0.2069
101929359	-14.5071	0.4950
50834	-18.3058	0.0788
285692	-17.1116	0.0905
105374649	1.7466	0.4641
105374648	0.0000	nan
107986405	4.0892	0.2979
134145	-0.3933	0.5302
22948	0.7776	0.0106
134147	-0.1756	0.7903
105374651	0.3891	0.8605
101929977	-0.9188	0.0020
10299	-0.9753	0.1938
113218502	-2.4687	0.0168
100505845	-15.2084	0.2192
83853	-0.0451	0.9735
105369214	-14.2633	0.4950
102465138	0.0000	nan
101929412	15.7576	0.2722
389273	0.0000	nan
651746	-2.3271	0.1100
1611	-0.9210	0.1546
105374652	-19.1538	0.4040
102723441	0.0000	nan
105374654	0.0000	nan
1501	-14.2087	0.4219
105374656	18.0162	0.2722
105374655	14.9128	0.2722
404663	0.0000	nan
105374657	0.0000	nan
105374658	0.0000	nan
105374659	0.0000	nan
105374660	-16.1894	0.3033
1767	-0.7903	0.4299
7204	-0.6248	0.3445
109623458	-0.8869	0.6961
54491	-0.6906	0.7592
106635684	0.3223	0.8129
90268	-0.6934	0.2198
56172	-1.0912	0.1543
100130744	-1.8106	0.0199
100616271	0.0000	nan
105374661	0.0000	nan
107986376	0.0000	nan
101929454	0.0000	nan
23194	-1.4825	0.0814
101929472	0.0000	nan
107986343	-15.0157	0.1083
100126347	-21.6489	0.0054
107986406	-0.7366	0.6629
441061	0.0000	nan
107986407	0.0000	nan
105379640	0.0000	nan
401176	16.2466	0.2722
101929505	0.0000	nan
105374663	-16.6787	0.2219
90441	-0.0383	0.9597
54463	-1.5672	0.3462
101929524	-1.1021	0.5627
4651	-0.4671	0.7504
285696	-2.1477	0.2138
113218490	0.0000	nan
105374664	-14.7855	0.3229
10409	1.0132	0.0565
401177	-12.7001	0.4950
101929544	-13.9051	0.4950
102723526	0.0000	nan
340096	0.0000	nan
391769	0.0000	nan
105374666	-16.0233	0.4950
646241	-15.3420	0.4950
105374668	0.0000	nan
107986408	0.0000	nan
105374669	0.0000	nan
1016	2.7415	0.3186
105374672	0.0000	nan
102725105	0.0000	nan
105374676	0.0000	nan
105374677	0.0000	nan
112267938	-0.9969	0.0945
105374673	0.0000	nan
105374678	0.0000	nan
102723561	0.0000	nan
728411	-1.3538	0.0023
105374685	0.0000	nan
1010	-14.8930	0.1228
105374683	18.1845	0.2722
106635539	2.3624	0.3471
107986345	0.0732	0.9581
5369	0.0000	nan
105374682	0.0000	nan
105374681	0.0000	nan
101929617	16.3356	0.2722
105374686	0.0000	nan
105374687	0.0000	nan
105374688	0.0000	nan
56979	0.0000	nan
107986377	0.0000	nan
439936	-0.5218	0.6650
105374689	-15.3581	0.4255
1008	-4.3715	0.2396
340107	0.0000	nan
105374694	0.8914	0.5823
105374693	0.0000	nan
1007	0.0000	nan
105374695	0.0000	nan
643401	-1.9073	0.1192
105374696	0.0000	nan
105374698	0.0000	nan
105374701	0.0000	nan
107986409	0.0000	nan
729862	-16.6425	0.2691
107986410	0.0000	nan
101929645	0.0000	nan
105374699	0.0000	nan
101929660	15.8075	0.2722
101929681	0.0000	nan
105374702	0.0000	nan
105374703	0.0000	nan
105374704	0.0000	nan
105374705	0.0000	nan
105374706	0.0000	nan
105374707	0.0000	nan
1004	-3.6973	0.3318
105374709	-13.1396	0.4950
29102	-0.0196	0.9051
55322	0.1915	0.8117
23037	-0.8550	0.2136
100422874	0.0000	nan
105374711	-2.6514	0.2572
64083	-0.5892	0.2785
54545	-0.1117	0.9053
51663	-0.6431	0.3391
693164	-19.5545	0.3587
10923	1.2371	0.3106
105374714	-13.1764	0.4950
4883	1.8871	0.2854
340113	16.9368	0.2722
105374715	3.5886	0.3080
105374716	2.7167	0.3517
107986411	-0.9746	0.4224
6897	0.1315	0.8473
105374717	-16.7674	0.3065
81792	-0.9218	0.1775
51289	0.0000	nan
51151	0.2410	0.9068
23600	-0.2518	0.7475
100534612	-0.3213	0.6533
114899	-2.7361	0.2836
646652	0.2492	0.8415
105374719	0.0000	nan
105374721	0.0000	nan
105374723	-17.9180	0.0101
26064	-0.2460	0.6277
101929704	-0.9976	0.3187
153657	-1.0005	0.1155
5810	-0.9872	0.0971
55299	0.1531	0.7758
134218	0.2596	0.5718
64902	0.0000	nan
5618	0.9490	0.6039
79925	-0.5742	0.4468
105374724	1.3126	0.4963
3575	0.5797	0.3321
133690	-1.4493	0.1207
100506406	0.0000	nan
133688	0.0000	nan
167127	-18.7243	0.2439
92255	-0.2368	0.8296
693165	-17.2401	0.4950
6502	-0.3748	0.6487
133686	-0.5667	0.4621
202151	-8.3565	0.4912
6507	-1.8291	0.0922
107986413	-2.7054	0.1516
107986412	-16.6857	0.4575
646719	-0.1589	0.8403
25836	-0.3635	0.6150
65250	-0.3924	0.6444
105374727	-1.8149	0.2115
9631	0.2864	0.6902
55100	-0.6445	0.1041
2668	-0.1238	0.8822
100861519	-1.0356	0.2227
105374728	-11.6512	0.4950
105374729	-14.7474	0.4950
105374731	-14.9883	0.4950
105374730	0.0000	nan
101929745	0.0000	nan
133584	-0.2091	0.8715
100852408	0.0000	nan
100506475	14.6968	0.2722
105374732	1.7460	0.4642
3977	0.1211	0.9145
100506495	-0.5147	0.5788
100500824	-0.9796	0.4106
105374735	0.0000	nan
101929768	-4.3956	0.0363
101926904	-2.0668	0.5160
107986414	-17.8517	0.0909
105374733	-1.2429	0.1931
112267930	-18.8418	0.1539
9180	-1.4178	0.0235
253260	0.0421	0.9692
2533	-4.3278	0.4093
735	0.6322	0.3698
1601	0.6661	0.5808
112267931	-2.0295	0.0590
101926940	-4.8286	0.0172
102467077	0.0000	nan
105374736	0.0000	nan
105374737	-14.2684	0.4950
5734	0.3024	0.7140
23548	-0.9167	0.2618
5562	-0.2487	0.7844
6167	-0.0216	0.9822
619564	-0.6044	0.7675
84674	-0.1298	0.7994
730	-1.4515	0.4404
133558	0.0000	nan
105374739	0.0000	nan
729	-12.7252	0.2192
102723740	0.0000	nan
345557	-0.1532	0.9491
105374740	0.0000	nan
5019	1.0228	0.4360
102723752	2.4257	0.0239
100874002	-0.5664	0.4972
285636	-0.1195	0.9073
26272	-0.0972	0.8953
101926960	0.0000	nan
2690	-1.5467	0.3968
100129792	-2.3775	0.1739
6414	-3.6315	0.1335
105374745	-2.1721	0.1057
643977	0.1514	0.6291
105374746	-0.8045	0.1320
648987	-0.2339	0.5577
105374748	-2.2774	0.1038
389289	-0.4876	0.2331
153684	-1.2991	0.0205
100132356	-0.9233	0.1161
100506639	-0.7899	0.0302
7690	-0.3947	0.2726
167359	-1.6294	0.0075
3157	-0.8985	0.4750
56477	0.1606	0.9067
64417	-0.9347	0.2624
105374749	-2.3487	0.0218
375444	0.6896	0.5998
10605	-1.1805	0.0025
100652772	0.0087	0.9920
23530	-0.4841	0.2511
2255	-2.4847	0.2595
101927075	-15.4417	0.0502
102723839	0.0000	nan
100506674	0.6941	0.6694
10884	0.1111	0.3750
348980	-2.7695	0.1784
133418	-0.2893	0.8268
79668	-0.5887	0.3270
100287592	0.0000	nan
107986379	0.0000	nan
642366	0.0000	nan
3670	2.7105	0.3521
105378959	0.0000	nan
105378960	0.0000	nan
105378961	0.0000	nan
105378962	0.0000	nan
105378963	1.7612	0.4249
105378964	4.5176	0.2907
3672	-1.0559	0.2528
53918	0.5161	0.3603
3673	2.5097	0.3369
4338	0.0216	0.9489
257396	-0.3497	0.3348
107986380	0.8372	0.4777
105378965	-0.3728	0.7453
10468	0.4521	0.6171
4724	0.4549	0.2743
105378966	0.0000	nan
54622	-1.0763	0.1891
693166	0.0000	nan
104355136	-16.5716	0.2262
8988	-0.4772	0.2471
112574	-0.3509	0.5917
105378967	-0.8617	0.4213
105378968	-0.8706	0.3827
102467080	0.4532	0.7057
105378969	2.1799	0.3756
11082	-0.8906	0.7163
102467081	0.0000	nan
3003	0.0000	nan
105378971	0.0000	nan
3001	0.0000	nan
166979	-0.5488	0.7826
493869	0.2470	0.6365
554213	0.0000	nan
693123	0.0000	nan
100313923	0.0000	nan
345643	-0.8810	0.6990
10309	0.6492	0.6135
54505	-0.1890	0.7817
105378973	-0.1374	0.7895
23517	-0.7661	0.0676
107986415	-16.4296	0.2261
8611	-0.8883	0.4239
100847019	0.0000	nan
379013	-1.8496	0.3507
105378975	-18.1932	0.0013
153129	-1.1059	0.0222
54514	-14.6707	0.0502
133396	-1.6405	0.0224
3572	-0.7009	0.4280
441072	1.1526	0.1937
105378976	0.0000	nan
79722	-1.6930	0.0585
101928419	-0.8463	0.4155
105378977	0.0000	nan
102467147	-19.4254	0.0659
101928448	-14.7891	0.2192
105378978	14.5069	0.2722
105378979	15.6082	0.2722
4214	-0.8431	0.1972
105378980	0.0588	0.9521
133383	-0.0729	0.8804
166968	-0.7899	0.1917
65056	-0.1675	0.6621
107986381	0.0000	nan
345651	0.0000	nan
102724122	-17.1872	0.0032
100996645	16.8715	0.2722
101928505	0.0000	nan
101928539	14.7154	0.0004
101928569	-13.6767	0.4950
105378983	0.0000	nan
105378984	0.0000	nan
10769	0.0799	0.8653
202309	0.0000	nan
100616339	0.0000	nan
101928600	0.0000	nan
115827	0.0000	nan
5144	-0.2809	0.0192
107986348	15.0689	0.2722
107986347	-13.3537	0.4950
693167	0.0000	nan
105378988	-14.4119	0.4950
107986350	13.6697	0.2722
25859	1.5407	0.4607
55789	3.0013	0.3046
79993	2.9655	0.2792
1161	-1.2253	0.1266
105378991	-0.5498	0.5041
91942	0.6038	0.4131
643155	-0.2169	0.7978
101928630	-1.0437	0.0607
105378992	2.8338	0.3440
105378993	-16.1985	0.4950
105378994	-17.3452	0.3229
57688	-0.0304	0.9697
105378997	0.0000	nan
285668	0.0000	nan
101928651	0.0000	nan
100506526	-13.6693	0.4950
105378995	0.0000	nan
105378998	0.0000	nan
3796	-0.3619	0.6498
27292	0.1852	0.8439
51194	0.0192	0.9821
101180901	0.2595	0.5335
100130733	-3.3395	0.1030
107986418	0.0000	nan
107986416	0.0000	nan
105378999	0.0000	nan
3350	0.0000	nan
285671	-2.6049	0.1750
401190	-1.6158	0.4061
100132916	-15.2829	0.4950
285672	0.5442	0.4611
10283	0.7324	0.2417
107986419	14.6269	0.2722
11174	0.6953	0.6339
64105	1.6667	0.4101
23398	0.0415	0.9342
373	-0.3313	0.5961
80006	-0.2036	0.6281
112441434	0.0505	0.9454
54557	0.2751	0.8166
57486	1.0495	0.3418
55914	0.3986	0.6632
100303749	17.2269	0.2722
140890	-0.6692	0.3357
101928741	-14.5241	0.4950
105379004	0.0000	nan
105379003	0.0000	nan
105379002	0.0000	nan
101928769	0.0000	nan
375449	-2.0590	0.4217
101928794	-0.8881	0.5635
4064	-13.7753	0.4950
101928819	-18.5360	0.2887
105379006	0.0000	nan
105379005	-12.4035	0.4950
101928858	-15.0889	0.3033
105379007	4.0888	0.2979
107986420	0.0000	nan
102467655	17.7240	0.2722
5295	-0.7800	0.5141
105379013	0.8068	0.3461
105379012	0.0000	nan
105379011	13.8935	0.0630
105379010	0.0000	nan
105379014	3.9736	0.3004
105379015	14.6565	0.2722
107984116	0.0000	nan
101928885	-15.7932	0.2276
64924	-0.3007	0.6587
109616958	0.0000	nan
891	3.1109	0.1866
112267932	-3.3593	0.0238
64946	1.4346	0.3430
92259	-0.6311	0.1252
1022	0.0363	0.8131
202243	-0.4973	0.5133
102157402	0.4565	0.4782
6880	1.0508	0.0627
5884	-0.5828	0.2809
153562	1.7104	0.1509
101928924	0.0000	nan
100506658	-1.7115	0.2228
109617019	17.5284	0.2722
728340	-0.6716	0.2689
653188	-1.1605	0.0654
107986357	0.0000	nan
105379623	-2.0462	0.3998
105369228	-1.5117	0.1483
112267941	-0.0751	0.9446
728492	-0.4139	0.3126
107986372	-0.7596	0.4094
6607	-0.5523	0.1934
11039	-1.7482	0.0524
112267939	-3.2910	0.1949
112267940	-2.0428	0.4012
107986356	-1.1067	0.3385
105379021	-2.1765	0.3322
653238	-0.5097	0.5158
11042	-1.4789	0.0723
441081	-2.3111	0.1487
105379020	-16.4308	0.1082
107986355	-14.7692	0.2729
107986358	0.0000	nan
653080	-1.7880	0.0507
101929599	-1.0466	0.2570
8293	-0.4198	0.3117
107986373	-0.6991	0.4534
6606	-0.5770	0.1096
4671	-1.5113	0.1118
112267942	-1.1497	0.3502
2966	-0.4585	0.5231
647859	-3.3975	0.0544
109617021	17.5284	0.2722
100049076	-2.8313	0.0483
105379016	-1.5487	0.1630
107986421	-0.6314	0.5358
102724392	1.0164	0.6419
105379026	0.0000	nan
105379025	0.0000	nan
5370	16.1888	0.2722
55814	-0.3929	0.6624
64087	0.2776	0.6792
9607	0.0000	nan
105379027	-15.1921	0.4950
107986382	1.7895	0.2733
105379028	-0.1844	0.8654
4131	1.0118	0.4918
100616377	0.0000	nan
23107	0.0766	0.8889
107986422	-1.7460	0.1243
79810	0.0015	0.9984
167465	3.0588	0.3262
102503427	1.3940	0.3642
102477328	-16.7185	0.2276
3842	0.1535	0.8769
100616152	0.0000	nan
115548	-0.3242	0.7398
134285	-1.3939	0.2104
105379030	-20.4789	0.2062
134288	-16.0935	0.1897
340090	-6.0548	0.3616
105379031	-2.9245	0.1903
105379033	-16.1543	0.4950
107986383	1.0991	0.2718
2297	-0.9787	0.2410
104355294	-15.8894	0.4950
689	-0.2756	0.6537
57763	-0.9371	0.2530
84135	-0.1220	0.8329
64283	-1.1122	0.2865
107986423	0.0000	nan
105379034	0.0000	nan
105379036	-12.6433	0.4950
105379035	0.0000	nan
102503429	0.0000	nan
101929082	0.0000	nan
104310351	0.0000	nan
8507	-0.2222	0.7717
3074	-0.5253	0.3143
84340	0.0828	0.8576
10412	0.4334	0.4970
26049	-0.1976	0.8869
441086	-16.5385	0.4219
105379039	-16.5839	0.4950
105379040	-16.5088	0.3066
51301	-0.2065	0.7269
256006	-16.5360	0.0336
3156	-0.2947	0.6241
10087	-1.0803	0.1320
51426	-0.1601	0.8664
728780	0.5933	0.6102
107986424	0.1332	0.8858
134359	-0.1574	0.7891
441087	-1.0928	0.4800
22987	14.8428	0.2722
105379041	0.0000	nan
105379042	0.0000	nan
10788	-13.0086	0.3065
101929109	0.0000	nan
2151	0.0153	0.9897
100302746	0.0000	nan
2149	1.7881	0.3708
2150	-0.8424	0.6744
170591	0.0000	nan
1393	5.4329	0.2816
55109	-0.4848	0.4257
84327	-3.3685	0.2624
677828	-0.1072	0.9505
728723	-2.3635	0.3426
8622	-3.4090	0.4598
55255	-0.5147	0.5281
23440	-12.4446	0.4950
6902	-0.4454	0.4541
101929154	0.0000	nan
8546	0.0387	0.9414
728769	-0.5383	0.3831
9522	-0.3281	0.7064
10184	-0.6377	0.2407
411	-0.6119	0.2668
29958	-1.7121	0.0445
23743	-1.4619	0.1767
635	-0.6475	0.4699
133746	-1.5564	0.0369
102724530	-0.7443	0.4926
101929201	-0.2283	0.8685
9456	-0.1970	0.8621
107986426	17.5466	0.2722
105379047	-15.8844	0.3033
167153	-0.3033	0.7498
202333	-0.7391	0.3720
102724557	-0.3822	0.7895
105379048	3.1493	0.3220
105616916	-0.6258	0.8150
345778	0.0644	0.9584
7060	-3.7110	0.1292
101929215	-2.2442	0.2074
256987	-1.4950	0.0607
644936	1.4810	0.3971
84654	0.0000	nan
441089	-0.2301	0.7107
9765	-0.9841	0.2480
167555	-1.1627	0.1481
340120	-13.2224	0.4950
103689917	-18.7743	0.0658
1719	0.8242	0.4909
100462981	1.2294	0.4271
4437	0.1395	0.8485
107986428	-0.2294	0.8366
102524628	-14.8011	0.4950
5924	-1.5170	0.2772
107986359	0.0000	nan
1160	-0.2930	0.5493
100131067	-0.4755	0.5940
84240	0.1555	0.6240
134526	0.0719	0.8399
23635	-0.7712	0.3465
107986384	0.0000	nan
107986385	0.0000	nan
83734	0.3611	0.5514
6228	0.5587	0.4059
92270	0.4379	0.3694
105379050	0.0000	nan
100616297	0.0000	nan
102546175	-14.5363	0.4950
107986430	0.0000	nan
105379051	0.0000	nan
105379052	2.5877	0.3505
153339	-0.8485	0.2013
677765	0.0000	nan
7518	0.0305	0.9674
105379053	2.1606	0.4031
1462	0.1523	0.8865
107986431	-0.0983	0.9395
105379054	0.3458	0.7990
1404	-1.0659	0.5391
105379055	0.0000	nan
107986386	0.0000	nan
10085	-1.8912	0.2030
105379057	-1.2334	0.2920
105379059	-12.8729	0.4950
101929321	0.0000	nan
105379061	0.0000	nan
105379062	0.0000	nan
105379063	0.0000	nan
285622	-14.2955	0.3065
105379064	16.3382	0.2722
1350	-0.5269	0.4405
109623460	-21.4805	0.0150
100505878	0.0000	nan
645261	17.7789	0.2722
105379065	15.1725	0.2722
100422887	0.0000	nan
101929380	15.0607	0.2722
55338	-15.2961	0.4950
5921	0.1024	0.9240
902	0.0788	0.8332
644285	-3.6604	0.1591
105379066	-17.2570	0.2691
111082994	0.0000	nan
105379069	0.0000	nan
105379070	14.4380	0.2722
153396	-0.5926	0.4918
112267943	-1.4248	0.1966
100505894	-1.1183	0.2040
102546226	-14.7698	0.2691
645323	-10.9622	0.4950
407047	0.0000	nan
109729137	-0.3146	0.7813
4208	1.1476	0.4558
107986361	0.7058	0.6724
101929423	0.2718	0.8461
107986360	0.6803	0.5846
105379074	0.0000	nan
105379073	0.0000	nan
107986387	0.0000	nan
105379076	0.0000	nan
102724637	12.6753	0.2722
100500825	0.0000	nan
101929495	0.0000	nan
1070	-0.3708	0.6306
731157	-15.9484	0.4950
153364	0.0311	0.9785
10622	0.7044	0.6342
116068	0.5062	0.7148
84059	0.9988	0.6224
105379077	16.7207	0.2722
107986432	-0.0627	0.9566
107986433	-18.4141	0.0144
100505994	-2.8654	0.0795
57561	-1.4090	0.0133
100129716	0.7595	0.4263
107986434	-12.8240	0.4950
105379078	-16.5944	0.2729
105379080	-14.5707	0.2188
105379082	0.4600	0.6503
107984117	0.0000	nan
107986388	0.0000	nan
105379083	-16.9793	0.3033
441094	-1.0091	0.0549
7025	-1.6453	0.0262
83989	-0.9084	0.2091
100313887	-0.5344	0.5273
134187	2.8121	0.0027
105379087	-13.8250	0.1132
285600	-0.5296	0.3757
105379086	0.0000	nan
84250	0.2525	0.8083
79772	1.0150	0.3240
105379085	0.0000	nan
105379089	0.0000	nan
153643	16.8799	0.0017
9652	-0.0460	0.9445
153642	-0.5334	0.4095
285601	-0.8599	0.6066
112267933	0.0000	nan
317671	-0.1714	0.7137
83890	-1.7527	0.0572
105379090	-4.0418	0.1081
22836	0.1193	0.9079
2745	0.6216	0.2901
102724720	-0.7426	0.4714
202299	-16.9092	0.0807
105379091	-0.7459	0.4847
22936	0.4273	0.5796
101929710	-1.5653	0.1902
105379096	0.3532	0.8737
107984114	2.1850	0.2712
693168	0.0000	nan
105379675	0.0000	nan
107986365	-1.5396	0.2861
5122	2.0559	0.0284
107986362	-15.6401	0.4950
831	0.0483	0.9133
107986364	-0.1022	0.9507
107986363	-0.1242	0.9260
105379094	-0.7450	0.7503
51752	-1.0227	0.0121
102724748	-1.1993	0.0464
64167	0.1423	0.7194
4012	-0.4627	0.6328
101926893	1.2376	0.2689
167410	16.4375	0.2722
55781	-0.2209	0.4626
102546227	-1.8195	0.3740
109729164	-0.4310	0.6767
105379098	0.0000	nan
285704	0.8976	0.5270
503569	0.4906	0.7075
107986435	-14.4936	0.4950
105379099	-15.2388	0.4950
1105	-0.5080	0.4647
102724810	-21.0404	0.0786
100289230	-1.2579	0.2567
107986436	-17.6240	0.0023
100652833	14.8904	0.2722
102724855	16.8012	0.2722
105379101	0.0000	nan
100133050	-15.9953	0.2754
105379100	-1.0509	0.5511
345757	-1.1460	0.0306
7903	0.6112	0.7793
100302288	0.0000	nan
107986437	12.7241	0.2722
107986438	-12.5235	0.4950
105379102	0.0000	nan
353189	-12.7870	0.4950
133482	0.0000	nan
100861468	-18.8081	0.4950
285708	-15.7602	0.0028
105379104	-13.6383	0.4950
5066	-1.2433	0.3132
105379105	0.0000	nan
54826	-0.0014	0.9989
23262	0.0670	0.9535
90355	-0.8930	0.6785
102467212	0.0000	nan
83594	-0.0433	0.9607
105379107	0.0000	nan
101930276	0.0000	nan
107986389	0.0000	nan
105379109	0.0000	nan
105379111	0.0000	nan
9366	0.0000	nan
105379110	0.0000	nan
107986439	0.0000	nan
102467213	0.0000	nan
1946	0.5918	0.0112
64839	-1.2244	0.2636
105379114	-16.7834	0.2753
107986440	-15.3932	0.2754
100652853	-0.3692	0.6726
2241	-0.4832	0.5787
285638	-0.7585	0.4745
9867	0.0966	0.9257
105379117	0.0000	nan
105379118	2.2736	0.1671
4124	-0.8335	0.3548
100289673	-14.4871	0.4950
105379119	14.7051	0.2722
642987	0.0882	0.5798
100302159	0.0000	nan
91137	0.0780	0.9363
105379121	0.0000	nan
85480	-2.5725	0.0574
134430	0.0827	0.9205
814	1.7089	0.4210
134429	0.4222	0.7480
100505678	0.9134	0.4249
105369177	1.2060	0.3914
9315	2.4678	0.2500
105379122	0.0000	nan
100873948	-14.5874	0.4950
64097	-1.2862	0.0675
114915	-0.0246	0.9825
654322	-1.4515	0.1237
101927023	0.0000	nan
54508	-18.9064	0.3090
102467214	0.0000	nan
102467216	0.0000	nan
324	-0.1529	0.8923
6728	-0.0628	0.6570
7905	-0.7074	0.2894
105379123	-1.2545	0.1847
105379126	-14.9210	0.4950
167227	-1.2614	0.0743
4163	-0.6348	0.2635
107986366	0.0000	nan
83942	-15.8579	0.0712
64848	-0.3237	0.7319
107986441	2.1868	0.4000
105379127	18.7350	0.2722
3781	11.8844	0.2722
101927078	0.0000	nan
101927059	0.0000	nan
55521	1.6882	0.4299
5229	-0.3423	0.6424
153733	0.3427	0.7085
105379129	0.0000	nan
105379130	-13.4556	0.4950
56929	1.0001	0.5155
100302736	0.2165	0.8106
353376	0.3345	0.7193
101927100	-0.5956	0.4718
51014	0.7032	0.6267
102467217	0.0000	nan
1036	-1.4025	0.3928
9140	-0.1183	0.8345
1176	0.7672	0.5043
107986443	0.0000	nan
206338	-2.8526	0.1978
644100	0.0000	nan
51397	-0.9178	0.0054
113219464	0.0000	nan
101927190	-13.1883	0.2192
57556	-2.3307	0.1354
101927233	-2.7241	0.0095
105379132	-14.2376	0.2691
102467223	0.0000	nan
105379133	3.7107	0.3068
105379136	0.0000	nan
105379135	0.0000	nan
105379134	0.0000	nan
105379137	18.8962	0.2722
105379138	0.0000	nan
105379139	0.0000	nan
728342	-12.2460	0.4950
102467224	0.0000	nan
100505811	0.0000	nan
101927280	-14.0499	0.3033
105379141	0.0000	nan
102467225	0.0000	nan
285605	-0.7351	0.4266
100422885	-0.5038	0.4926
105379143	1.5445	0.4695
1657	-0.4346	0.6366
100847085	0.0000	nan
25816	-1.8304	0.0152
102723444	1.5546	0.4487
3295	0.0224	0.9283
107986444	4.1882	0.2947
340069	-13.4457	0.4950
105379144	0.0000	nan
51334	-0.6312	0.2525
105379147	0.0000	nan
102467226	0.0000	nan
105379150	0.0000	nan
105379149	0.0000	nan
94033	0.0000	nan
105379148	0.0000	nan
153443	-1.9849	0.1872
4015	1.4991	0.4455
107986445	-1.5558	0.4112
133923	-0.4139	0.7243
100505841	-0.4613	0.7245
9627	0.1466	0.8042
153163	-17.4876	0.1440
107986446	-14.6235	0.4950
105379151	0.0000	nan
101927357	16.7962	0.2722
101927379	0.0000	nan
6643	0.9560	0.3030
105379154	-0.3857	0.6684
28966	0.2156	0.1653
5480	0.5293	0.0131
107986447	-1.3392	0.2453
105379152	-2.2837	0.0466
93166	-2.4208	0.2326
153241	-0.8649	0.1864
1456	-0.4512	0.5051
103724389	0.0000	nan
101927397	-15.1437	0.4950
107986448	0.0000	nan
105379155	0.0000	nan
57507	1.4274	0.4157
105379156	-14.1269	0.4950
105379157	0.0000	nan
107986391	0.0000	nan
105379158	0.0000	nan
101927421	0.0000	nan
101927460	17.0151	0.2722
102546228	0.0000	nan
101927488	0.0000	nan
65983	-2.0647	0.1317
101927514	-1.3638	0.1016
501	-0.2932	0.3240
51808	-0.3671	0.4210
389320	0.0000	nan
105379162	0.0000	nan
102723557	4.8130	0.2870
4001	2.0719	0.1995
115123	0.6991	0.4918
105379163	0.6332	0.5096
401207	-0.0016	0.9973
105379198	-16.7869	0.3886
84466	-4.0872	0.2538
105379199	-16.1336	0.0502
133619	0.3614	0.6995
613212	0.0000	nan
105379164	0.0000	nan
728586	0.2174	0.6878
644873	-0.2664	0.4675
101929964	-1.6000	0.4781
6558	-0.6146	0.5201
2201	0.7372	0.4009
105379167	0.0000	nan
105379168	1.2653	0.0289
28965	0.2417	0.8216
102723638	3.1957	0.3250
51015	0.2205	0.7435
100616175	0.0000	nan
102723654	-13.7087	0.3886
107986367	16.6010	0.2722
105379169	14.7314	0.2722
100616325	0.0000	nan
103689846	0.0000	nan
171019	12.0861	0.2722
100127206	-12.6834	0.4950
112267944	0.0000	nan
337876	-2.1833	0.0052
105379170	1.8070	0.2512
105379171	-17.4544	0.0770
107986449	-2.7473	0.4267
105379172	0.0000	nan
3094	0.4761	0.1695
90624	-0.0444	0.9584
56990	-0.5093	0.4319
105379173	-0.4001	0.4008
51735	-0.6276	0.4480
96459	-0.3174	0.6182
728637	0.0000	nan
23305	-0.2910	0.8362
101927693	0.0000	nan
105379174	0.0000	nan
3562	0.0000	nan
1437	19.2500	0.2722
100861518	1.4287	0.0373
8974	0.5901	0.4357
102465498	2.3537	0.3820
8572	0.1731	0.8258
6583	-0.1929	0.6666
553103	-0.5550	0.3340
100500865	-20.9916	0.0056
6584	-1.8615	0.0118
441108	-0.5826	0.4094
102723741	-1.0954	0.3274
3659	-0.2464	0.8023
3567	-15.6773	0.2240
10111	-0.1672	0.7399
101927761	0.0105	0.9858
3596	-15.4284	0.1082
3565	-16.3767	0.3293
105379176	-18.0517	0.1120
11127	-0.2097	0.8225
645121	-0.8026	0.4189
23176	-0.1806	0.6244
134548	-15.4307	0.0658
134549	-1.4946	0.0743
2661	0.4468	0.7067
27089	0.4952	0.6360
116842	-0.0380	0.9749
27125	-0.2004	0.8483
54819	0.0424	0.9518
3308	-0.0424	0.9009
105379178	0.0000	nan
23105	12.8690	0.2722
105379181	0.0000	nan
105379180	14.7667	0.2722
100302134	0.0000	nan
105379179	0.0000	nan
105664404	0.0000	nan
105379182	14.6126	0.2722
56951	-0.1353	0.8419
105379183	-18.1564	0.0502
7416	1.9418	0.2767
105379185	14.6820	0.2722
101060024	-15.9981	0.3862
6932	3.0693	0.1406
6500	-0.5664	0.2543
5515	0.0194	0.9777
100500905	-0.4080	0.0582
51265	-1.5413	0.0344
7320	-0.7414	0.2845
91368	0.3783	0.2235
102546229	1.1262	0.6089
107986450	1.8418	0.4358
101927934	0.0000	nan
23338	-1.9672	0.1753
107986451	-19.2173	0.0007
51128	0.2119	0.7655
10802	-0.2966	0.7428
819	-0.2872	0.6671
9879	0.3658	0.6922
134553	0.4361	0.7249
79770	0.0770	0.9192
84105	0.2919	0.7101
347732	0.0415	0.9016
107986452	-0.6149	0.6638
5307	-0.7319	0.7764
100996485	-0.6089	0.0193
101927953	0.0000	nan
105379188	0.0000	nan
340073	0.0000	nan
9555	-0.1059	0.5880
140947	-12.2261	0.4950
497189	-11.3223	0.4950
4762	0.0000	nan
9547	0.0836	0.9512
153328	-17.4404	0.4950
340074	0.0000	nan
100847082	0.0000	nan
107986453	12.1270	0.2722
3578	0.0000	nan
26223	-15.7336	0.1577
3950	-16.1843	0.4950
105379189	0.5776	0.3425
7045	1.5068	0.2022
100126299	-17.1203	0.4950
9597	-0.4871	0.6427
4090	0.0339	0.9721
389332	0.0000	nan
57113	0.0000	nan
106478968	0.0000	nan
105379191	0.0000	nan
6695	-2.5316	0.2499
105379192	-16.7860	0.4950
26249	-0.5720	0.3645
100126343	0.0000	nan
10949	-2.0764	0.0200
107986369	1.8926	0.4161
4888	-12.2957	0.4950
107986368	1.0902	0.6195
101928005	0.2104	0.9012
9499	-0.1143	0.9373
27039	0.7440	0.6260
51306	-0.8078	0.3635
100130172	-2.0134	0.0756
7478	0.0000	nan
8382	-0.9591	0.3946
10902	-0.7961	0.0357
10112	3.1157	0.1945
8697	-0.5665	0.1535
2676	18.0790	0.2722
995	2.6173	0.2279
100128966	0.0000	nan
51307	-0.8325	0.0328
51780	-0.1931	0.5561
51308	-2.1031	0.0895
1958	-0.4022	0.7252
2107	-0.0210	0.9547
3313	0.4337	0.4945
109617013	-1.0542	0.3615
26785	-3.3082	0.1689
105379193	-0.6657	0.3824
105379194	-1.8625	0.1261
1495	-0.1567	0.6302
26045	-2.7239	0.4612
64374	-0.0027	0.9976
105379195	-16.0416	0.0370
9782	0.0526	0.9189
724102	-0.2341	0.7411
109616975	1.7458	0.4642
26821	-18.2051	0.3229
51247	0.0478	0.9180
9963	-2.3342	0.0312
51237	-14.0219	0.4950
389333	-0.8562	0.0191
202051	-0.7888	0.0066
202052	-1.1395	0.0551
641700	2.9449	0.3308
111064649	0.0000	nan
340061	-0.7783	0.1956
7322	0.3176	0.6663
51523	0.0961	0.7196
111082989	-1.9265	0.0731
84249	-0.9984	0.3279
101929696	-14.3870	0.4950
9542	-4.5045	0.3890
100505636	-0.6762	0.4116
5813	0.4329	0.7153
492311	-0.7567	0.0391
101929719	-1.8444	0.0951
84418	0.5329	0.4622
5201	0.4400	0.0641
1839	0.6525	0.6454
83697	2.1786	0.3801
404734	-0.5033	0.0033
54882	-0.5508	0.0473
8637	-0.0472	0.9648
10011	0.3755	0.7219
10307	-2.7541	0.0072
102465499	-18.5356	0.4950
113829	-0.5107	0.2069
112267855	0.9040	0.4255
55374	-0.3959	0.3716
929	-3.6970	0.1636
4695	-0.5224	0.1370
3550	0.2031	0.6390
100500820	0.3931	0.6130
54853	-0.0766	0.7034
373863	-0.5649	0.3835
3035	0.1192	0.7709
23438	-0.5187	0.0143
153527	0.1451	0.7893
56664	-18.8338	0.2754
105378198	1.3652	0.5003
56663	-18.3982	0.2192
56662	-20.0131	0.3862
56147	-5.1202	0.0686
56146	-1.9960	0.1304
56145	-4.9125	0.0751
56144	-1.0731	0.4064
56143	-4.4464	0.0022
56142	-5.8215	0.0291
56141	-2.1591	0.0515
56140	-4.7885	0.0024
9752	-1.6876	0.0259
56139	-0.4353	0.6757
56138	-2.6646	0.0011
112267934	-13.7161	0.3032
56137	-4.4973	0.0004
56136	-4.3638	0.0079
56135	-4.7055	0.0051
56134	-2.1503	0.2074
56119	-4.3094	0.0032
101926905	0.0000	nan
29930	0.0000	nan
56133	-1.7857	0.0615
56132	-4.2180	0.1375
56131	-3.4855	0.1720
26167	-1.7591	0.1302
56130	0.6962	0.6637
54661	-16.2757	0.0502
56129	-0.8419	0.2218
56128	-1.9903	0.0092
57717	-2.3930	0.1552
56127	-2.1891	0.0585
56126	-2.6940	0.0391
56125	0.1287	0.9000
56124	-4.9300	0.1197
56123	-1.3657	0.2595
56122	-1.6595	0.0296
54660	-0.6137	0.1832
84054	-3.7641	0.0592
56121	-1.0228	0.4074
105378199	-0.1076	0.9503
83884	-14.7456	0.4950
6879	0.1701	0.5313
56114	-1.1669	0.1221
56113	-0.8682	0.1089
56112	-1.1224	0.0841
56104	-1.1971	0.0961
56111	-1.1690	0.0216
56103	-1.2864	0.0315
56110	-1.0317	0.1630
56102	-1.0809	0.0877
56109	-1.1343	0.0257
56108	-1.1527	0.0562
8641	-0.7743	0.0381
9708	-0.8899	0.1656
56101	-0.7738	0.0144
56107	-0.9403	0.1250
56100	-1.3868	0.0309
56106	-1.3941	0.1221
56099	-1.7525	0.1582
56105	-1.0065	0.0925
56120	-0.3639	0.7760
26025	-2.6805	0.2942
5098	-1.2587	0.2390
56098	-1.1657	0.1459
56097	-0.9015	0.1859
1729	-1.3458	0.3123
100505658	-15.6060	0.1890
8841	-0.5799	0.3684
285613	-1.1414	0.2001
89848	-1.6907	0.1110
64411	-1.3926	0.0403
107986454	12.0541	0.2722
5097	-0.0757	0.9610
729080	15.5227	0.2722
9812	-0.8538	0.1635
51294	-4.2698	0.0289
9604	-0.7636	0.2640
10007	-0.2164	0.8006
105378204	13.7830	0.2722
80762	-0.6346	0.2050
107986455	0.0849	0.9346
81848	0.2658	0.8511
100642175	-0.4380	0.7735
101926941	-1.1765	0.4983
2246	-0.6859	0.4391
101926975	-1.0625	0.4881
23092	-2.0105	0.1670
100874239	0.0000	nan
107986457	-13.6604	0.2691
100874372	16.9865	0.2722
2908	0.2522	0.8210
105378208	-1.1823	0.5917
105378209	-0.6376	0.7611
105378210	-15.9083	0.4950
100846991	0.0000	nan
57824	-17.8991	0.3863
81555	1.2631	0.4173
57528	-4.6364	0.3209
105378211	-12.7030	0.4950
153768	-0.7164	0.1345
643226	0.0000	nan
107986458	0.0208	0.9872
153769	1.0629	0.0575
107986459	0.0000	nan
153770	-0.7135	0.4919
51520	0.0573	0.8870
54439	-0.1731	0.8082
5459	0.8361	0.6063
105378213	0.0000	nan
10915	-0.2357	0.7967
134391	0.0000	nan
105378215	-13.1935	0.2192
5521	-15.4583	0.3886
107986461	0.0000	nan
105378214	0.0000	nan
100874361	0.0000	nan
105378217	0.0000	nan
202374	-2.5239	0.2453
1809	-1.9518	0.3162
153469	0.0000	nan
9832	-12.0422	0.4950
101927012	0.0000	nan
105378218	0.0000	nan
6690	0.0000	nan
389336	-16.5884	0.4370
117156	0.0000	nan
11005	16.3633	0.2722
408187	0.0000	nan
404203	15.9860	0.2722
105378220	-14.9165	0.4950
102546294	-18.0868	0.0804
153218	-16.4459	0.2277
84651	-16.0985	0.4950
643394	-15.2196	0.1898
81545	-0.7693	0.0170
3360	0.0000	nan
107986462	0.0000	nan
105378221	0.0000	nan
154	0.2868	0.8129
79628	0.6176	0.6279
693169	0.0000	nan
255187	0.9587	0.6601
22885	-0.1776	0.7700
134265	0.5256	0.4632
134266	-0.2362	0.7122
106144529	-1.1383	0.1535
78991	0.5679	0.3377
27190	0.0069	0.9946
101927046	-14.0114	0.4950
728264	-1.8321	0.0178
406935	0.2951	0.8329
406937	-1.9761	0.1052
1452	-0.3753	0.4473
389337	-2.8916	0.2322
105378224	0.0000	nan
133522	1.7107	0.1625
494327	0.0000	nan
5145	15.3822	0.1302
644762	-2.5963	0.4139
1836	-0.5195	0.5319
81789	-0.1635	0.7549
22993	-1.2730	0.0604
1436	-1.0725	0.3451
5159	-1.8710	0.0022
1044	-4.9628	0.0785
6534	-14.3356	0.0056
815	0.4953	0.4832
340075	-0.1761	0.7307
105378225	0.0000	nan
105378226	0.0000	nan
6949	-0.3376	0.4188
972	-0.5858	0.2257
6208	0.5049	0.6891
102546298	-3.3520	0.0640
3340	-1.7066	0.0146
11346	-2.2874	0.0397
91977	0.5624	0.7037
55696	-0.2790	0.6280
51164	-0.7338	0.2998
85027	-1.3778	0.1566
345611	1.8913	0.4005
91975	0.0068	0.9940
134466	-1.0746	0.4850
105378228	0.8409	0.6218
2878	-2.9773	0.5200
10318	0.4516	0.6726
309	-0.3104	0.6733
107986463	17.3904	0.2722
26112	-0.9116	0.2375
105378230	-17.4732	0.1169
2760	0.1847	0.7914
285641	13.9953	0.2722
153201	0.0000	nan
105378234	3.3534	0.3185
206358	-0.5451	0.3146
2196	-1.7102	0.0781
102465246	0.0000	nan
105378231	-0.3268	0.8886
6678	0.7375	0.3474
101927096	-1.5461	0.3207
475	-0.1499	0.6255
105378235	-0.9516	0.2790
100652758	-1.2768	0.1094
10146	0.4986	0.4679
2741	-0.4598	0.7222
112267935	3.5412	0.3086
101927115	-16.2029	0.2192
105378236	0.0000	nan
105378237	0.0000	nan
56923	0.0000	nan
101927134	0.0000	nan
2890	-0.0468	0.9733
105378238	-16.1437	0.4950
107986464	0.0000	nan
107983980	-15.3066	0.0524
10827	0.0373	0.8894
4238	-0.4837	0.4715
55568	-0.4611	0.2493
107986465	0.4685	0.5952
100302181	0.0000	nan
386627	-0.5006	0.6830
79685	-1.9690	0.0079
9421	-15.7347	0.3886
100422950	0.0000	nan
23367	-0.8300	0.0206
100302284	0.0000	nan
112267936	-0.7479	0.4953
10826	-1.1528	0.0220
100616306	-20.5796	0.0007
9337	-1.1097	0.0765
25929	-0.7012	0.0701
29093	-0.2292	0.4055
285643	2.7780	0.3357
105378239	0.0000	nan
6444	-1.1912	0.1672
105377673	-3.5422	0.2525
153743	-0.5582	0.3418
91937	3.1604	0.3265
26762	4.9971	0.2852
84868	-1.1331	0.3379
9443	-0.6014	0.0480
153745	0.0000	nan
3702	-11.7132	0.4950
26999	-0.3924	0.5592
408263	0.0000	nan
102724404	-14.0808	0.4950
348938	0.2928	0.8697
8728	1.2770	0.0712
11063	0.9877	0.5013
105377675	-1.6368	0.2947
100190949	1.2847	0.4946
105377676	19.2900	0.2722
54974	0.5129	0.4447
134353	-0.6539	0.0671
9685	0.0413	0.9510
107986466	3.9735	0.3003
105377677	0.0000	nan
105377678	0.0000	nan
105377680	0.0000	nan
101927697	13.9418	0.2722
1879	0.5925	0.3283
101927740	-1.2101	0.0685
107986467	0.1112	0.6828
153830	-2.2338	0.0131
107986468	-19.3694	0.0524
105377682	0.0000	nan
134510	1.3045	0.4244
105377683	0.0000	nan
3593	-14.0053	0.4950
107986469	0.0000	nan
285626	-16.5056	0.3432
285627	0.0000	nan
105377685	0.0000	nan
105377684	-14.4662	0.4950
105377687	0.0000	nan
105377688	0.0000	nan
101927766	-11.3877	0.4950
105377689	-16.3894	0.0028
147	-2.8684	0.3120
101927790	-0.9102	0.3555
7265	0.3800	0.0587
114825	-0.3433	0.4132
2172	0.0000	nan
105377690	0.0000	nan
79616	2.1857	0.3326
105377691	0.0000	nan
114898	-1.0495	0.6701
63920	-1.3818	0.0162
10569	-0.3128	0.2145
9232	2.8418	0.0741
107075116	3.3068	0.0461
100422938	0.0000	nan
406938	0.0000	nan
23120	-10.5392	0.4950
285629	0.0000	nan
105377693	0.0000	nan
2561	4.0716	0.2967
105377694	0.0000	nan
2559	0.0000	nan
105377696	21.0252	0.2181
2554	0.0000	nan
104326188	0.0000	nan
2566	0.0000	nan
105377697	0.0000	nan
105377698	0.0000	nan
105377699	0.0000	nan
105377700	-2.7885	0.0107
900	-0.1441	0.8804
134492	0.9879	0.5003
3161	4.4362	0.2696
101927813	3.7247	0.2237
27430	-0.6047	0.1176
102724458	-13.9562	0.4950
105377703	0.7107	0.7437
101927835	-14.8178	0.4950
102546299	0.0000	nan
105377702	17.1796	0.2722
105377701	5.2237	0.2103
107986370	0.0000	nan
105377705	0.0000	nan
105377706	0.0000	nan
102557615	0.0000	nan
57451	-1.1545	0.0526
101927908	0.0000	nan
105377709	2.1578	0.1387
113219458	0.0000	nan
101927862	-18.8043	0.1516
23286	2.2893	0.0010
5917	0.7124	0.2265
345630	-0.4023	0.8252
79646	0.3897	0.6852
406895	0.0000	nan
100302238	0.0000	nan
6586	-2.4646	0.0262
101927969	-3.0286	0.0164
407001	-18.4307	0.4950
107986470	3.8941	0.0053
105377713	-14.3243	0.3033
107986472	-15.2388	0.4950
728095	1.0268	0.0353
105377712	-16.4941	0.0028
693170	0.0000	nan
105377714	-13.6619	0.2261
105377715	0.0000	nan
54908	1.3742	0.3552
1794	0.4295	0.4910
100131897	0.6074	0.5632
100616498	0.0000	nan
2299	0.0000	nan
100507267	0.0000	nan
133874	0.0000	nan
3937	0.0000	nan
100128059	0.0000	nan
257358	-13.7097	0.4950
30820	-16.5618	0.1867
3779	-0.3680	0.7810
101928033	0.0000	nan
105377716	0.0000	nan
107986473	-13.6443	0.4950
107986474	0.0000	nan
107986475	0.0000	nan
2568	-13.4857	0.4950
64901	0.2492	0.8653
30012	0.0000	nan
109616973	0.0000	nan
100500831	0.0000	nan
4869	2.1888	0.1409
8817	-3.3224	0.1247
105377721	0.0000	nan
105377720	-17.9366	0.2986
105377722	0.0000	nan
107986392	0.0000	nan
105377724	-1.3105	0.2597
105377723	0.0000	nan
644994	-13.8255	0.4950
105377725	-15.9896	0.1234
107986476	-1.7261	0.4173
23291	-0.7959	0.1430
6793	-1.2274	0.3008
107986477	-1.0855	0.5059
285588	-3.1292	0.3972
92181	-0.9645	0.1327
100288254	1.3467	0.4084
285590	-0.5158	0.0286
105377727	-13.4419	0.4950
107984004	-14.9419	0.2192
105377728	0.0000	nan
105377729	15.5076	0.2722
107986478	13.2260	0.2722
54492	0.9305	0.4422
100847029	-17.2456	0.4950
107986479	0.0000	nan
101928093	-0.9545	0.4668
1843	-0.9103	0.2251
105377730	-2.3156	0.1801
57222	-0.8472	0.3191
113218510	-21.4709	0.0590
51121	0.5156	0.1221
100268168	0.1675	0.8562
8992	0.3998	0.2462
677841	-17.5397	0.4950
153222	-1.3942	0.0347
662	0.3907	0.7196
1482	1.0166	0.6418
105377731	17.5173	0.2722
113219469	19.1269	0.2722
8614	-0.1873	0.8256
102465862	0.0000	nan
105377732	-1.7945	0.3042
105377733	-16.2591	0.3065
285593	-0.4747	0.5972
105377735	0.6360	0.0217
91272	0.5680	0.5654
107986480	0.0000	nan
105377736	0.0000	nan
101928136	0.0000	nan
107984118	-12.4609	0.4950
107986482	0.0000	nan
101928154	0.0000	nan
80315	-0.4968	0.5896
133491	0.0000	nan
51617	0.0000	nan
102724551	0.0000	nan
101928176	-16.1371	0.4950
107986483	16.7757	0.2722
105377739	-13.8628	0.4950
105377740	0.0000	nan
105377741	18.2137	0.2722
4488	-2.2830	0.3052
100616202	0.0000	nan
105377742	-1.2785	0.3956
441116	-14.9805	0.1083
107986484	-1.5244	0.3138
1812	-8.7496	0.2545
94081	-0.3883	0.3139
3274	-17.9095	0.3838
105377743	0.0000	nan
10814	0.0000	nan
105377744	0.0000	nan
107986485	-1.4543	0.5126
84321	-0.3515	0.6581
107986486	-1.7645	0.1605
105377745	1.7461	0.4641
105377746	12.8378	0.2722
100996385	0.0000	nan
202134	0.0000	nan
100507387	15.6690	0.2722
107986487	0.0000	nan
643201	13.5187	0.2722
375484	-0.7240	0.1105
57179	-0.6219	0.0807
285598	-1.3315	0.1119
100302203	-20.7715	0.0658
51491	0.2388	0.4000
192286	0.8306	0.0064
1212	-0.7217	0.6042
23197	-0.6493	0.0173
22838	-2.9914	0.0043
112267951	-18.1601	0.0978
54825	-1.0544	0.4371
114787	-0.9960	0.2457
6620	0.0000	nan
100422962	0.0000	nan
253314	0.0000	nan
26262	-0.7323	0.0248
102577424	0.0000	nan
90249	-12.0934	0.2192
3101	-12.0319	0.4950
51720	-1.2240	0.0666
23567	-0.5076	0.2065
2264	-3.4842	0.2206
64324	-0.1091	0.7868
53917	-1.0939	0.1121
27166	0.5884	0.3828
83463	0.6910	0.1748
10960	-0.0550	0.9463
10636	-1.8408	0.0822
6569	0.0000	nan
345456	0.0000	nan
2161	1.1802	0.4548
2870	-0.4470	0.5202
340037	-18.0520	0.1402
80758	-1.0548	0.0191
1627	-0.3367	0.6735
9260	-0.3777	0.6441
79930	-1.8331	0.2788
51428	-0.2876	0.5166
54540	-2.1311	0.0182
107986488	-1.7536	0.0133
105377750	-17.7693	0.1171
54732	-0.6920	0.0248
11285	-0.6587	0.3651
202181	-0.8567	0.1549
107986489	0.0000	nan
285596	11.5299	0.2722
105377752	0.0000	nan
107986490	13.6040	0.2722
107986491	0.0000	nan
105377753	-14.6929	0.4950
728554	-0.1806	0.7508
100128340	-0.8932	0.6664
5626	-14.3243	0.4950
653316	15.5259	0.2722
107986492	0.0000	nan
105377754	0.0000	nan
23138	-1.4380	0.4291
64777	-0.2986	0.4165
55651	0.5900	0.5555
64396	0.8356	0.6065
3182	0.5997	0.4848
85007	-1.3825	0.0058
112267937	0.7039	0.5221
91522	-1.2707	0.5447
105377757	0.0000	nan
105377756	17.7062	0.2722
57396	-1.0834	0.0945
102724657	-16.6491	0.4502
6940	-1.2585	0.0696
729522	-13.4113	0.4950
117608	-1.5231	0.0621
107986493	-16.9845	0.4950
80108	-1.2312	0.2557
285676	-0.7134	0.1566
2916	-2.6332	0.1411
345462	-1.7408	0.0125
30832	0.0923	0.8948
9509	-1.2581	0.0446
105377759	-0.0973	0.9553
107986494	-16.5428	0.3066
105377761	15.1533	0.2722
105377762	-3.8051	0.1103
80230	-0.1454	0.2403
101928445	-0.5925	0.1911
3187	0.1094	0.8562
285679	0.2694	0.8412
105377763	-0.5532	0.3381
646019	-3.2031	0.0562
821	1.0280	0.3301
9794	-1.4313	0.0084
4056	-0.4761	0.6840
11282	-1.0348	0.0680
100302156	-1.9615	0.0304
8878	0.3110	0.7801
51149	0.1763	0.8482
100996419	-1.0783	0.2405
23061	-2.0191	0.0778
55819	-1.6312	0.0108
442908	0.0000	nan
255426	0.0000	nan
5601	-0.5108	0.3163
9945	0.1013	0.8978
102725231	-1.8182	0.3623
57472	-0.4543	0.4413
92304	0.0000	nan
2324	1.3765	0.4970
105377765	0.0000	nan
134083	0.0000	nan
4245	-1.6492	0.0172
105377766	-16.7118	0.0565
100859930	-0.4567	0.6064
729678	-1.2172	0.1369
643836	-1.1075	0.0224
79908	11.8813	0.2722
10917	12.9767	0.2722
153579	-1.8164	0.2394
102465882	0.0000	nan
7240	20.0386	0.2722
100189362	0.0000	nan
100189273	0.0000	nan
791232	19.6240	0.2722
26693	0.0000	nan
285659	0.0000	nan
100188990	0.0000	nan
7241	0.0000	nan
100189541	0.0000	nan
100189004	0.0000	nan
100189328	0.0000	nan
100188992	0.0000	nan
7219	0.0000	nan
102577426	-17.3157	0.2418
7236	0.0000	nan
105377769	0.4782	0.7174
81786	0.2459	0.7505
107986496	-0.4921	0.5215
100189280	0.0000	nan
100189399	-17.6853	0.4950
7239	-17.6502	0.4950
790966	0.0000	nan
100049614	-17.6502	0.4950
100616342	-19.1248	0.4950
90933	-1.4465	0.0219
10399	0.8571	0.5515
619571	-1.0733	0.4388
619570	-22.6087	0.1310
101928649	-2.4232	0.0202
84851	-1.4504	0.1191
100507602	0.4712	0.4173
105377771	-1.2227	0.1763
107986495	-1.1967	0.3451
100132062	-1.7531	0.0399
26683	-1.2707	0.1281
107986552	0.0000	nan
441123	-18.4732	0.0389
105374869	13.7025	0.2722
285766	14.2274	0.2722
105374870	0.0000	nan
102723922	0.3219	0.6161
107986553	2.5350	0.3549
56940	-1.4544	0.0156
3662	-0.6119	0.8184
105374875	-13.9589	0.4950
55770	-0.4003	0.0899
135458	-16.5737	0.0710
105374873	-1.0431	0.5822
101927691	-14.4592	0.3033
101927353	0.0000	nan
285768	-0.8847	0.2775
105374879	2.9168	0.0065
107986554	1.6134	0.3439
94234	1.0477	0.4521
106144586	-4.4190	0.0095
112267978	-15.9387	0.0502
105374880	-2.1302	0.1369
2295	-0.6192	0.1797
102466720	-2.9860	0.0475
102723944	-1.4719	0.2165
105374883	-19.6805	0.1192
105374882	-2.0080	0.0279
107986555	-13.7608	0.4950
101927703	-1.6435	0.1098
2296	-0.2687	0.5179
2762	-0.2969	0.4176
107986514	0.0695	0.9632
107986513	1.8473	0.3129
107986512	16.2977	0.0032
100508120	-1.1010	0.0113
154386	-0.7232	0.7007
105374885	0.0000	nan
340156	-0.8768	0.0250
56897	-0.7614	0.0081
1992	-0.4689	0.0819
100616285	0.0000	nan
221756	-0.7628	0.7365
101927730	-18.7607	0.1897
5272	0.1947	0.8350
105374887	-16.0247	0.4950
5269	0.5776	0.0723
401232	0.1910	0.6636
105374888	-2.7121	0.0411
4835	0.1004	0.9140
401233	-1.7419	0.2726
101927759	-1.5075	0.1502
8737	-0.6575	0.0147
107986556	-0.0210	0.9785
670	0.6359	0.0893
7280	0.5842	0.0615
105374889	-2.9217	0.0487
100507194	0.0000	nan
347733	0.4854	0.3666
100422781	-3.8151	0.1334
389362	-0.5829	0.1191
63027	-1.5416	0.0744
105374890	0.0000	nan
643327	-2.0408	0.0142
100507336	-2.3121	0.3770
221749	-1.0001	0.1416
26240	-1.6890	0.1581
107986557	-4.9345	0.2283
105374893	0.0000	nan
107986558	-6.7133	0.0169
8899	-0.8827	0.2124
222826	0.3882	0.8608
404220	0.4079	0.5013
10455	-0.0486	0.8896
100507506	-0.5481	0.7302
107986559	16.2061	0.2722
102724096	-14.2241	0.4950
101927888	-15.1062	0.4219
107986560	0.0000	nan
107986561	0.0000	nan
105374894	-14.3005	0.3065
105374895	0.0000	nan
497048	-16.6593	0.1898
9425	-0.4794	0.1787
101927913	0.0000	nan
105374897	-1.9721	0.5419
10799	0.4846	0.0947
100129461	0.4121	0.2671
57128	0.0071	0.9926
648791	-2.0137	0.1472
100500900	0.0000	nan
10667	-0.2457	0.6744
101927972	0.0000	nan
101927950	3.5189	0.3126
107986515	-2.1023	0.3907
105374898	0.7895	0.3808
107986516	-18.3740	0.2157
51299	0.2060	0.5231
2162	-2.8360	0.4236
102466866	0.0000	nan
100847034	0.0000	nan
285780	-12.8932	0.4950
9450	0.0000	nan
101928004	-3.6696	0.2262
101928047	1.8081	0.2661
105374901	0.0000	nan
105374903	0.0000	nan
105374902	0.0000	nan
105374904	0.0000	nan
6239	-1.1487	0.0786
6745	1.9179	0.3669
285782	-1.6998	0.0210
83732	0.4856	0.2686
102724234	-2.0097	0.1997
101928076	-0.2900	0.6551
1832	0.1841	0.8543
154007	-0.1041	0.8896
105374906	0.6414	0.6668
654	-0.5984	0.0959
105374907	0.0000	nan
100526836	-0.3018	0.2783
81567	-0.2992	0.2946
206426	-3.0541	0.1684
100526837	-0.1786	0.7151
63915	-0.1930	0.6978
9521	0.1753	0.8302
100124533	-0.5751	0.5616
105374910	-14.7044	0.4950
105374911	19.4686	0.2722
105374912	0.0000	nan
51000	-1.3792	0.0258
100506207	-0.9826	0.2027
728655	0.1264	0.9559
112267952	-12.4185	0.4950
105374913	-11.4317	0.4950
105374914	0.0000	nan
107986562	0.0000	nan
112267894	0.0000	nan
112267856	-15.4372	0.4950
266553	-15.0462	0.4950
105374919	0.0000	nan
105374918	0.0000	nan
105374920	0.0000	nan
105374921	0.0000	nan
7020	-3.5083	0.0622
109729173	-2.0256	0.0236
100130275	-3.9935	0.0126
107986564	-14.7848	0.4950
221718	-12.3156	0.4950
106660610	3.1611	0.3265
100846998	0.0000	nan
101928106	-12.0970	0.4950
101928146	18.1857	0.2722
2651	1.0447	0.5421
105374924	-17.1749	0.1439
347744	0.6976	0.5576
105374923	0.1140	0.9527
55003	0.8082	0.0239
51522	0.2579	0.7087
81853	1.1019	0.3040
4117	-0.2734	0.6262
9247	-12.5645	0.4950
221711	-0.0283	0.9704
101928191	0.0000	nan
54898	3.5387	0.0297
100506409	0.0000	nan
221710	-0.8810	0.2754
405754	0.0000	nan
4739	-1.8231	0.0423
105374925	-1.7809	0.0947
112267953	-14.2329	0.2192
105374927	-15.9875	0.3066
105374928	-11.4365	0.4950
105374929	0.0000	nan
100113407	-1.8920	0.0578
340184	-17.0697	0.3862
84830	-0.3279	0.7566
107986566	1.1510	0.4422
107986569	-0.1473	0.9078
107986567	0.0000	nan
102724379	-14.5711	0.4950
107986570	0.0000	nan
101928253	0.0000	nan
3096	-1.0130	0.1856
1906	1.2409	0.1304
105374931	15.9511	0.2722
101928309	-13.8166	0.4950
107984015	-17.6738	0.2280
221692	-1.5083	0.2621
105374935	-17.9664	0.2678
105374934	-15.6523	0.4950
105374933	-1.4093	0.3069
107080638	-0.0409	0.9256
100130357	-0.8978	0.0544
51256	0.0425	0.9297
105374936	0.0000	nan
54438	-0.0906	0.9197
105374937	-0.2539	0.8438
23408	-0.2920	0.0122
105374938	-1.1628	0.0453
51406	1.5174	0.2768
10048	-0.3917	0.4923
63933	-0.4237	0.5287
107986571	0.5183	0.3886
221687	-0.1475	0.8791
105374939	17.7667	0.2722
9308	-1.2424	0.4123
105374940	0.3738	0.8662
102216342	-13.3601	0.4950
105374943	0.0000	nan
105374942	0.0000	nan
101928331	0.0142	0.9923
101928354	0.0000	nan
102724463	0.0000	nan
107986572	17.8340	0.2722
105374944	0.0000	nan
105374945	14.1588	0.2722
105374946	0.0000	nan
3720	0.4309	0.4283
100506681	16.5724	0.2722
84062	-0.4867	0.0461
105374947	-2.0292	0.0458
102724520	0.0000	nan
105374948	4.2606	0.2947
105374949	3.3883	0.3172
101928406	17.7283	0.2722
29116	-3.1159	0.0853
100616269	-21.2366	0.4395
107986517	-0.1677	0.9189
2766	0.5687	0.5911
6310	-1.3403	0.0286
101928433	-1.4980	0.0550
107986573	-15.8767	0.4950
105374951	0.0000	nan
101928463	-0.7324	0.7044
401236	-18.2914	0.3643
221662	0.4301	0.6761
10486	0.4227	0.7238
101928491	-19.8891	0.3549
102724591	-3.8691	0.0148
51439	-1.1265	0.1915
9972	0.1940	0.8233
105374952	-0.7337	0.0974
63971	-1.3035	0.2907
105374953	0.8426	0.6040
378884	0.2478	0.3279
7172	1.0394	0.3507
221656	0.3586	0.6735
7913	1.6482	0.3878
255488	0.0685	0.9014
105374955	-15.6902	0.3065
105374956	0.3888	0.8606
693125	0.0000	nan
105374957	0.0000	nan
100189287	0.0000	nan
105374958	-14.5264	0.4950
101928519	-16.6584	0.1000
107986574	-17.5447	0.2192
105374961	-15.2781	0.4950
107986575	-1.4598	0.3066
105374960	0.0000	nan
105374959	0.0000	nan
100506885	2.4938	0.3552
105374963	0.0000	nan
3400	-0.4146	0.6832
105374965	-14.6356	0.2754
154141	-0.1719	0.8564
101928573	-16.3810	0.1897
107986576	-14.2478	0.4950
1871	-0.8620	0.1922
54901	-0.1400	0.6671
105374968	-1.8258	0.2708
107986577	-13.2597	0.4950
105374966	16.8882	0.2722
107986578	-1.0070	0.0918
100874531	-14.9108	0.2192
107986579	-17.0913	0.3052
6659	-1.3865	0.4510
401237	-0.0042	0.9980
105374970	0.0000	nan
729177	-0.2486	0.8299
5617	-0.9814	0.6447
105374971	-12.5267	0.4950
154150	0.0000	nan
105374972	0.0000	nan
105374973	-13.3940	0.2418
102724736	0.0000	nan
105374974	0.0000	nan
102724749	-10.0108	0.4950
105374976	0.0000	nan
105374975	0.0000	nan
140767	0.0000	nan
51473	-12.9755	0.4950
353219	-14.7787	0.4950
57380	-0.6856	0.1338
2822	-0.7474	0.3557
7915	-1.2533	0.2978
9856	-12.9797	0.2277
51567	-0.7380	0.1421
55856	0.8903	0.0017
81688	-0.2361	0.5578
105374978	0.0000	nan
51053	0.9231	0.0838
101928603	-15.9897	0.3065
9750	-1.4522	0.2909
105374981	-13.0022	0.4950
102724765	-14.5665	0.2691
8418	-1.7765	0.1347
101928663	0.7375	0.6873
105375106	-19.2510	0.1334
55604	-1.0710	0.2301
10590	0.0000	nan
6568	0.0000	nan
221613	0.0000	nan
255626	0.0000	nan
387319	0.0000	nan
10050	0.0000	nan
10786	0.0000	nan
10246	-18.4304	0.4290
10475	-0.6936	0.0137
3024	0.0000	nan
8350	-17.1723	0.1082
8359	0.0000	nan
8366	0.0000	nan
8358	16.7032	0.2722
8335	0.0000	nan
3018	-15.1237	0.4950
8352	-17.8509	0.3033
3006	-1.2591	0.4051
108783645	-1.7489	0.0186
3077	-0.8850	0.2366
8364	1.3740	0.5424
3010	0.0000	nan
8347	-1.7017	0.2210
8334	-2.0505	0.0731
3008	0.0100	0.9939
3017	-2.5766	0.2219
8344	3.0686	0.3259
8360	0.0000	nan
8351	-19.5275	0.2428
3013	-19.0634	0.3862
8343	-18.8367	0.3266
8367	-2.3833	0.2804
8339	-21.0275	0.2120
3012	-1.9395	0.3188
8353	-1.9458	0.3865
3007	0.6099	0.7587
8361	0.0000	nan
8369	0.0000	nan
8968	-17.7011	0.0658
8345	-1.2945	0.4383
105374986	-13.9213	0.4950
8355	-16.3449	0.4950
8346	0.0000	nan
105374985	-1.1862	0.5032
8365	-1.9729	0.3474
7210	0.0000	nan
7232	0.0000	nan
100189218	0.0000	nan
100189321	0.0000	nan
100189185	0.0000	nan
100189430	0.0000	nan
100189094	-17.6702	0.4950
100189436	0.0000	nan
100189410	21.8463	0.2722
101928743	-16.1352	0.3033
100189382	0.0000	nan
100189396	0.0000	nan
100189040	0.0000	nan
100189048	0.0000	nan
107986582	16.5280	0.2722
11118	-0.1238	0.8656
10385	-1.1729	0.0531
11119	-0.7409	0.2557
54718	-2.0615	0.0262
10384	-1.0150	0.2378
11120	-0.8462	0.0671
285819	0.7432	0.4004
107986583	-1.3591	0.0568
696	-17.0719	0.0544
100189288	-18.8372	0.4950
493812	-0.4126	0.5810
100189319	-17.6307	0.4950
7231	0.0000	nan
100189227	-19.5032	0.3032
10473	1.1302	0.4408
100189308	0.0000	nan
100189153	0.0000	nan
100189223	0.0000	nan
100189110	5.0297	0.2030
100189272	0.0000	nan
105374988	-15.1945	0.2729
100189337	0.0000	nan
100189162	0.0000	nan
100189219	0.0000	nan
29777	-0.7289	0.1802
105374989	-0.0972	0.9553
79692	-0.8870	0.0790
102724851	-0.5123	0.6434
105374991	-14.5341	0.4950
100189303	0.0000	nan
100189401	0.0000	nan
100189391	0.0000	nan
100189354	0.0000	nan
100189372	0.0000	nan
107986682	0.0000	nan
107986683	0.0000	nan
105374992	0.0000	nan
107986680	0.0000	nan
387036	-1.5732	0.0137
100133205	-2.4951	0.1137
100270746	1.6811	0.3786
100189028	0.7279	0.6697
100189172	0.0000	nan
100189157	-18.5002	0.2192
105374995	-2.5050	0.3209
8970	-0.7934	0.5025
8969	0.3691	0.7847
85236	-0.4006	0.6883
8294	-19.0994	0.1082
85235	-15.9478	0.2192
100422934	0.0000	nan
100189196	0.0000	nan
100188987	0.0000	nan
100189143	0.0000	nan
100189336	0.0000	nan
100189368	0.0000	nan
100189041	0.0000	nan
100189167	0.0000	nan
100189099	0.0000	nan
100189067	-18.8372	0.4950
100189014	0.0000	nan
100189310	19.3762	0.2722
10279	-13.3801	0.4950
7202	0.0000	nan
100189213	0.0000	nan
100189363	0.0000	nan
100189408	0.0000	nan
100189329	0.0000	nan
100189002	0.0000	nan
94026	0.0000	nan
105375107	0.0000	nan
387316	0.0000	nan
100189345	0.0000	nan
100189182	0.0000	nan
7754	-17.4452	0.1224
346157	1.0796	0.4287
7738	-0.5915	0.2547
105375001	-2.1502	0.0292
100189077	-17.5176	0.4950
100189158	-18.6878	0.2192
23437	-17.4825	0.4950
100189247	0.0000	nan
100189292	0.0000	nan
107986584	-13.4049	0.3033
23540	0.0000	nan
100189189	0.0000	nan
790951	0.0000	nan
100189352	0.0000	nan
94017	0.0000	nan
100189268	0.0000	nan
100189070	0.0000	nan
100189012	0.0000	nan
100189390	0.0000	nan
100189200	0.0000	nan
100189053	0.0000	nan
100189297	0.0000	nan
100189038	0.0000	nan
100189301	0.0000	nan
100189300	0.0000	nan
100189131	0.0000	nan
791231	0.0000	nan
100189095	0.0000	nan
100189428	0.0000	nan
100189205	0.0000	nan
100189161	0.0000	nan
100189340	0.0000	nan
100189071	0.0000	nan
100507173	0.0000	nan
100189164	0.0000	nan
100189374	0.0000	nan
100189101	0.0000	nan
791230	0.0000	nan
100131289	2.6137	0.1700
7212	0.0000	nan
100189214	0.0000	nan
100189074	0.0000	nan
8340	0.7110	0.7437
8329	0.6031	0.6822
8357	0.9167	0.6266
8331	1.2576	0.4981
8342	-15.0391	0.4950
8363	0.6518	0.6876
8362	0.1622	0.9127
8330	-3.5556	0.1151
8341	-1.7291	0.4687
8332	0.7288	0.6694
3009	0.0000	nan
8354	0.0000	nan
8368	0.0000	nan
8356	18.6853	0.2722
8336	-1.6854	0.4471
8348	0.3740	0.8661
100189315	0.0000	nan
100189314	0.0000	nan
81697	0.0000	nan
26212	0.7104	0.7439
442179	0.7110	0.7437
102724889	-1.6293	0.1654
7718	-1.5847	0.0229
221584	-0.0923	0.8931
100129195	-0.4883	0.2541
80345	-0.6986	0.2647
7745	-1.2397	0.1400
651302	-0.5482	0.3577
100189159	0.0000	nan
222699	-1.1821	0.1254
7746	-0.8272	0.0485
387032	-1.1475	0.0112
222698	1.6188	0.1994
7741	-0.7170	0.0113
84547	-0.5661	0.0412
64288	-1.0337	0.1356
80317	-0.3407	0.3632
9753	-1.0545	0.1924
105374998	0.0000	nan
105374997	-0.0284	0.9790
222696	-0.5397	0.5680
100189344	0.0000	nan
100189118	0.0000	nan
100189035	0.0000	nan
257202	0.0000	nan
2880	0.0000	nan
100189348	0.0000	nan
107986586	0.0000	nan
100189034	0.0000	nan
114821	1.3780	0.2671
100189138	-17.6702	0.4950
100189225	0.0000	nan
100189299	20.8663	0.2722
105374996	0.0000	nan
100189114	0.0000	nan
100189360	0.0000	nan
387055	0.0000	nan
100189046	0.0000	nan
100189400	0.0000	nan
100189395	0.0000	nan
100189092	0.0000	nan
100189433	0.0000	nan
100189033	0.0000	nan
100189178	0.0000	nan
100189365	0.0000	nan
100189332	0.0000	nan
100189082	0.0000	nan
100189149	0.0000	nan
100189137	0.0000	nan
100189346	0.0000	nan
100189170	0.0000	nan
100189066	0.0000	nan
100189093	0.0000	nan
401242	0.0000	nan
100189295	0.0000	nan
100189084	0.0000	nan
107987402	0.0000	nan
414760	-15.1570	0.4950
5987	-0.7984	0.1121
100189237	0.0000	nan
100189121	0.0000	nan
100189202	19.4566	0.2722
729583	-14.3149	0.4950
100189216	0.0000	nan
100189234	-17.6853	0.4950
100189111	0.0000	nan
100189254	0.0000	nan
100189024	0.0000	nan
414761	-2.8907	0.0749
100189169	1.3534	0.5475
282890	0.5557	0.5888
105375002	0.0000	nan
100129636	0.0000	nan
26692	0.0000	nan
442184	0.0000	nan
442185	0.0000	nan
105375003	0.0000	nan
442186	0.0000	nan
26707	0.0000	nan
101929006	0.0000	nan
105375006	0.0000	nan
105375005	0.0000	nan
442191	0.0000	nan
81696	0.0000	nan
81797	0.0000	nan
26529	0.0000	nan
105379641	0.0000	nan
26530	0.0000	nan
26531	0.0000	nan
442194	0.0000	nan
26716	14.5885	0.2722
105375008	0.0000	nan
116511	0.0000	nan
105375009	0.0000	nan
100507362	0.0000	nan
10537	-14.0360	0.4950
692092	0.0000	nan
7932	0.1436	0.9266
2550	-1.0674	0.3011
4340	12.9183	0.2722
346171	14.9759	0.0551
3134	0.4821	0.6876
285830	-1.3192	0.0692
340198	-18.6873	0.1896
54435	-14.4521	0.2754
352962	-14.5476	0.4950
3135	-1.6013	0.1581
105375010	-1.2106	0.6983
352990	-15.4455	0.0501
3136	-1.9595	0.0360
80868	-3.6662	0.0146
3105	-1.0316	0.2431
10255	-16.7028	0.2261
80862	-1.4818	0.0300
3137	-3.1372	0.3814
30834	-0.0322	0.9623
6992	0.2831	0.0442
80352	-0.2283	0.3782
11074	0.0000	nan
104533120	0.0000	nan
135644	0.0000	nan
10107	-11.7346	0.4950
89870	0.0000	nan
7726	-0.4576	0.3379
414778	-2.7604	0.1056
3139	-1.3560	0.1051
414777	-1.0429	0.0791
56658	-0.5452	0.1722
202658	0.3381	0.2718
79897	0.9051	0.0511
105375012	15.9545	0.2722
3133	-0.2516	0.7753
111082993	-18.1414	0.0233
2794	-0.9282	0.2027
80742	-0.4506	0.3503
107986587	-1.6632	0.0526
23	-0.2414	0.5704
100126314	-20.9122	0.1255
5514	-0.4039	0.4857
28973	0.6521	0.5414
79969	-1.0339	0.0665
221545	-1.0072	0.0461
8449	-0.7460	0.2558
170954	-0.5214	0.1972
11270	1.9578	0.1301
9656	-0.9414	0.0906
106478956	-0.6506	0.1769
203068	1.3632	0.0408
10211	0.4505	0.1674
105379695	-1.1050	0.3853
8870	-1.2601	0.4931
105375013	1.1364	0.0765
401247	2.0898	0.3842
105375014	0.0000	nan
780	-1.4740	0.0785
100616237	-17.3834	0.4950
2968	-1.5785	0.0206
57176	-1.6098	0.0417
389376	0.0000	nan
135656	0.6329	0.7164
102723346	-15.0992	0.4950
394263	0.0000	nan
100507679	0.0000	nan
285834	13.1367	0.2722
29113	0.0000	nan
170679	-4.7058	0.0053
1041	-2.7645	0.0573
170680	-3.6412	0.0056
54535	0.2156	0.8397
6941	0.7559	0.4699
5460	-0.4150	0.7013
100130889	-17.8749	0.0023
253018	-2.5512	0.0252
3107	0.2562	0.8166
105375015	0.0000	nan
112267902	0.0000	nan
3106	-0.2675	0.8164
102465537	-19.5067	0.1083
101929072	-0.7095	0.3455
100507436	-0.6662	0.2868
101929111	-15.9738	0.2276
10866	-1.1743	0.4698
352961	-17.5368	0.4082
102725068	-0.2753	0.7794
4277	0.2811	0.4059
401250	0.7113	0.7435
100532737	0.4994	0.0270
7919	0.5057	0.0262
692233	-21.1449	0.0741
692199	-0.8260	0.3314
106478957	0.1261	0.8304
534	0.1492	0.6991
4795	0.1589	0.8926
100287329	0.1258	0.9562
4049	-14.8509	0.3642
7124	4.0537	0.2986
4050	-17.1507	0.0007
7940	-14.0791	0.4950
259197	15.2949	0.2722
199	16.6318	0.2722
7916	-1.3045	0.1035
677820	-17.8308	0.4950
102466745	-1.6621	0.3970
7917	-0.8366	0.1005
55937	-0.5405	0.1961
57827	-0.8613	0.1368
7918	-0.2793	0.7558
1460	1.2858	0.3392
58496	-0.2769	0.7915
80741	0.5220	0.5297
105375019	0.3724	0.5078
7920	-0.4768	0.5046
105375018	-4.3430	0.0564
100616230	0.0000	nan
110599563	0.0000	nan
259215	-13.8766	0.4950
79136	0.0000	nan
58530	0.0000	nan
80740	-14.0727	0.4950
80739	-17.0775	0.0000
23564	-0.4004	0.5937
1192	1.0999	0.0676
105375020	0.3372	0.7992
100532732	-0.5763	0.2619
4439	-0.5258	0.2880
401251	-0.1431	0.8384
80737	-0.3249	0.6811
104413891	0.8697	0.3831
7407	-0.6077	0.2729
57819	0.9403	0.4599
3305	-1.2604	0.1261
3303	-0.6269	0.4185
3304	-0.8179	0.3110
50854	-0.5150	0.5107
26801	-1.9043	0.0409
26797	-3.1836	0.1041
4758	0.4586	0.6330
80736	15.7498	0.2722
10919	-0.5062	0.3472
107986588	0.1973	0.5637
717	-0.0550	0.9636
221527	-2.2827	0.0160
102060414	-17.3851	0.0371
629	-0.8575	0.4474
7936	0.5345	0.5465
100302242	-19.0206	0.3033
6499	-1.5960	0.0158
1797	-0.6688	0.3312
8859	-0.6748	0.4244
720	-1.3390	0.0691
1590	-2.4269	0.3591
7146	-2.0833	0.4110
721	-0.7754	0.2672
1589	-2.5817	0.3755
7148	-3.8766	0.3270
1388	-1.0395	0.0214
63943	0.0401	0.9706
80863	-1.1230	0.1012
100507547	-2.3096	0.0023
9374	-1.5318	0.0034
100532746	-2.0577	0.0013
80864	-1.7213	0.0151
10554	0.0727	0.6437
102466190	0.5734	0.6032
6048	0.2920	0.4091
102465500	0.9562	0.5945
177	-0.5319	0.4263
5089	-0.9675	0.0100
63940	0.2276	0.8368
4855	0.6383	0.1036
101929163	1.6752	0.4772
10665	0.0000	nan
414764	0.5326	0.7471
56244	-12.2008	0.4950
3122	3.1158	0.0102
3127	-13.4148	0.4950
3128	-13.5700	0.4950
3123	4.3221	0.2251
107986589	0.0000	nan
3117	0.0000	nan
3119	0.0000	nan
106480429	0.0000	nan
102725019	0.0000	nan
3118	0.0000	nan
100616218	0.0000	nan
3120	16.6161	0.2722
3112	0.3899	0.8602
6891	-0.7500	0.1188
5696	0.5371	0.6425
100507463	0.3014	0.8007
6890	0.2360	0.8304
5698	1.5642	0.2135
100294145	0.6574	0.5250
3109	4.3308	0.2936
3108	0.5117	0.1343
6046	-0.8196	0.0520
3111	-12.0827	0.4950
3113	-0.8803	0.5054
3115	0.6596	0.2865
3116	-15.7723	0.4950
105375021	0.0000	nan
414768	0.0000	nan
1302	-4.3836	0.0227
6257	-1.2052	0.0540
7922	-0.9034	0.2834
7923	0.2344	0.8390
407002	-18.0764	0.2192
6015	-0.6314	0.3300
105375022	0.0738	0.9529
414765	1.8506	0.0527
6293	0.6301	0.0776
6222	0.2230	0.8634
8705	-1.8846	0.2465
9277	-0.4572	0.5673
102466754	-20.0685	0.1082
10471	-0.6998	0.3513
102465501	-1.2804	0.1579
5863	-0.9785	0.1321
6892	-0.4296	0.7184
9278	-1.3885	0.0588
1616	0.1122	0.5891
113523636	-14.6705	0.4950
3833	1.5521	0.0991
5252	-1.0547	0.0731
51596	0.3712	0.5052
8831	-2.6913	0.0024
100847012	-2.4853	0.0222
221504	-0.2683	0.0820
107986537	-14.8556	0.4950
578	-1.2268	0.0285
449520	4.8479	0.2867
401253	17.8882	0.2722
3710	-1.9091	0.2263
101929188	-1.0601	0.0469
105375023	0.0000	nan
84300	-0.2163	0.7649
100500873	-2.1798	0.0305
117283	-14.5544	0.0056
221496	-1.1660	0.1095
105375024	-18.3481	0.0581
4295	-17.3302	0.3875
105375025	0.0000	nan
105375027	0.0000	nan
100507584	-13.5908	0.4950
105375026	0.0000	nan
102466816	0.0000	nan
107986590	0.0000	nan
100302123	0.0000	nan
2914	2.0017	0.4072
3159	0.4163	0.3666
102465502	0.5243	0.7238
221491	0.6071	0.6049
11165	-0.2912	0.1784
100529239	0.2507	0.7932
6204	0.2887	0.7732
29993	-12.4272	0.4950
25803	-15.4438	0.1420
64771	-0.8535	0.1092
105375028	-18.7406	0.2261
101929243	-0.5986	0.1106
6631	-0.0780	0.9339
54887	-0.6936	0.4478
6882	-0.2576	0.5928
23294	-1.1232	0.1763
6954	-1.1726	0.4307
112267955	-2.2707	0.0529
222663	2.2381	0.3407
101929285	-1.2473	0.1940
7629	-0.8902	0.2275
50619	-2.5922	0.2808
5467	-1.0119	0.0616
2178	-0.7773	0.3082
4736	0.3403	0.7608
102465668	-2.8133	0.3222
7005	-1.3204	0.0225
7287	-18.0131	0.0428
101929309	0.0000	nan
2289	0.5444	0.6498
112267956	0.0000	nan
100847048	0.0000	nan
285847	0.1289	0.9285
221481	-2.6792	0.0726
389383	0.0000	nan
340204	0.0000	nan
1208	0.0000	nan
222662	-14.1872	0.4950
6732	-0.7585	0.1698
116369	0.4909	0.3802
105375035	-0.4520	0.7741
105375034	-0.8807	0.6990
1432	-0.9181	0.0225
5603	-0.5551	0.2650
102723648	-2.5458	0.1062
27154	-1.4656	0.0305
105375036	2.3532	0.3615
285848	1.7708	0.4141
389384	0.0000	nan
51513	0.8429	0.5943
105375037	-19.8741	0.4219
222659	0.7107	0.6491
222658	-1.0205	0.0675
11329	-0.6526	0.2495
6428	0.4823	0.5868
100500885	0.0000	nan
105375038	1.9563	0.4027
101154753	0.6517	0.6286
1026	-1.1602	0.0371
108783646	-3.4948	0.0115
401258	-1.8550	0.0584
57699	-0.9791	0.4107
221477	-0.8023	0.2014
51645	-0.1816	0.7966
221476	2.6065	0.3522
23787	-0.1315	0.8022
221472	3.6640	0.1327
5292	-1.0789	0.3084
221468	-1.3264	0.3293
55633	-0.9408	0.1155
105375040	-14.2572	0.4950
9025	0.1390	0.3348
107986531	-2.1920	0.0649
23070	-0.7155	0.1195
154467	0.3369	0.7107
100505530	0.0000	nan
100616413	0.0000	nan
266727	-5.0101	0.4021
107986593	0.1238	0.9340
60685	-1.1708	0.0383
114781	-0.8749	0.2412
105375045	-14.9630	0.2192
101929425	-14.4915	0.4950
105375044	-1.4759	0.2137
2739	-0.0846	0.8572
1769	0.7349	0.4807
100131047	16.9826	0.2722
2740	-10.9958	0.4950
105375046	0.0000	nan
113218508	0.0000	nan
55776	-0.8276	0.0762
8645	12.3432	0.2722
89822	0.0000	nan
105375047	1.3615	0.5090
83795	0.0000	nan
221458	-0.1126	0.8748
107986594	3.1041	0.3292
23500	-1.3406	0.0443
100505635	-2.4716	0.0313
4337	0.0831	0.7084
102723789	0.0000	nan
105375049	0.0000	nan
105375050	0.0000	nan
401260	0.0000	nan
732253	0.0000	nan
57497	0.0000	nan
105375051	0.0000	nan
101929535	0.0000	nan
105375052	0.0000	nan
105375053	0.0000	nan
101929555	-4.4126	0.4699
222643	-0.6030	0.5809
222642	1.7393	0.4432
10930	1.8484	0.2278
221443	0.2588	0.6763
4800	-0.4535	0.4195
221442	-2.0858	0.0578
340205	0.0000	nan
105375056	0.0000	nan
54209	0.0000	nan
107986595	0.0000	nan
79865	0.0000	nan
340206	2.4356	0.3609
105375055	0.0000	nan
285852	0.3888	0.8606
221438	0.0000	nan
54210	15.5593	0.2722
9436	0.0000	nan
100505711	0.0000	nan
107986538	0.0000	nan
112267957	0.0000	nan
103106903	0.0000	nan
101060264	-15.1701	0.4950
116113	-1.3318	0.0442
100616178	-17.7957	0.4950
4188	-0.9017	0.7391
7942	-1.4146	0.0580
113218489	-20.5025	0.0524
5225	0.0000	nan
10817	-1.4749	0.0182
29964	-3.1727	0.0687
100188893	0.2976	0.4620
25862	-1.2360	0.1479
9477	-0.2646	0.5573
705	-1.3155	0.0418
896	-0.3283	0.5702
105375060	0.0000	nan
105375059	2.1176	0.3862
129685	-0.8142	0.0292
647024	-1.6356	0.0325
2978	4.0329	0.2991
114841037	0.0000	nan
2979	-0.8382	0.3810
55173	0.8216	0.3799
55809	-0.6453	0.6184
105375061	-0.3943	0.7613
107986596	-2.0322	0.3683
23304	-0.6062	0.0996
5961	1.6636	0.2852
442211	-1.1960	0.3853
6903	-0.4999	0.5089
23506	-1.1721	0.0711
401261	-3.1200	0.0239
285855	-0.2771	0.4576
441150	-1.3947	0.0354
105375063	-14.8437	0.2192
171558	13.5229	0.2722
10695	0.1191	0.8088
107080644	-0.3933	0.5722
27232	-2.8106	0.0433
5190	-0.9958	0.1342
4201	-0.3342	0.5497
5528	-0.3861	0.4206
116138	0.3918	0.7580
88745	-0.0029	0.9949
9820	-0.7710	0.1999
51069	-0.1277	0.8790
89953	-0.7887	0.3370
112267958	0.2605	0.7973
5754	-0.9365	0.2479
6722	-1.0107	0.0290
23113	-1.5348	0.0319
10591	0.5999	0.2907
84630	2.3531	0.3820
105375064	0.0000	nan
10864	0.0000	nan
401262	-18.2737	0.0014
24149	-0.6755	0.2325
105375065	13.6574	0.2722
89845	-1.3289	0.0440
102466746	-17.5714	0.4950
65989	-0.2461	0.7454
107986597	-19.2195	0.1255
93643	-1.2395	0.0024
221424	-1.0269	0.3225
25844	0.1351	0.7520
9533	0.2865	0.2361
57510	0.1833	0.4690
5429	-1.1293	0.1001
54676	-0.4948	0.5783
9587	-0.2419	0.6068
221421	0.2063	0.8307
55168	0.5462	0.5484
7422	-2.1928	0.1153
105375070	0.0000	nan
107986598	-12.1509	0.4950
105375069	-14.2798	0.4950
285857	0.0000	nan
105375068	0.0000	nan
100132354	-13.7190	0.4950
105375067	14.8347	0.2722
101929705	1.8515	0.1246
221416	-12.5054	0.4950
64928	-0.2347	0.7302
55362	-0.4158	0.3976
107986599	-0.6422	0.1685
11131	0.0000	nan
105375072	0.0000	nan
101929726	0.0000	nan
2030	0.0078	0.9906
3326	1.0722	0.0119
347734	-0.3169	0.2931
100616124	-0.4822	0.6197
4794	-0.2655	0.7284
441151	-14.4218	0.3065
202500	-2.6026	0.1833
57505	-1.2546	0.1412
221409	0.6899	0.5832
988	0.1567	0.5199
100616352	0.0000	nan
105375074	-15.5317	0.3032
105375075	0.0000	nan
101929770	0.0973	0.7802
8464	-0.4347	0.3814
107986600	-2.0471	0.2296
693171	0.0000	nan
860	-0.3474	0.5099
105375077	-12.4489	0.4950
107986519	-14.4435	0.4950
53405	-0.8144	0.7184
105375078	-16.5750	0.3229
22875	-3.2788	0.2396
59084	-1.5652	0.0428
105375079	-2.6181	0.1777
10231	-2.5010	0.0925
101926915	17.3129	0.2075
101926898	-13.4414	0.4950
51302	-4.7325	0.0931
9481	-2.8329	0.0005
101926934	-2.5227	0.1225
221400	-4.6683	0.0270
7941	-2.2027	0.0840
100287718	0.0000	nan
4224	0.0000	nan
221395	-18.0856	0.2609
101926962	0.0000	nan
105375080	0.0000	nan
266977	-13.6466	0.4950
105375081	-13.1738	0.4950
27242	0.2926	0.8079
105375082	0.0000	nan
23607	1.0386	0.5042
222611	0.0000	nan
221393	0.0000	nan
221391	-12.8470	0.4950
107986601	0.0000	nan
442213	-2.2753	0.1673
107986602	0.0000	nan
4594	0.0812	0.8696
55166	0.3883	0.6761
389396	0.0000	nan
135398	1.9027	0.4150
6005	0.0000	nan
7180	0.0000	nan
10321	0.0000	nan
5232	0.0000	nan
101927020	0.0000	nan
101927048	0.0000	nan
167	0.0000	nan
245928	0.0000	nan
245927	0.0000	nan
245913	0.0000	nan
245915	0.0000	nan
100505985	0.0000	nan
83741	3.5234	0.3125
105375084	0.0000	nan
7021	-11.0996	0.4950
105375085	0.0000	nan
5314	14.3071	0.2722
101927082	0.0000	nan
105375087	0.0000	nan
406989	0.0000	nan
101154644	0.0000	nan
442890	0.0000	nan
3605	0.0000	nan
102724327	0.0000	nan
112744	0.0000	nan
4172	0.3856	0.0798
85315	0.8203	0.3579
114327	-1.2536	0.1408
9697	0.1094	0.8889
107986603	-0.3829	0.8127
401264	0.0744	0.7442
730101	0.0134	0.9922
28978	1.7264	0.3668
730152	0.0000	nan
2939	17.2047	0.2722
2938	2.0622	0.3961
221357	0.0000	nan
105375091	-0.5187	0.3543
2940	-13.5234	0.4950
2941	-0.2450	0.6099
125050	0.4920	0.7329
22858	-0.9758	0.3070
26268	-0.9386	0.0247
8521	0.3738	0.8662
60481	0.1254	0.8677
100847075	-20.8240	0.3580
647190	-14.4213	0.1082
107986604	0.0000	nan
2729	-1.8513	0.0075
105375095	-16.9908	0.2418
101927136	2.7109	0.3521
101927171	0.0000	nan
401265	16.0113	0.2722
55227	-0.2006	0.7299
101927189	2.1783	0.3801
100874282	0.0000	nan
90523	0.3733	0.8663
100873951	0.0000	nan
105375097	3.4755	0.3141
105375098	0.0000	nan
27283	0.0000	nan
107986605	0.0000	nan
107986606	2.1658	0.3936
222584	-13.7767	0.2315
3062	-0.2886	0.9070
389400	0.0000	nan
54511	0.0000	nan
653	0.0000	nan
107986539	0.0000	nan
105375100	0.0000	nan
81578	-2.2491	0.3394
667	-0.4585	0.6973
101930010	-2.1919	0.0409
221336	-0.2533	0.5997
57691	-0.1970	0.8576
26036	-0.7150	0.2691
101927211	-1.9365	0.2845
9532	0.3778	0.6993
51715	0.0865	0.9282
100506188	0.9401	0.2086
5558	0.4293	0.5883
100422884	20.8311	0.2722
105375103	-18.1004	0.1276
100189249	0.0000	nan
105375102	0.0170	0.9942
107986679	0.0000	nan
105375101	-14.2204	0.2192
100189085	0.0000	nan
101927268	-5.1398	0.0541
375513	-1.9078	0.0965
106660613	-1.7182	0.0419
106660612	-1.3898	0.0345
101927293	-0.6333	0.2774
202559	14.8510	0.1979
100463487	-0.9082	0.5861
51557	-1.5238	0.0480
7803	0.8769	0.5152
23469	-0.2932	0.4478
346007	-0.6505	0.5277
112935969	-15.5477	0.2261
105377836	0.0000	nan
107986608	0.0000	nan
105377837	0.0000	nan
107986607	0.0000	nan
441155	-1.0171	0.1314
442229	-1.8688	0.0811
105377838	0.0000	nan
105377840	0.0000	nan
105377839	0.0000	nan
105377841	0.0000	nan
107986540	-14.5851	0.4950
105377843	0.0000	nan
105377842	17.4375	0.2722
105377845	0.0000	nan
107986610	0.0000	nan
105377844	0.0000	nan
102723883	0.0000	nan
105377846	0.0000	nan
101928280	0.0000	nan
101928307	0.0000	nan
577	-0.7131	0.7942
55788	-1.5641	0.0393
1310	3.1274	0.2674
1297	0.0000	nan
105377848	17.7230	0.2722
105377847	0.0000	nan
101928353	0.0000	nan
105377849	-16.9571	0.2691
57579	-0.5209	0.5650
135154	-1.4538	0.0649
60682	-0.3486	0.0809
135152	-0.2892	0.2478
105377850	0.0000	nan
79627	-1.3228	0.3569
407032	-2.2419	0.1039
407029	0.0000	nan
79940	-1.9762	0.2261
102724000	0.7281	0.6697
105377853	-15.7287	0.4950
22999	-2.7531	0.1622
107986611	3.3887	0.3172
112267960	1.5649	0.3373
56479	2.6565	0.3129
100507381	1.9590	0.4298
107984120	1.7057	0.4326
105377855	0.0000	nan
112267959	0.0000	nan
100423005	0.0000	nan
100873997	0.0000	nan
100129128	0.1771	0.8421
80759	-0.6286	0.0826
112267961	-0.9575	0.0146
340168	0.0000	nan
154288	-13.8570	0.4950
441161	-17.0297	0.2691
55510	0.1046	0.9461
115004	0.2816	0.4810
25821	-0.4003	0.0656
1915	0.1477	0.8971
26503	-0.2427	0.7572
101928489	-1.4536	0.1803
135228	0.3594	0.7686
101928516	-1.4976	0.5727
105377858	-0.2419	0.7926
1303	-2.6333	0.0068
109623475	-1.2565	0.3470
1347	0.2749	0.6793
55754	-0.6665	0.5172
100506804	-1.1654	0.2550
27145	0.5585	0.6546
101928540	0.0000	nan
100616389	0.0000	nan
26054	-0.6039	0.3980
4646	-1.1344	0.3606
3617	-0.4652	0.4400
105377860	-14.6777	0.4950
105377861	-0.5940	0.7780
105377862	-2.0142	0.3903
101928570	-2.8867	0.2219
105377864	-16.9549	0.4192
3351	-4.0413	0.4487
101928601	0.8605	0.6080
105377865	-1.4917	0.1633
113218491	0.0000	nan
107986613	-0.2903	0.8439
134728	0.6587	0.2784
55023	-0.2833	0.7735
9324	-0.1928	0.6931
100288198	-0.6712	0.3234
80078	0.0000	nan
100506851	0.4806	0.2442
105377867	-16.0910	0.3230
167691	-0.6178	0.5409
112267857	-1.4724	0.1193
83699	-1.9226	0.0820
89758	0.0000	nan
107986614	0.0000	nan
6785	-0.0203	0.9841
7272	3.2441	0.2889
594	-0.0796	0.9216
112267962	0.7463	0.7313
105377869	-2.2781	0.0459
105377871	0.1529	0.8447
105377872	0.9050	0.0662
55603	0.8349	0.3770
105377873	-17.2185	0.3087
101928770	0.0000	nan
102724168	-2.5986	0.2921
107986617	3.4516	0.0665
25998	0.2139	0.8422
105377874	-15.8485	0.4950
105377875	-22.0874	0.1019
7162	-1.2372	0.1611
105377876	-15.7050	0.3292
105377877	1.3885	0.5389
90025	-0.0920	0.8439
23033	-0.7509	0.1841
5238	-0.3930	0.4477
112611	-1.1688	0.0274
4199	-1.0132	0.2303
167681	-7.7314	0.4811
9892	1.3735	0.5426
105377879	0.0000	nan
134701	-16.2817	0.4950
51167	-1.1805	0.0474
107986618	18.5311	0.2722
112609	-1.0788	0.6326
22832	-1.0847	0.0459
107986621	-15.8121	0.4950
107986620	0.0000	nan
107986619	2.7461	0.3497
105377880	-16.8683	0.2277
9096	-1.3818	0.1269
102724201	-18.2697	0.0284
105377881	0.0000	nan
101928820	-2.7892	0.1874
4907	0.6294	0.5814
57231	-0.6046	0.4372
10492	0.5069	0.6513
387066	0.3054	0.8380
26799	-1.1799	0.3611
692088	-0.7689	0.5282
107986622	-17.3969	0.0524
101928842	0.3597	0.7968
107986532	-0.8998	0.1605
3354	0.0000	nan
112267964	0.0000	nan
1081	0.0000	nan
23036	-0.7519	0.3649
375519	-14.6847	0.4950
57150	-0.5404	0.3708
206412	-0.0151	0.9693
63914	-3.4067	0.0353
154313	0.1316	0.8866
10559	-0.8423	0.1241
57038	0.0811	0.2832
23595	0.2236	0.5934
55122	-0.6915	0.0124
101928911	0.0000	nan
105377882	0.0000	nan
107986541	0.0000	nan
81833	0.0000	nan
1268	0.0000	nan
105377884	-12.7877	0.4950
105377885	-11.1100	0.4950
101928936	0.0000	nan
8732	-0.3025	0.6720
10957	-0.7114	0.0766
135293	-0.3227	0.7750
135295	-1.1882	0.1912
101929004	-1.7262	0.4173
2569	0.0000	nan
2570	-3.2108	0.0761
51465	0.3004	0.6740
58528	0.5263	0.6390
22881	-2.5896	0.1452
105377889	0.0000	nan
105377887	-4.5514	0.1345
57226	0.2207	0.6960
101929057	-2.0714	0.1289
23195	-1.3073	0.1430
9994	-0.4188	0.6438
84694	0.0000	nan
60468	-0.9346	0.5038
105377890	0.0000	nan
105377891	14.3827	0.2722
100616109	0.0000	nan
6885	-0.8686	0.0559
107986623	0.0000	nan
105377893	0.0000	nan
107986624	0.0000	nan
100616174	0.0000	nan
101929083	0.0000	nan
105377894	0.0000	nan
107986625	-16.8566	0.2261
105377896	2.8036	0.3444
102724665	0.0000	nan
107986533	1.7112	0.4704
105377897	0.0000	nan
2045	-12.9183	0.1083
105377899	0.0000	nan
643432	3.6955	0.3073
105377901	0.0000	nan
101927288	-1.2830	0.1806
79694	0.6907	0.6288
107986543	0.0000	nan
107986626	0.0000	nan
10690	0.0000	nan
105377905	15.0096	0.2722
100861530	0.3475	0.7985
23376	0.4925	0.6763
9457	0.0000	nan
105377908	-14.1328	0.4950
81491	-1.5000	0.3894
29078	-0.4390	0.2826
114792	2.0769	0.3542
253714	1.0668	0.4657
101927314	3.8239	0.3039
105377909	0.0000	nan
107986627	0.0000	nan
100302164	0.0000	nan
105377910	0.0000	nan
105447646	0.0000	nan
5454	0.8952	0.2157
26235	-0.7316	0.2044
100616347	0.0000	nan
84553	0.1032	0.8655
51805	0.4528	0.5120
25957	-0.8551	0.1388
101927365	-2.1116	0.0364
100130890	-0.9010	0.1408
85015	-0.0385	0.9655
892	0.2625	0.6958
59336	-12.2301	0.4950
84539	0.3437	0.8365
728012	0.0000	nan
105377911	-1.0049	0.4172
6492	-3.0338	0.2352
102724406	-2.2542	0.4296
10973	-0.1747	0.8247
107984041	-1.4936	0.4147
2898	-3.6631	0.2934
101927388	0.0000	nan
105377913	0.0000	nan
105377916	0.0000	nan
105377917	0.0000	nan
102724443	0.0000	nan
105377918	0.3738	0.8661
57531	-0.4807	0.5182
100113403	0.0000	nan
389421	-15.3057	0.4950
11149	-0.2051	0.8021
154442	-0.8430	0.3249
64208	0.5687	0.2680
105377920	-1.3450	0.0947
5550	-0.7400	0.0319
105377921	0.7854	0.2099
105377922	15.2260	0.2722
105377923	-13.3559	0.4950
639	0.7730	0.4035
9474	-0.2872	0.4354
202	0.1621	0.8573
105377924	0.0000	nan
101927405	2.9382	0.3378
84816	-0.1197	0.2921
55278	0.1223	0.7705
105377926	0.0000	nan
105377927	0.0000	nan
100422737	0.0000	nan
693172	0.0000	nan
105377928	0.0000	nan
100133941	7.9413	0.2738
51250	0.1372	0.1514
57673	-0.1073	0.7300
57107	-0.0931	0.8804
55084	0.5744	0.6581
256380	0.0000	nan
11231	-0.2990	0.6020
105377929	-3.5061	0.0408
28962	-0.4761	0.5724
100287366	0.0000	nan
7101	-13.9574	0.3065
8724	-0.3662	0.1958
246269	-0.3623	0.4683
105377932	-13.7866	0.4950
2309	-0.5191	0.2432
107986629	0.0000	nan
387111	-17.5598	0.2646
84071	-1.5344	0.0006
101929716	-18.9677	0.0274
27244	-1.1592	0.0226
285753	0.2269	0.7778
221262	-0.9355	0.1881
101927538	-15.4615	0.1243
8763	1.3491	0.4604
285755	-0.6264	0.1150
6610	0.5188	0.6625
64780	-0.7380	0.2422
9841	0.0882	0.8885
105377935	-17.3764	0.1581
221264	-0.5922	0.0931
9896	-0.3697	0.0611
107986630	-18.4664	0.1761
2830	0.0000	nan
107986631	0.0000	nan
8936	-0.6463	0.1970
51362	-0.3639	0.3089
728464	-1.8975	0.0076
105377937	-0.1104	0.8123
102724586	-1.4642	0.5080
8528	-0.5127	0.6065
105377936	0.0000	nan
85413	-12.3928	0.4950
105377938	19.7667	0.2722
105377940	2.9380	0.3301
105377939	0.0000	nan
105377941	0.0000	nan
23097	-0.8829	0.1978
262	0.1187	0.9175
109616968	0.0000	nan
112495	0.6703	0.0149
84154	0.1038	0.7991
442245	-0.8345	0.1631
117247	4.1863	0.2961
109623478	0.0000	nan
107986521	0.0000	nan
91749	-1.3447	0.0371
5980	-0.4587	0.5472
643749	-0.8568	0.0335
107986522	1.6963	0.4732
10758	0.5538	0.3551
105377944	0.3739	0.8661
2534	-0.6730	0.2762
105377945	-0.8259	0.1617
102724646	-0.9891	0.2337
105377946	13.7603	0.2722
105377947	-13.6379	0.4950
8838	0.2659	0.7802
51175	-0.8138	0.1674
619208	-0.0267	0.9765
3910	-1.4211	0.1461
107986633	-1.6683	0.1178
101927640	-16.1464	0.4950
107986632	-1.2857	0.5142
442247	-25.7278	0.4892
101927664	0.0000	nan
105377949	-14.6482	0.4950
107986634	-17.4129	0.4950
105377950	-14.8016	0.2418
107986635	-17.1142	0.3033
105377951	-16.1032	0.3552
107986636	-19.5825	0.2537
105377952	18.9700	0.2722
105377956	0.0000	nan
105377953	1.6931	0.4367
105377955	0.0000	nan
107986637	-1.5128	0.1218
105377957	-17.9341	0.3486
101927686	-20.7060	0.0494
4082	-0.3079	0.5527
285758	-2.0763	0.3201
285759	-2.6970	0.1230
3066	0.3612	0.5632
101927768	-2.0432	0.1094
222537	-2.2825	0.3128
107986638	-15.1740	0.4950
105377959	0.0000	nan
107986639	-15.8981	0.4950
105377960	0.0000	nan
105377961	-14.2550	0.4950
105377962	0.0000	nan
2444	-1.3617	0.1940
728402	-0.4906	0.5669
221294	-0.5362	0.2257
1300	-4.5978	0.3066
23270	-0.9266	0.1652
29940	-1.3697	0.0273
112267965	-0.9783	0.3385
7259	-0.3835	0.5640
100287467	-1.5312	0.0717
441168	0.6815	0.6509
100128327	-4.4190	0.4369
254228	-0.7877	0.2406
221301	-16.4956	0.4116
51389	-0.0402	0.9017
345895	-0.7029	0.5779
221302	-0.7508	0.1935
3841	-1.3989	0.0808
221303	1.9618	0.4051
105377963	16.3312	0.2722
222545	0.0000	nan
222546	-0.5683	0.8293
105377964	0.0000	nan
245806	0.0000	nan
6098	0.1544	0.9025
285761	-0.2379	0.7389
57120	-0.1016	0.9193
101927919	1.4775	0.4815
116150	1.5509	0.4171
222553	-14.8043	0.3552
105377967	0.0000	nan
107986523	-13.4488	0.2418
387119	-0.1814	0.8646
105377971	-2.3283	0.0430
23629	0.0405	0.9731
5350	-1.4568	0.6378
107986524	-14.1978	0.2192
100287632	-15.3977	0.4950
254394	-1.1018	0.0656
25842	1.1908	0.3694
79632	-2.9271	0.2565
693128	0.0000	nan
4121	-0.3096	0.7321
107986526	2.0771	0.0918
285762	3.9735	0.3004
105377973	-14.8828	0.0313
107986525	-2.4815	0.1737
105377975	-2.6911	0.1623
105377972	0.0000	nan
100422951	0.0000	nan
105377977	0.0000	nan
221322	-0.9247	0.2671
2697	-0.5970	0.5976
105377979	-3.0654	0.3686
105377978	-18.6279	0.0524
3298	-0.9107	0.1408
57515	-0.0225	0.9765
5570	-1.3392	0.2682
112267966	0.0000	nan
2173	0.0000	nan
10924	-1.1484	0.1405
134829	0.0000	nan
10345	3.0678	0.3309
105377984	0.0000	nan
101927990	0.0000	nan
105377982	15.6368	0.2722
105377981	0.0000	nan
154215	0.3469	0.8362
7955	-1.8298	0.0719
154214	-1.1619	0.1653
7164	-1.2729	0.5310
100126584	-16.1857	0.3066
51020	0.4370	0.3875
107986640	0.0000	nan
102723341	0.0000	nan
105377986	0.0000	nan
643623	0.0000	nan
23493	-14.0466	0.3828
100189269	21.5182	0.2722
135112	-1.0500	0.0110
104355145	-14.9210	0.4950
135114	0.0307	0.9667
60487	-0.5820	0.1603
101928096	0.4100	0.7700
387103	1.7964	0.1568
693173	0.0000	nan
105377992	-13.8950	0.1898
105377993	1.5856	0.4535
105377991	3.1082	0.2722
105377989	1.4306	0.1380
84870	1.2903	0.3895
112267972	-2.5801	0.2844
81847	-0.3987	0.5237
55862	0.0263	0.9721
105377994	-1.0362	0.4025
107986641	0.7606	0.2354
387104	0.6611	0.6132
9729	0.8519	0.5672
107986642	0.4142	0.7624
352999	-17.4010	0.1236
105377995	0.0000	nan
105377996	-15.7544	0.2192
105377997	0.0000	nan
112267973	0.0000	nan
387357	-0.5092	0.6710
5796	-1.9742	0.0024
101928140	-1.8318	0.0070
105377998	0.0000	nan
3908	-1.1688	0.1994
102723409	-3.0780	0.0025
93663	-1.2609	0.3282
253582	1.7103	0.4706
105377999	0.0000	nan
84456	-1.1767	0.0986
105378000	2.9560	0.3294
154075	-2.4111	0.0680
112267974	0.0000	nan
114801	1.3275	0.4354
105378002	0.0000	nan
105378003	0.0000	nan
100507203	-15.3883	0.3066
2037	-0.8285	0.4289
105378004	0.0000	nan
102723445	-14.5204	0.4950
9465	-0.5441	0.5791
107986643	0.0000	nan
105378005	0.0000	nan
383	-15.9202	0.2192
9439	-0.3100	0.6599
5169	-0.9056	0.6320
79541	-1.4816	0.1764
643854	-0.6801	0.0903
100616455	0.0000	nan
5167	2.5634	0.3226
1490	0.9181	0.5507
100616191	0.0000	nan
100507254	-2.7724	0.3431
26002	-0.6385	0.6794
8417	-0.3987	0.4727
134860	0.0000	nan
83551	0.0000	nan
319100	0.0000	nan
9038	0.0000	nan
9288	0.0000	nan
9287	0.0000	nan
134864	0.0000	nan
8876	-2.9498	0.2937
55350	18.3671	0.2722
8875	1.5528	0.2390
116843	0.0204	0.9740
107986644	-1.3023	0.1897
6206	-0.1416	0.8873
594837	-1.2413	0.2163
594838	-22.9445	0.0548
594839	0.5328	0.7281
105378008	-14.5058	0.4950
285735	0.0000	nan
2070	-4.2039	0.2682
100507308	-1.9334	0.2851
154089	0.0000	nan
6943	-0.5693	0.6636
9519	-0.0235	0.9704
154091	-1.1389	0.1537
387065	15.7100	0.2722
6446	-1.3059	0.3975
107986646	-16.3870	0.4950
105378009	-14.6790	0.4950
101928231	-0.0278	0.9882
154092	-16.7753	0.2269
101928304	-17.9443	0.4395
101928277	-16.8863	0.0502
64577	0.4920	0.7613
10767	-0.0714	0.8589
100500880	2.7461	0.3497
105378010	0.0000	nan
4602	-14.2971	0.0502
105378011	0.0000	nan
693126	0.0000	nan
54806	-0.4297	0.5461
100131814	-18.3222	0.0068
105378013	-15.6635	0.4950
105378012	0.0000	nan
101928326	0.0000	nan
27115	0.1128	0.9146
101928373	2.1559	0.2415
644135	17.5545	0.2722
113115	2.3793	0.2696
9774	0.1230	0.8992
9053	-2.0078	0.3447
4217	-0.0529	0.9355
101928461	0.7464	0.7312
101928429	0.0000	nan
5191	-0.2955	0.4293
340146	-13.6637	0.2192
100294720	0.0000	nan
53832	-2.9531	0.0971
116379	0.0000	nan
3459	-0.7535	0.2557
105378017	0.0000	nan
107986544	16.1105	0.2722
102723633	-13.4970	0.4950
167826	0.0000	nan
102723649	0.0000	nan
105378018	0.0000	nan
100507406	18.1862	0.2722
100130476	0.9380	0.2875
107986649	0.9534	0.5574
7128	0.4575	0.3761
105378020	-14.7077	0.4950
107986545	0.0000	nan
105378021	-15.6653	0.4950
64065	-1.0978	0.3322
57221	-4.1047	0.0564
59351	0.0000	nan
110806279	14.9472	0.2722
23593	-0.5371	0.3758
57224	0.0728	0.8867
100423001	20.2285	0.2722
441172	-0.7189	0.6187
100507462	1.6193	0.3917
25901	-0.4213	0.5693
345930	0.5661	0.4582
107986650	0.9155	0.2728
85021	0.2078	0.2378
58527	0.2330	0.5390
51696	-1.5584	0.0072
167838	-2.8008	0.0942
102723690	0.0000	nan
10370	-0.0112	0.9870
107986651	2.2960	0.3879
645434	2.7196	0.3440
105378023	-15.3550	0.3587
105378024	-2.5638	0.1628
100132735	-4.6197	0.0668
100507477	-2.5915	0.1781
103352541	-16.6878	0.2192
107986652	0.0000	nan
105378025	0.0000	nan
100500879	0.0000	nan
105378027	-3.9830	0.0949
105378026	-1.1265	0.3266
100616180	0.0000	nan
107986653	-16.0102	0.4950
102723724	-0.3687	0.7239
105378029	-2.1104	0.1470
105378030	-3.9450	0.4585
105378031	1.5220	0.2712
107986654	0.0000	nan
4829	-0.3255	0.7984
100126572	0.0000	nan
51534	0.1284	0.8470
105378032	0.0000	nan
57211	0.1659	0.8073
153910	-13.9073	0.4950
3097	-0.8376	0.3782
107986655	-1.2559	0.1631
100507489	-1.8495	0.0822
51390	0.2422	0.6230
107986656	1.6531	0.4357
134637	0.0115	0.9918
8504	-0.4884	0.3098
2519	0.0273	0.9302
105378035	-3.8273	0.0516
285740	14.1221	0.2722
9749	-0.1070	0.8947
84946	0.4700	0.5345
153918	-18.5690	0.1815
5325	-0.2255	0.7817
57061	-0.5263	0.6146
83443	0.2682	0.7903
105378036	-13.5865	0.4950
8676	-0.2832	0.7233
100189313	0.0000	nan
7402	-0.3215	0.7462
106635530	0.0000	nan
100189422	0.0000	nan
7957	-1.0797	0.0357
100507557	-1.0119	0.2559
105378039	-0.3997	0.7025
84085	0.1198	0.9100
257218	-1.3470	0.0556
2911	-1.7190	0.4267
10981	-0.3145	0.6540
101928661	0.0000	nan
79747	-11.4639	0.4950
105378041	0.0000	nan
105378040	16.6474	0.2722
729176	1.0192	0.5337
729178	-0.9933	0.0496
106182249	0.0000	nan
134957	-0.8780	0.0922
105378043	0.0000	nan
389432	-4.3348	0.2956
105378044	0.0000	nan
23328	-0.3061	0.6838
10090	-0.4030	0.1241
107986659	-2.4592	0.3599
100128176	0.2298	0.6857
105378047	1.2069	0.5299
105378046	-0.0655	0.9639
23118	-1.1511	0.1203
105378049	17.6279	0.2722
387082	0.7477	0.1957
340152	-2.2304	0.0305
85313	0.2059	0.7994
116254	-0.4229	0.4196
645958	-0.2343	0.7846
11104	-0.2537	0.5778
9113	-0.4595	0.5492
105378050	3.1865	0.3254
645967	-1.7271	0.1373
348995	0.0494	0.9508
5110	0.5884	0.5293
107986660	-0.3642	0.5251
84918	-0.1927	0.7757
100652739	-0.6649	0.5040
135250	-0.1203	0.8720
353091	-0.6030	0.3052
105378052	-17.8376	0.1438
80328	-0.3486	0.3558
80329	-0.8137	0.3814
646024	-1.0123	0.5354
154064	-0.3414	0.7468
79465	1.5060	0.1878
81706	-1.0203	0.2572
105378054	16.1084	0.2722
389434	11.0668	0.2722
57480	-4.0789	0.0850
25902	-0.8214	0.0836
113219461	-19.7948	0.3886
102723831	17.6093	0.2722
9590	0.9086	0.2918
57621	-1.1295	0.1079
55005	0.6755	0.1249
79624	-0.2325	0.7440
80129	-1.7082	0.1944
107986528	-13.9638	0.4950
2099	-2.9783	0.0083
107986529	-19.8315	0.0115
23345	-1.9361	0.1720
100505475	-3.8078	0.1287
105378061	0.0000	nan
80177	1.7105	0.4705
7432	-16.5633	0.4329
105378065	0.0000	nan
26271	1.0327	0.4047
54516	0.3390	0.6410
26575	0.1697	0.8186
105378066	0.0000	nan
107986661	0.0000	nan
4988	4.3860	0.2926
26034	0.5234	0.3680
105378067	-12.4954	0.4950
154043	-0.8825	0.3274
101928868	0.4283	0.7695
22828	-0.4705	0.3147
100422821	0.0000	nan
26230	-0.5851	0.0932
51106	0.6655	0.3091
49861	-2.2914	0.1706
50508	0.0000	nan
105378068	0.0000	nan
105378069	0.0000	nan
105378072	0.0000	nan
101928923	0.0000	nan
100302259	0.0000	nan
105378071	0.0000	nan
107986662	0.0000	nan
109617011	0.0000	nan
105378073	0.0000	nan
57492	-1.2683	0.0087
115308161	-2.5591	0.0742
100616154	0.0000	nan
105378075	-1.9189	0.0262
729515	-0.2709	0.1066
112267967	-2.0905	0.0253
105378076	0.0000	nan
79683	-1.5375	0.3588
100500899	0.0000	nan
105378077	-3.3575	0.2744
107986663	-11.9817	0.4950
51429	-0.5082	0.0266
105378078	-1.8837	0.5168
8871	0.6056	0.5431
100874300	-15.6486	0.4950
84947	-2.3538	0.1123
404672	-0.2518	0.5540
56995	-0.7715	0.0542
109623462	0.0000	nan
57583	-0.7389	0.2992
102465694	-3.8349	0.2871
6993	0.4489	0.3912
94120	1.4518	0.0688
100500851	2.7280	0.0013
7430	0.1547	0.7675
101409257	-0.8778	0.2365
202459	-0.8875	0.3744
100130967	2.9097	0.2709
83861	-0.5052	0.5652
105378083	-1.9613	0.0659
117289	-1.2397	0.2216
107986664	0.7288	0.6694
112267968	15.2071	0.2722
101929122	-2.0687	0.2655
84624	-1.2792	0.3222
105378084	-14.1269	0.4950
102724053	0.0000	nan
101929142	-13.8232	0.2277
105378085	2.1378	0.3790
6648	0.7985	0.5747
9589	0.0494	0.9365
100129518	-0.0671	0.9507
39	1.0414	0.3881
6950	0.9672	0.2794
677806	-2.2432	0.1091
677812	-2.6701	0.0359
29074	0.6192	0.0100
154197	1.1988	0.5308
4142	0.0000	nan
3482	-1.4458	0.0574
100271873	-13.1176	0.4950
729603	-0.6196	0.2980
6580	-15.5822	0.1083
6582	15.5795	0.2722
105378088	0.0000	nan
6581	0.1964	0.5151
80350	-2.8194	0.1044
4018	-11.2248	0.4950
5340	0.5879	0.7768
105378091	0.0000	nan
112267969	0.0000	nan
105378093	0.0000	nan
102724087	-0.6620	0.5896
4216	-0.3406	0.3061
56895	-0.7369	0.0810
79992	-0.0934	0.8882
105378094	-12.6373	0.4950
5071	-0.7369	0.1751
105378098	-15.5538	0.4950
105378097	0.0000	nan
105369171	17.9200	0.1018
135138	-1.5037	0.2272
101929239	0.0000	nan
729658	0.0000	nan
105378095	-11.7542	0.4950
285796	-12.7802	0.4950
401282	-14.8638	0.3432
105378099	-15.6364	0.0650
105378100	2.5438	0.3485
100526820	-0.8816	0.0398
9444	0.0861	0.9221
102724152	0.0000	nan
107986666	2.7103	0.3521
105378105	0.0000	nan
105378104	0.0000	nan
105378102	0.0000	nan
105378106	16.5104	0.2722
105378110	-12.8767	0.4950
105378109	0.0000	nan
105379712	0.0000	nan
107986667	0.0000	nan
105378111	0.0000	nan
168090	0.0000	nan
105378113	0.0000	nan
10846	-0.8486	0.5103
105378116	1.7198	0.4428
105378115	-12.9102	0.4950
105378114	18.2305	0.2722
90632	18.1891	0.2722
441177	0.0000	nan
105378117	0.0000	nan
729681	-1.8172	0.2394
6862	0.0000	nan
101929297	0.0000	nan
107986668	0.0000	nan
105378118	0.0000	nan
285800	-12.2803	0.4950
107986669	-13.8903	0.4950
113402	-0.7645	0.2680
100289495	-1.9011	0.1208
51660	0.2402	0.4459
6196	-1.0198	0.1292
100874353	-2.5520	0.1837
100302141	0.0000	nan
107986671	-13.3263	0.4950
100861523	0.0000	nan
8635	-0.9629	0.4075
105378120	2.4085	0.1340
100500857	0.0000	nan
11116	-0.5680	0.3454
1235	0.4314	0.8450
105378122	0.0000	nan
107986672	0.0000	nan
112267970	2.0162	0.4216
401285	15.1353	0.2722
2853	0.0000	nan
105378123	0.0000	nan
112590798	16.0416	0.2722
102724220	0.0000	nan
102725048	0.0000	nan
54346	0.0000	nan
83887	0.0000	nan
6953	14.4351	0.2722
105378126	0.0000	nan
105378127	0.0000	nan
105378128	0.0000	nan
107986546	0.0000	nan
105378129	0.0000	nan
105378130	0.0000	nan
105378131	0.0000	nan
401286	0.0000	nan
441178	0.0000	nan
105378132	0.0000	nan
107986547	0.0000	nan
26238	0.0000	nan
441179	0.0000	nan
653483	-12.6657	0.4950
4301	-0.6451	0.3097
107986673	-14.8904	0.3266
100128124	-16.9662	0.0007
100505879	0.0000	nan
3834	-14.3616	0.2219
105378135	0.0000	nan
79981	0.0000	nan
107986548	0.0000	nan
105378137	0.0000	nan
101929420	16.0971	0.2722
168002	0.0000	nan
105378138	0.0000	nan
105378139	0.0000	nan
107986549	-19.0240	0.0437
105378140	0.0000	nan
105378141	0.0000	nan
64094	-24.6032	0.2853
105378142	-15.1675	0.4950
105378143	-11.7514	0.4950
107986550	0.0000	nan
105378144	-16.6951	0.3580
107986551	-16.0882	0.4950
105378146	-15.4441	0.2761
105378145	-20.0387	0.1849
101929460	-5.0589	0.2491
102724357	0.0000	nan
101929484	-3.1606	0.2217
101929504	-3.5261	0.1954
101929523	-1.7668	0.1812
7058	-2.6936	0.1545
105378148	-1.0329	0.2365
105378147	-18.2489	0.3104
253769	-2.1162	0.0480
387263	-0.7107	0.2331
55274	-1.1915	0.0065
6991	-2.2476	0.0695
55780	-0.4313	0.1240
401288	-0.0159	0.9903
80069	-2.4835	0.1426
105378149	0.0000	nan
107986674	0.0000	nan
107986675	0.0000	nan
100131532	0.0000	nan
102724475	0.0000	nan
105378150	-15.1498	0.4332
101929614	0.0000	nan
105378153	0.0000	nan
102724511	0.0000	nan
154449	0.0000	nan
285804	-12.9090	0.4950
401289	0.0000	nan
28514	-2.2520	0.0243
84498	-0.1391	0.5467
112267971	-0.4515	0.6634
100616430	0.0000	nan
107986676	-17.1109	0.0990
105378161	-13.6270	0.4950
105378157	-14.9074	0.4950
5689	0.1403	0.8714
6908	0.2989	0.5394
5134	-0.2314	0.2384
107986677	-2.2674	0.0907
107986678	0.0000	nan
101929692	0.5249	0.5865
102723872	-0.7417	0.4934
105375112	15.0746	0.2722
107986751	16.1135	0.2722
105375113	-16.1004	0.0524
101929756	-1.7744	0.1578
105375114	1.7728	0.1736
102723672	-0.4130	0.7084
100507642	-0.0231	0.9874
105375115	0.0000	nan
105375116	-16.2520	0.3204
56975	-1.2443	0.1081
100288524	0.0000	nan
105375118	0.0000	nan
442497	0.0000	nan
5154	0.5799	0.6625
441307	-18.5181	0.0235
5575	-0.6736	0.4744
101927000	0.0000	nan
101926963	0.0000	nan
105375119	15.0783	0.2722
54919	-0.6745	0.0251
23353	-1.8053	0.0075
51608	-0.4794	0.4640
11033	0.9557	0.5545
90639	-1.3278	0.0464
84310	0.5623	0.6227
54905	-15.8486	0.1082
442907	0.0000	nan
115330	-0.5817	0.6153
107986755	-13.6483	0.3886
105375120	-17.4095	0.3483
2852	-2.8196	0.3557
102723758	-3.3673	0.1298
90637	-1.0311	0.0451
101927021	-0.7649	0.1784
340260	0.0000	nan
79778	-2.3581	0.0079
107986756	-19.0195	0.1419
26173	-0.9592	0.0208
7975	-3.2527	0.0077
100128653	-2.6850	0.0070
202915	-1.7549	0.0521
84262	0.4533	0.0028
114796	-2.1298	0.0061
105375122	-16.2853	0.2261
105375123	-16.2074	0.4362
260341	-1.4393	0.4396
107986757	0.0000	nan
392617	-0.6171	0.5417
401296	-0.1077	0.9457
105375124	-15.0268	0.2442
101927125	0.1609	0.9436
8379	-0.1559	0.8679
105375128	-15.6401	0.4950
100127955	-14.2064	0.1131
100616160	0.0000	nan
109623488	-18.0727	0.4950
105375127	-1.5112	0.2706
105375126	-0.2989	0.7890
29960	-0.0393	0.7617
4521	0.2207	0.0073
29886	-1.2510	0.0852
102465503	-20.3515	0.0502
8662	-0.3127	0.5670
55501	-1.8677	0.1284
402635	-16.7222	0.0575
107986758	0.0000	nan
107986759	-15.5050	0.4950
3955	-4.1307	0.0009
100616116	-19.6875	0.2192
221927	-1.4637	0.0428
23288	-1.5360	0.0861
107986760	-0.4239	0.5266
80727	-2.6064	0.0091
155185	-1.6627	0.1940
2768	-1.0097	0.0989
84433	3.9201	0.1147
101927256	0.0000	nan
107986761	0.0000	nan
105375130	0.0000	nan
100129603	0.0000	nan
105375132	-12.7809	0.4950
221935	-3.4335	0.2474
105375131	-15.7887	0.2219
105375133	0.0000	nan
221937	-1.3953	0.0274
9907	-0.8441	0.2365
100616465	-19.8171	0.1083
55698	-0.1421	0.8228
109623455	0.0000	nan
56903	3.0417	0.3274
221938	0.0000	nan
441191	-0.8499	0.0236
100533952	-0.5126	0.0710
57786	-0.5297	0.4999
389458	-16.8759	0.2262
645700	-0.6474	0.4033
26100	-0.3244	0.5646
222962	-0.3229	0.4969
84629	-2.8791	0.0161
100129484	-1.3806	0.0350
80028	-1.3492	0.0199
693174	-21.0591	0.2729
221946	-1.1845	0.6744
60	-0.0675	0.9036
6624	-0.8169	0.0851
107986762	-0.1948	0.7486
54476	-0.7971	0.0326
100874342	0.0552	0.9723
102466203	0.0000	nan
401303	-0.4582	0.2859
654231	0.1379	0.9338
51622	-0.4672	0.3181
107986694	-0.6770	0.1082
222967	-0.5170	0.4412
5395	0.0089	0.9378
7965	0.5308	0.5690
109616999	-18.7899	0.3293
27102	-0.0069	0.9729
100310846	-0.2654	0.4695
84132	-1.2133	0.0157
9265	-1.3930	0.0345
84792	-0.1023	0.8462
5879	1.5620	0.2342
221955	-0.5533	0.1090
11014	0.8724	0.3280
392862	-14.5720	0.1062
101927325	0.3770	0.8221
55146	-0.1598	0.8244
79034	-0.5281	0.0108
54753	-1.8965	0.4126
100131017	-1.6135	0.0300
7559	-0.9392	0.0632
441194	-0.5609	0.0429
728194	-0.1771	0.8153
221960	-0.3271	0.3280
107986696	-0.6512	0.1246
112267992	-11.2499	0.4950
107986763	0.0000	nan
105375138	0.0000	nan
100500886	0.0000	nan
100131257	-10.5167	0.4950
56913	-0.4858	0.5816
101927354	0.6332	0.5905
340267	-0.0331	0.9646
107986764	0.0000	nan
101927391	0.4255	0.7547
54468	-0.1278	0.8363
6119	0.2695	0.1944
729852	0.2018	0.6320
105379719	-17.9972	0.0028
100505921	-1.9335	0.2852
113263	-0.9077	0.1684
105375142	-12.9910	0.4950
3382	0.0565	0.9740
100505938	0.0000	nan
30010	0.0000	nan
105375144	10.6032	0.2722
168741	0.0000	nan
105375145	0.0000	nan
105375148	16.2967	0.2722
105375147	0.0000	nan
105375146	0.0000	nan
105375149	0.0000	nan
105375150	15.0429	0.2722
79150	1.4182	0.1168
107986766	0.0000	nan
100131472	0.0000	nan
4697	-0.2038	0.3073
107986767	1.2554	0.5130
9678	0.0938	0.7070
107986697	-16.6503	0.0042
105375153	0.1981	0.8781
221981	-0.5316	0.5441
105375151	0.0000	nan
54664	-0.2621	0.7997
221806	-5.8831	0.2807
105375154	0.0000	nan
105375155	0.0000	nan
105375156	0.0000	nan
102725191	-13.7420	0.4950
107986769	-13.2888	0.4950
85477	4.2120	0.2098
107986768	0.0000	nan
105375157	0.0000	nan
10124	-0.6061	0.0875
105375158	-14.7892	0.4950
107986770	0.0000	nan
105375161	-15.2604	0.1581
2115	1.0786	0.5310
105375162	0.0000	nan
1607	-0.5973	0.7027
105375164	0.0000	nan
392636	-1.2269	0.5610
4223	-2.7338	0.1305
105375166	-14.7875	0.2986
101927524	-3.7982	0.1657
101927558	-0.1070	0.9506
105375167	-1.6856	0.4471
729920	0.2086	0.7481
100506025	1.8777	0.2761
25928	-16.7911	0.0028
105375168	0.5560	0.7004
100506049	0.0000	nan
57037	-0.1629	0.7317
105375169	-1.1036	0.1313
28969	0.5614	0.3015
27075	2.8360	0.3112
10551	0.0000	nan
155465	0.0000	nan
105375170	1.5774	0.0315
107986772	0.0000	nan
101927609	0.6147	0.5655
196	0.6103	0.6297
105375171	-14.5570	0.4950
102659288	-15.7826	0.4950
105375172	-2.3406	0.3891
101927630	0.8623	0.6336
23161	-0.5153	0.5259
221823	1.7459	0.4642
9734	-1.5733	0.0922
100302140	0.0000	nan
107986698	-11.2013	0.4950
105375176	3.9385	0.3011
7291	-0.1683	0.6270
222894	-19.4271	0.0788
107986773	-16.0186	0.2542
105375179	-13.3361	0.4950
105375180	-13.9589	0.4950
221830	0.2853	0.7452
100422967	-19.3796	0.3065
256130	-15.2347	0.4125
107986774	0.0000	nan
105379720	1.7450	0.4643
101927668	-2.4428	0.3127
105375181	1.4676	0.4861
346389	-0.6064	0.5292
100874041	0.0000	nan
100506098	-0.8684	0.7016
101927769	0.0000	nan
101927811	-1.6188	0.1463
3696	0.5188	0.7276
340273	-10.9258	0.4950
221833	0.0000	nan
222901	1.1939	0.3497
104355138	0.0000	nan
6671	-0.6497	0.4579
100302122	0.0000	nan
8701	1.0160	0.0145
105375183	13.7603	0.2722
107986775	15.6814	0.2722
55536	0.0287	0.8685
102724143	13.4481	0.2722
9771	-2.6712	0.0598
105375184	12.8863	0.2722
256227	-0.4384	0.4847
100506178	-1.5827	0.1913
401312	14.4740	0.2722
541472	-0.3456	0.7366
3569	0.4204	0.7477
54543	-0.4694	0.6085
112267993	-15.2655	0.2729
109729180	-2.5352	0.0459
692210	-23.1855	0.0180
107986776	-4.4954	0.0905
84668	-0.7654	0.3105
105375185	0.0000	nan
105375186	0.0000	nan
100775104	0.6762	0.5758
55975	-0.2217	0.7376
11097	-0.3299	0.3826
101927890	0.0000	nan
10457	-0.1454	0.6748
115416	0.5853	0.1326
10643	-0.0158	0.9733
109616981	0.0000	nan
256355	0.2884	0.6352
29896	-0.4770	0.3976
1197	-1.1585	0.0187
105375187	0.0000	nan
90693	-1.6855	0.0219
340277	-2.1401	0.0214
56164	-0.7492	0.5126
105375188	0.0000	nan
107986777	3.4085	0.3164
4852	0.0000	nan
107986778	0.0000	nan
51678	-0.5734	0.4992
1687	-0.7864	0.4471
107986779	-15.5016	0.2754
26031	-0.4669	0.6211
54205	1.9188	0.3446
136895	-1.2935	0.0864
105375191	-0.9900	0.4123
64111	-14.9956	0.4950
105375193	0.0000	nan
105375195	0.0000	nan
105375194	17.2613	0.2722
105375196	0.0000	nan
646588	-13.3644	0.1082
100506236	15.7220	0.2722
105375199	0.0000	nan
105375200	15.8362	0.2722
406940	0.0000	nan
105375198	0.0000	nan
9603	-1.3034	0.0347
3181	1.3857	0.4165
11335	1.2108	0.4315
29887	-0.4519	0.7742
105375304	-15.6043	0.3066
441204	0.3427	0.7962
105375202	0.0000	nan
9808	0.0000	nan
100506289	0.0000	nan
101928077	0.0000	nan
285941	-14.7484	0.3065
8935	0.5286	0.5384
3198	-0.7278	0.1781
100506311	-0.6247	0.0997
3199	2.7336	0.0320
3200	-0.0522	0.9548
285943	-0.8146	0.1099
3201	-0.8626	0.2099
100133311	1.2027	0.0413
3202	0.2424	0.4117
3203	-0.1204	0.8888
3204	0.6354	0.2044
100534589	-0.6749	0.2203
3205	-1.0238	0.1286
100874323	-0.5630	0.2378
442920	0.6589	0.4058
3206	-0.4649	0.2618
3207	-1.3545	0.2652
221883	-3.3549	0.0932
3209	-2.8612	0.3790
100316868	-3.1103	0.4795
101410536	0.0000	nan
2128	0.0000	nan
107986733	0.0000	nan
105375206	17.3339	0.2722
105375207	0.0000	nan
11112	-0.7550	0.2477
107986699	1.4879	0.4799
790953	-13.5176	0.4950
105375211	0.0000	nan
105375210	-15.7489	0.1083
8887	-0.3572	0.4383
221895	-0.3344	0.7002
105375208	-15.7492	0.2192
100128081	-2.2661	0.0270
9586	-0.3290	0.7598
9865	-4.3300	0.3487
100506497	-17.6773	0.0979
54504	-3.0303	0.1601
107986703	0.0000	nan
101928168	0.0000	nan
1124	-2.8744	0.0769
102724484	-13.5331	0.4950
107986700	-1.9965	0.2421
222171	-0.3642	0.7567
105375213	-1.8416	0.1137
646762	-1.5245	0.0646
100616354	-17.3053	0.4950
100271874	-2.3456	0.0272
442524	-1.9830	0.0582
644150	-1.8083	0.5770
9805	-0.3474	0.5732
105375215	-1.2352	0.1536
55033	-0.6426	0.4324
84725	-0.4648	0.4544
105375216	0.2294	0.6868
222166	-0.6167	0.1446
105375217	1.2243	0.0475
105375218	-16.6868	0.0007
223082	-0.7320	0.1866
100500883	0.0000	nan
693133	0.0000	nan
222161	-0.1913	0.6932
100506516	-1.3068	0.0821
10392	-0.9995	0.0422
101928268	-17.7202	0.0243
79017	-0.1786	0.7210
401320	-2.0844	0.0520
2617	0.6229	0.3193
1395	-1.2928	0.4108
105375220	0.0000	nan
105375219	0.0000	nan
100526825	-2.4829	0.3684
11185	-3.4963	0.4609
84182	-2.1839	0.3218
358	-8.9787	0.4569
2692	0.0000	nan
105375222	-13.7040	0.1898
105375221	-12.9338	0.3065
117	2.2456	0.3781
107986780	12.4681	0.2722
107986781	0.0000	nan
107986782	0.0000	nan
63974	0.0000	nan
105375224	0.0000	nan
223075	0.3176	0.8458
5137	-1.3693	0.3151
10842	2.6752	0.3546
100130673	-13.2330	0.4950
23658	-0.7513	0.3333
23080	-1.1014	0.1680
100129460	-1.3310	0.0162
441208	-4.5576	0.1826
693134	-18.6120	0.4950
100500830	-18.6120	0.4950
401321	-1.3443	0.3133
102724668	-0.9492	0.1718
25948	-1.0122	0.1230
441212	-0.1857	0.6223
11328	-0.7096	0.2369
51251	0.3800	0.7390
6100	0.5819	0.3952
27241	0.2536	0.7146
168667	-0.2223	0.7869
404744	0.0000	nan
387129	0.0000	nan
23333	-0.6005	0.4128
102724723	-0.4302	0.5867
100302152	0.0000	nan
105375228	-0.6236	0.6475
554236	-3.2091	0.5163
57057	-2.1413	0.1390
401324	15.2107	0.2722
105375230	0.0000	nan
105375231	-16.4395	0.0455
101928421	-0.1977	0.6475
64224	-0.3916	0.1412
101930085	0.9815	0.3835
100506725	-21.3304	0.3792
101928545	0.0749	0.8937
989	-0.1991	0.8035
107986734	0.0000	nan
105375233	0.0000	nan
101928618	0.0000	nan
80820	-1.2183	0.1857
23366	-0.5630	0.4615
54443	4.4312	0.2773
313	13.0042	0.2722
100874264	0.0000	nan
9844	-2.9416	0.3669
105375235	-13.5217	0.4950
100302113	0.0000	nan
100861514	-17.2784	0.2219
353345	0.1455	0.9435
51314	0.0000	nan
6424	-3.7786	0.2320
54749	-2.5299	0.3506
105375236	2.4732	0.0360
83930	-0.1016	0.7556
445347	0.0000	nan
6967	0.0000	nan
6969	0.0000	nan
6972	0.0000	nan
6966	0.0000	nan
6968	0.0000	nan
6970	0.0000	nan
6971	0.0000	nan
107986784	16.5731	0.2722
6985	0.0000	nan
6987	0.0000	nan
6984	0.0000	nan
6983	-16.6964	0.4950
6986	0.0000	nan
6982	3.4467	0.3151
6981	4.6415	0.2028
6980	0.0000	nan
100506776	3.5291	0.0069
6979	2.7040	0.3422
6978	2.3735	0.3800
6977	0.0000	nan
6976	0.0000	nan
6974	0.0000	nan
6973	-15.4198	0.4950
273	-0.3152	0.6024
340286	-13.1544	0.4950
27072	-0.8379	0.1070
11281	-12.6068	0.4950
100689074	-12.6508	0.4950
105375239	0.0000	nan
109616963	0.0000	nan
100861520	16.6551	0.2722
105375238	0.0000	nan
105375237	17.0858	0.2722
105375240	-16.0568	0.4950
57002	0.5436	0.3549
107986785	-1.1615	0.0434
5898	-0.4774	0.3426
349114	-1.6235	0.2246
101928688	1.7287	0.4315
112267983	-1.5860	0.0473
8621	-0.8165	0.0490
136647	-1.1722	0.0447
79783	-0.5321	0.3133
105375245	16.7769	0.0717
107986786	-12.8561	0.4950
101928716	-1.0608	0.5895
105375244	-1.9765	0.3736
105375243	0.7728	0.6193
112267984	-12.6313	0.4950
105375242	-0.0700	0.9331
101928744	-14.3865	0.2261
101928773	-2.6473	0.2363
105375241	-15.8844	0.0709
105375246	0.0000	nan
107986787	0.0000	nan
105379725	-15.8784	0.1082
105375247	-0.9040	0.5225
107986789	-12.8372	0.4950
3624	0.7018	0.5166
285954	-1.3154	0.3124
107986788	-13.5266	0.4950
105375248	-14.4675	0.2691
2737	-1.4613	0.1734
105375249	-3.4661	0.3010
105375250	-15.4165	0.4950
105375251	0.0000	nan
101928795	0.0000	nan
107986735	-18.1637	0.2470
79020	-0.2006	0.1688
5683	0.8395	0.3277
64983	0.5020	0.4192
105375253	-2.2481	0.2457
107986790	-16.9122	0.3066
23072	-1.4958	0.2528
100127950	1.0164	0.6419
100500829	0.0000	nan
102724903	-14.7933	0.3862
100506895	-0.9333	0.3625
9263	-0.3714	0.4652
55744	-0.3411	0.3450
644	0.0262	0.9470
102724946	-16.0912	0.0056
100534592	0.0576	0.8782
64951	0.1090	0.7798
55665	-0.5919	0.3230
51619	0.3908	0.5868
84820	-0.7751	0.2266
285955	-0.6297	0.5239
401331	-1.5998	0.0179
255031	0.5206	0.2898
28988	-0.0861	0.9197
102466985	-21.1198	0.0792
5224	-3.7681	0.0008
27434	-1.7811	0.1417
102465504	-2.2189	0.1149
165	-2.2365	0.1089
100616346	-24.3947	0.0111
5425	0.1210	0.8078
58498	-15.8244	0.3032
2645	-3.9710	0.1694
105375258	-17.0472	0.4950
105375257	0.0000	nan
10652	-0.5430	0.3967
816	-16.2477	0.1179
23386	-0.7438	0.1655
29881	-12.7400	0.4950
54606	-0.1426	0.6895
222068	0.1484	0.4554
4967	-0.7456	0.3294
83637	-2.3292	0.0483
105375259	-0.1881	0.8410
5478	1.1838	0.0933
105375260	-16.6891	0.0285
94239	0.1586	0.8174
105375261	0.0000	nan
5814	0.5625	0.6403
100616393	-0.4158	0.7044
105375262	-1.1574	0.6453
64005	-0.6287	0.6907
285958	-0.4338	0.3896
677798	-1.3251	0.3443
102723334	-2.0605	0.2814
83605	-0.8201	0.3066
23148	-2.2780	0.2935
9238	0.1310	0.8759
654319	-0.1805	0.8909
677796	-21.2520	0.1205
677795	-19.8265	0.4162
10268	0.0000	nan
107986736	0.0000	nan
107986737	0.0000	nan
107	-2.5478	0.0353
641977	-0.0627	0.9264
101929008	-1.1057	0.2154
730234	-1.7428	0.1665
3484	5.4646	0.2217
3486	1.8942	0.0816
102723446	-0.3616	0.7318
105375264	0.0000	nan
105375265	-0.9393	0.5462
105375266	0.0000	nan
730338	-12.9133	0.4950
105375267	-17.5990	0.4950
105375268	0.0000	nan
64759	-1.2817	0.1073
109623468	0.0000	nan
101929086	-17.5878	0.1102
401335	-13.9413	0.2753
84847	-17.1081	0.2219
168507	-0.3113	0.6255
80099	-19.6632	0.0989
3364	-0.0227	0.9699
105375270	-0.4669	0.7147
256979	0.3232	0.7415
136288	2.3630	0.3608
7378	0.0784	0.9392
105375271	-14.3614	0.4950
154664	-3.5505	0.2720
105375272	0.0000	nan
105375273	0.0000	nan
168448	-3.0543	0.0097
375567	0.0000	nan
11055	0.0000	nan
100130988	0.0000	nan
10320	0.0000	nan
63979	-0.0788	0.9233
1644	16.3820	0.2722
100129427	0.0000	nan
2887	-0.8987	0.2381
23242	0.0000	nan
107986794	-16.9141	0.1083
102723533	0.7536	0.2265
105375277	-14.7692	0.4950
105375278	0.0000	nan
107986738	0.0000	nan
107986796	0.0000	nan
101928257	0.0000	nan
285877	0.0000	nan
105375282	0.0000	nan
105375283	0.0000	nan
401337	1.7107	0.4705
107986739	0.0000	nan
102723605	0.0000	nan
222008	0.0000	nan
285878	0.0000	nan
23480	1.5892	0.3556
100996654	-17.4694	0.0078
105375284	-0.8074	0.4841
1956	-0.3004	0.7175
100507500	-1.5824	0.1685
102725541	-15.9812	0.2192
55915	0.7744	0.1216
81552	-0.6959	0.2759
107986798	-0.6176	0.7603
105375287	-4.0250	0.0028
360132	-0.5147	0.0540
101060341	-1.8129	0.1667
102723656	-16.9164	0.3642
346288	2.3992	0.2080
349075	-0.7601	0.1924
51373	0.2046	0.7082
2631	0.2025	0.6857
5723	0.1014	0.8294
908	0.5308	0.3355
109616964	-1.4597	0.3066
677803	1.3046	0.5218
25870	0.1821	0.8300
5260	-0.1291	0.7667
51142	-0.0213	0.9728
389493	-14.5991	0.4950
105375288	0.0000	nan
107986800	-1.8961	0.0908
105375292	-15.9153	0.4950
101930109	0.0000	nan
650226	-0.5969	0.7156
100240728	0.0000	nan
222029	0.0000	nan
101928401	0.0000	nan
105375291	0.0000	nan
102723684	0.0000	nan
105375289	0.0000	nan
401357	0.0000	nan
105375294	0.0000	nan
105375295	0.0000	nan
100130849	0.0000	nan
100422917	0.0000	nan
90827	0.0000	nan
105375296	18.0790	0.2722
642006	0.0000	nan
105375297	0.0000	nan
105375298	0.0000	nan
105375299	0.0000	nan
100653233	0.0000	nan
100422939	0.0000	nan
441234	16.2033	0.2722
105375300	0.0000	nan
105375301	0.0000	nan
105375302	0.0000	nan
102723842	0.0000	nan
643955	0.0000	nan
102724738	0.0000	nan
100287704	0.0000	nan
101929114	0.0000	nan
101929088	0.0000	nan
101929050	0.0000	nan
101929022	0.0000	nan
100287834	0.0000	nan
100422848	0.0000	nan
105375313	18.2232	0.2722
105375314	19.3012	0.2722
105375315	0.0000	nan
107986730	-14.9029	0.2192
107986806	15.9118	0.2722
105375318	0.0000	nan
100419780	0.0000	nan
100506050	0.0000	nan
105375317	0.0000	nan
442319	-13.4526	0.4950
730291	0.0000	nan
105375319	0.0000	nan
168417	14.4916	0.2722
105375323	0.0000	nan
105375322	-1.1432	0.0942
728927	-1.1973	0.0971
105375321	-18.0596	0.1880
105375324	16.4342	0.2722
649395	1.7842	0.3326
340252	-0.4804	0.4924
100128885	4.5185	0.2907
641746	16.4285	0.2722
105375326	0.0000	nan
51427	-0.3111	0.7707
102465505	0.0000	nan
7697	-0.9700	0.1194
10793	-1.1477	0.1761
441239	-2.8022	0.0752
105375328	-15.0364	0.0312
109504726	-1.2441	0.2354
51351	-1.2454	0.2108
2086	-1.2149	0.0537
105375330	1.3535	0.5475
105375329	0.0000	nan
643180	-0.4906	0.5035
109616965	-1.2902	0.4401
109616962	0.5408	0.7236
285905	0.5228	0.4435
105375334	0.0000	nan
168374	-0.3565	0.7452
101929322	-0.1470	0.8616
105375333	2.6757	0.3546
441242	-0.6608	0.1990
644619	0.4400	0.5233
643253	-0.3938	0.6237
677807	-0.1638	0.8974
109617022	0.0213	0.9869
84214	-3.0147	0.1200
154807	-0.0139	0.9861
2990	-1.7681	0.0853
105375336	-0.0690	0.9503
435	0.5984	0.4998
27297	-0.4053	0.3081
8460	-0.5723	0.2241
285908	-0.9954	0.2748
100289098	-1.2810	0.0857
493754	0.0684	0.8625
154881	-1.6628	0.0225
100996437	-0.7214	0.4661
27342	-0.5732	0.3317
107986707	0.1485	0.8532
729156	-0.1238	0.8733
101929580	-1.3130	0.1079
107983971	-3.0346	0.0497
644794	-1.3938	0.0291
55069	-1.1890	0.1272
112268006	-0.1618	0.7293
51119	0.5062	0.5740
55253	-0.4972	0.1410
100616310	0.0000	nan
5382	-0.7724	0.1646
64940	0.2010	0.4730
101929736	-2.3105	0.0809
105375337	-18.8959	0.0041
105375340	0.0000	nan
107986741	0.0000	nan
102723427	0.0000	nan
105375341	0.0000	nan
105375342	0.0000	nan
105375343	0.0000	nan
105375344	15.4088	0.2722
105375345	0.0000	nan
105375346	16.6917	0.2722
100507468	-3.3897	0.0100
26053	-0.9596	0.1535
107986708	15.2973	0.2722
107986709	-12.5630	0.4950
105375347	-15.3119	0.1083
64409	0.9373	0.6164
100500836	0.0000	nan
100500920	0.0000	nan
83698	12.4592	0.2722
441250	-0.6775	0.3716
100616331	0.0000	nan
155370	0.1635	0.8557
441251	1.6558	0.3192
9883	-0.6148	0.4258
260294	-1.4408	0.0098
378108	-0.8939	0.1690
100101148	-1.9976	0.0324
442578	-0.8224	0.1099
100101440	-1.1702	0.0759
728524	0.0933	0.8566
100996746	0.0851	0.8381
643862	-1.4215	0.0608
100093631	-0.6935	0.3221
654816	1.1202	0.5629
55695	-0.0784	0.8149
135892	-15.4740	0.2314
8468	-4.0416	0.0051
8326	0.6394	0.6843
9031	0.3430	0.3441
9275	-0.3464	0.5297
26608	-0.4839	0.1622
51085	1.0527	0.5626
155382	-0.7182	0.5039
84277	-1.1274	0.0742
114049	-0.0277	0.9573
6804	-1.6581	0.0029
105375350	-3.6115	0.0083
100422948	-19.8433	0.2418
171022	0.3084	0.7753
83451	0.3304	0.0252
1365	-13.5250	0.4950
1364	-3.8567	0.1503
155368	-0.3574	0.6686
135886	3.3134	0.3155
2006	0.0113	0.9948
107986809	-1.2314	0.5719
3984	-1.2619	0.1782
7458	0.3480	0.3533
693175	0.3074	0.8145
7462	-1.7238	0.5025
5982	0.0998	0.7750
107986742	-1.2772	0.4867
7461	-1.9042	0.3863
9569	-0.8947	0.0839
113218504	-19.9751	0.2192
2969	-0.5147	0.4887
101926943	-0.5798	0.4676
653361	0.1829	0.8964
84163	-1.1828	0.0106
442582	-0.8953	0.1491
5383	-0.2532	0.3512
105375352	2.5590	0.3635
729438	-0.9088	0.1182
107986811	-16.5751	0.2772
81554	-0.4996	0.3842
389524	-1.0688	0.0313
654817	0.5358	0.7607
2970	-0.6619	0.3296
107986710	-1.7697	0.0410
105180390	-0.0327	0.9002
641776	0.0913	0.8738
105180391	-0.1864	0.7132
5380	-2.0649	0.0133
54441	-0.7979	0.1416
541473	-2.9081	0.0101
375593	-4.8018	0.0225
155400	-1.7988	0.0412
100101267	-0.5446	0.5281
442590	-0.9452	0.3986
5387	-1.1636	0.0181
3092	0.1917	0.8462
10344	-1.3887	0.5743
6369	0.0000	nan
57414	-0.2220	0.4662
5447	-0.7986	0.2661
100616270	-19.5032	0.3032
677801	-18.6174	0.3066
83862	-1.5796	0.1582
51657	0.5582	0.6165
4191	0.1840	0.4483
101927126	-14.3243	0.4950
222183	0.6742	0.6548
3315	-1.1766	0.2371
7532	-0.2050	0.7881
136853	0.8488	0.2652
7784	-0.3354	0.6608
113878	-1.0465	0.1254
619190	1.6945	0.0099
105375355	-0.5560	0.5761
102723555	-0.1577	0.8573
100133091	-0.9227	0.0959
22932	-0.8642	0.1817
105375356	-0.6392	0.6179
107986712	-2.6896	0.0709
107986713	-13.9376	0.4950
105375358	0.0000	nan
105375361	-14.8959	0.4950
441263	-2.0376	0.1079
102723849	-0.4917	0.4911
100132832	-1.9916	0.0486
100505767	-0.4472	0.6080
641808	0.0488	0.9673
57639	-2.1902	0.0417
10875	-1.9720	0.2452
105375359	-17.0243	0.4028
102723791	-15.9951	0.0173
54103	-3.3096	0.0676
107986714	-17.0373	0.0389
101927243	0.0000	nan
5782	-0.1756	0.8418
105375363	-1.5046	0.0333
100505854	-1.0277	0.0414
222194	-0.6836	0.1915
85025	-0.0339	0.9604
57157	-0.2164	0.8359
105375368	0.0000	nan
9863	-1.0723	0.1240
399670	13.4194	0.2722
100874021	0.0000	nan
105375366	-16.1971	0.2261
100505881	-0.0645	0.9406
105375369	0.0000	nan
105375370	-12.4617	0.4950
105375371	-15.7877	0.4950
105375372	0.0000	nan
2770	0.2934	0.7591
107986743	13.5205	0.2722
107986744	0.0000	nan
105375373	15.7234	0.2722
101927269	0.0000	nan
346562	0.0000	nan
107986812	-1.2195	0.5351
948	-3.4699	0.0769
10512	-2.2095	0.1855
105369146	0.0000	nan
100128317	-12.6493	0.4950
3082	-0.9310	0.3879
781	-0.3867	0.7415
101927356	1.2146	0.5387
107986813	0.1451	0.9262
105375376	0.0000	nan
27445	-3.8907	0.4157
105375377	0.0000	nan
9723	-0.8838	0.5299
105375378	-0.8370	0.1589
107986745	0.0000	nan
10371	0.7816	0.5435
101927378	-13.1518	0.4950
223117	-0.7142	0.4100
105375380	0.0000	nan
2913	1.0232	0.5773
105375382	-15.4439	0.1804
112268007	-15.9079	0.2192
107986814	-17.0476	0.2917
222223	-2.5687	0.1012
112268008	-0.4635	0.7349
101927420	-1.7808	0.0204
9988	-0.7471	0.3183
79161	-1.2065	0.0269
105375384	-1.5670	0.0800
11257	-0.5914	0.4637
54677	-0.9819	0.1682
5244	-1.1566	0.1264
5243	-1.3446	0.4350
154661	-2.1680	0.4805
55972	0.6697	0.6320
10926	1.3118	0.3884
53616	-2.5605	0.2978
105375386	1.6015	0.4916
6717	-0.2722	0.5292
102723885	-0.3593	0.6313
79689	-8.5834	0.2515
107986815	-15.7524	0.4950
107986816	0.0000	nan
219578	0.0000	nan
219557	0.0000	nan
105375387	0.0000	nan
107986817	0.0000	nan
100874100	-16.4011	0.3033
442523	-3.2161	0.2235
26872	-0.2506	0.6941
261729	-0.8700	0.3232
107986819	-0.7640	0.2355
79846	-0.9134	0.3331
107986818	-0.2741	0.8302
107986715	-17.2117	0.0576
101927446	-14.3128	0.3033
85865	-0.0161	0.9780
112267985	-0.0031	0.9958
101409256	0.7124	0.6580
9069	-0.5085	0.5094
102723899	0.7267	0.6490
5218	-0.9166	0.1734
8321	-1.0575	0.0867
105375392	-15.0618	0.4950
107986716	-17.6567	0.2261
101927473	-16.4051	0.1131
7978	-0.3245	0.6566
112267986	-0.4896	0.6287
10142	-0.1270	0.8820
1595	0.4087	0.6604
613126	-0.9715	0.1926
401387	-0.9185	0.5511
889	-0.6371	0.4069
100302218	-20.5623	0.0007
54467	-0.4876	0.4567
105375396	15.8038	0.2722
57798	-0.7415	0.1523
30816	-3.7454	0.0317
5189	-0.7073	0.1706
84060	-0.7238	0.2489
257415	-0.5130	0.3655
105375397	-14.3655	0.4950
1021	0.3073	0.7870
112268009	-0.3946	0.8215
101927497	-0.6150	0.6162
54809	-0.1744	0.8575
219285	-0.6692	0.3402
253012	-13.9222	0.4950
55610	-0.4333	0.3977
799	-14.8362	0.4950
724023	0.0000	nan
574442	0.0000	nan
105375400	0.0000	nan
100616206	0.0000	nan
7980	-2.6280	0.5558
105375401	-0.6050	0.8201
2792	0.0000	nan
105375402	16.0069	0.2722
2791	-0.7656	0.3623
10282	-0.0351	0.9523
105375403	-20.2349	0.0029
107986820	0.3347	0.7969
112267858	-2.1420	0.1142
107986821	-1.8024	0.3251
101927525	-1.5900	0.0170
1278	-0.7720	0.3456
105375404	0.4216	0.7429
64921	-1.4674	0.0883
8910	-0.4421	0.2429
23089	1.2135	0.4204
55607	-3.7184	0.1456
105375405	2.7171	0.3517
5444	-12.6508	0.4950
5446	2.6546	0.2859
107986822	0.0000	nan
5445	-1.5149	0.1121
107986823	0.0000	nan
51666	13.2108	0.2722
5166	-2.3419	0.3936
107986824	-13.8001	0.3230
107986746	0.0000	nan
105375409	0.0000	nan
1780	-0.4419	0.7102
10165	0.6502	0.1774
693176	0.0000	nan
105375410	0.0000	nan
105375411	0.0000	nan
7979	0.8060	0.1708
105375412	0.0000	nan
107986825	17.2075	0.2722
105375414	0.0000	nan
285987	15.5921	0.2722
1750	-14.0448	0.4950
1749	0.0000	nan
57001	0.3528	0.5398
107984034	-0.3911	0.8093
105375417	-13.1919	0.4950
107986826	0.0000	nan
105375416	0.0000	nan
6863	-15.3973	0.2754
440	-0.7468	0.5848
107986827	-0.7353	0.5865
100847066	0.0000	nan
100847017	-18.5910	0.2192
389538	1.4008	0.1971
4951	1.7107	0.4706
22853	-1.2608	0.1223
168620	-15.3942	0.2192
25851	-1.6465	0.0288
25798	-0.4182	0.5585
55971	-1.7688	0.2752
4885	-5.5826	0.4281
105375419	0.0000	nan
105375418	0.0000	nan
222865	-0.1296	0.8010
8295	-1.3259	0.0602
100500819	-18.5358	0.2192
106633801	-0.8508	0.6353
101927550	-0.8130	0.1706
57154	-0.9964	0.1125
402569	-0.5520	0.6075
84176	-15.4128	0.2423
105375421	-1.1249	0.2231
10552	0.5360	0.4608
10095	-0.6597	0.3678
11333	-0.8193	0.0129
8896	0.7086	0.5488
113219453	1.0184	0.3853
100526740	0.2016	0.8253
26024	0.6219	0.5939
10898	-0.6358	0.3163
9551	0.1726	0.8176
100189190	0.0000	nan
285989	-0.6021	0.5101
84124	-0.1561	0.6297
23660	-0.1074	0.5974
221786	-0.0299	0.9725
105375422	-16.6868	0.0007
79027	-0.5096	0.3889
100289187	-0.6633	0.3958
221785	-0.7327	0.0152
1577	-0.6617	0.4115
100861540	-1.9607	0.1392
1551	-2.1477	0.1564
1576	0.0000	nan
64816	3.7538	0.1011
81392	-16.2656	0.3642
89122	-1.1508	0.0036
101927610	0.3027	0.7458
349149	1.1379	0.5533
563	0.0000	nan
646282	0.0000	nan
105375423	2.3580	0.3636
7586	-1.1783	0.0899
7589	-0.4105	0.2585
7551	-0.0173	0.9592
10980	0.2939	0.0885
4176	-0.4190	0.3984
407014	-22.4514	0.2119
407050	-1.9082	0.1375
406900	-20.8333	0.1228
9179	-0.3984	0.5503
6878	-0.8154	0.1638
245812	-0.6857	0.1441
255374	0.0718	0.8476
389541	-0.2890	0.7009
55262	-1.4365	0.0123
100616439	-2.3457	0.0230
79690	0.4880	0.3555
221914	-5.5559	0.1341
10734	-2.0685	0.0131
352954	-1.6639	0.0285
79037	-4.4066	0.0267
107986828	-2.5475	0.0306
105375427	-0.6377	0.7409
105375426	-13.7293	0.4950
441272	-0.7984	0.0011
5379	-0.3100	0.5931
101752399	-2.6123	0.0249
101735302	-2.1852	0.0478
101752334	-4.0227	0.0132
102466747	-22.1421	0.1375
29990	-1.8665	0.0651
29992	-2.0240	0.1896
55063	-1.1033	0.1444
56257	-0.1475	0.8650
221908	-0.2022	0.4889
101927632	-0.1078	0.8270
402573	1.9536	0.0129
81628	-1.7818	0.1855
222950	-22.4101	0.3401
107986829	-21.7029	0.4150
3268	-1.0057	0.5439
100316904	-18.7439	0.0502
4034	-2.0348	0.0745
101927655	-2.2094	0.0866
26261	-3.1167	0.0038
100129845	-3.0014	0.0542
5118	-1.8077	0.0583
64598	-0.4573	0.2112
7036	1.2649	0.2656
51412	0.0000	nan
105375429	0.0000	nan
2783	-1.2624	0.0775
64599	-2.5008	0.0103
10248	0.4128	0.6136
2056	-2.3331	0.5706
7455	7.3751	0.2746
2050	-1.2032	0.2293
56996	-1.5641	0.0526
105375430	-19.3059	0.0575
107986830	-17.4350	0.4950
7205	-0.3868	0.2286
102466755	-3.6411	0.0351
51593	-1.3188	0.0724
402682	-0.6393	0.5591
43	0.5289	0.5345
105375431	0.0000	nan
4584	13.0936	0.2722
10071	-1.9952	0.2744
102724094	2.2269	0.2189
140453	15.8787	0.2722
81844	-0.8154	0.0127
5054	-0.2119	0.5264
1174	-0.3770	0.6616
100616117	-0.9529	0.4423
7425	-12.2938	0.4950
375607	0.0000	nan
346606	15.9002	0.0252
8985	-0.5171	0.1682
10467	0.5917	0.6095
24146	-2.4229	0.0356
51024	-0.0517	0.9505
101927721	-15.1574	0.2192
101927746	1.1023	0.0240
64792	0.0365	0.8657
136227	-1.0155	0.5934
105379743	0.0000	nan
100506527	0.0000	nan
107986832	3.4086	0.3164
93408	1.7459	0.4642
1523	-1.1467	0.0077
10603	-0.6841	0.4748
100422858	0.0000	nan
107986717	-0.1457	0.9087
729597	-0.6671	0.4917
100630923	-1.3738	0.0062
100289561	-1.7246	0.0206
79706	-1.1517	0.0208
100313829	0.0000	nan
105375433	-3.4211	0.1590
80228	-0.7632	0.2487
54784	-0.3523	0.5940
222229	-0.8397	0.2917
100847073	-1.6406	0.0005
100616367	-21.2871	0.1219
5439	-0.0139	0.9846
100271927	-1.3153	0.0353
548644	-0.7522	0.3456
107983993	-0.9611	0.2810
441273	-0.5193	0.6261
10156	-1.4662	0.0355
246721	-0.5162	0.5283
100134938	-0.5238	0.5697
100310812	-0.2336	0.8305
100133005	-1.4195	0.0268
222234	-0.8326	0.0638
222235	-0.3739	0.3606
10234	-0.9703	0.0844
58160	0.0000	nan
83787	-0.0248	0.9692
222236	-0.3011	0.6195
100129424	-0.1745	0.8277
105375434	-0.5165	0.3813
349152	-1.8212	0.3596
9512	-0.2793	0.3188
27000	0.8309	0.2809
5701	1.3211	0.1393
375611	0.5772	0.5718
101927870	0.0000	nan
5649	1.9967	0.0321
105375435	0.0000	nan
5001	-0.8171	0.1571
375612	2.3135	0.3685
105375436	0.0000	nan
645591	0.0000	nan
723809	-0.1673	0.9160
55904	-0.4343	0.6247
100216546	-1.4989	0.3106
100216545	-3.8584	0.1844
6733	-0.3281	0.5341
54517	-0.0768	0.9076
60561	0.1579	0.8596
100130771	0.9043	0.4370
222255	-0.5457	0.1825
222256	-2.8007	0.1709
107986833	0.6789	0.6945
6856	1.0672	0.5102
10135	-0.1150	0.6502
102724339	-0.5615	0.6412
105375440	-0.6620	0.7636
168455	-0.3668	0.0346
5294	0.0000	nan
5577	0.9789	0.6005
105375441	0.0000	nan
26959	-1.0795	0.1603
10466	-0.4112	0.4291
2845	-0.7490	0.5128
11062	-0.7504	0.3518
115253422	-0.4660	0.6685
55973	-0.3902	0.7133
105375443	0.8406	0.6131
286002	3.6046	0.0445
5172	1.7028	0.3026
101927974	-0.7106	0.0970
79872	-0.1232	0.8669
1811	12.7358	0.2722
105375444	0.0000	nan
105375445	0.0000	nan
1738	0.4197	0.6334
3912	-0.8466	0.2241
22798	3.1345	0.3201
107986834	0.0000	nan
107986835	0.0000	nan
105375446	15.4150	0.2722
4897	-2.0671	0.4118
102724363	-1.7425	0.5306
50640	-0.7755	0.0893
168451	-0.1030	0.8994
4189	-1.3909	0.0434
105375448	0.0000	nan
107986836	0.0000	nan
154907	0.0000	nan
112268010	0.0000	nan
442720	0.0000	nan
105375451	-2.9071	0.1656
105375450	-14.4333	0.4950
105375452	-14.2764	0.4950
83943	-0.9360	0.1938
54674	-0.0557	0.9567
9732	-2.6122	0.1596
100506413	-15.0285	0.2219
11179	-0.3033	0.5647
105375456	0.5324	0.7472
3475	-0.9813	0.2680
105375457	-1.1249	0.2779
286006	-1.9681	0.0215
100996249	0.0000	nan
101928012	0.0000	nan
64418	-1.3927	0.0574
154743	-1.0268	0.3289
101928036	0.6467	0.4660
54329	0.0083	0.9832
107986837	-11.8088	0.4950
401397	1.5168	0.2910
5506	0.0000	nan
93986	-1.6411	0.0325
100500896	0.0000	nan
29969	0.1688	0.8487
102724386	-0.8079	0.4751
104355291	0.0000	nan
109623459	0.0000	nan
100506489	0.0000	nan
105375461	0.0000	nan
105375462	0.0000	nan
102724407	0.0000	nan
22797	-13.9936	0.4219
26136	-0.1511	0.7335
102724434	2.2072	0.0449
105375463	-0.4520	0.7741
107986838	-0.7713	0.4261
107986839	-15.2851	0.2219
858	0.6499	0.6272
857	0.9188	0.5105
100996266	0.7444	0.6743
4233	1.5879	0.4160
830	0.3657	0.7388
105375465	-15.3281	0.4950
93653	-0.4646	0.3894
7982	0.0907	0.5696
338069	-0.5853	0.1514
102466616	0.1377	0.9339
93654	-0.6008	0.0804
93655	-0.0985	0.7400
105375466	0.0000	nan
7472	-0.8219	0.5890
105375467	0.1647	0.9141
136991	0.0000	nan
105375468	19.1740	0.2722
1080	-0.4319	0.8208
111082987	19.1294	0.2722
83992	-12.7001	0.2276
105375469	0.0000	nan
105375470	1.8865	0.2207
51691	-0.4255	0.3752
56311	-0.4658	0.2457
102724495	-16.8751	0.4950
105375471	0.0000	nan
105375472	12.7857	0.2722
107986747	0.0000	nan
105375473	0.0000	nan
105375475	0.0000	nan
107986840	0.0000	nan
105375477	0.0000	nan
3751	-1.5026	0.2087
23554	-1.2662	0.4214
54556	-0.5483	0.1736
79974	-0.8724	0.4415
51384	1.9648	0.2587
10447	-1.2150	0.4509
105375478	-15.7208	0.2192
5803	-1.8069	0.3386
10157	-1.1161	0.1811
102724527	-14.2296	0.3065
389549	-2.0293	0.5869
154860	-18.0394	0.4824
93664	-1.0661	0.5509
105375481	0.0000	nan
168433	-14.7787	0.4950
378925	0.1611	0.9436
105375482	0.0000	nan
50833	0.0000	nan
6561	0.0000	nan
154865	-1.5206	0.2565
4698	0.2005	0.7630
142685	0.0000	nan
102724555	0.0000	nan
442721	-14.0530	0.4950
8976	-0.1670	0.8658
23553	0.5935	0.7210
26062	0.0000	nan
6677	15.2544	0.2722
105375483	0.0000	nan
730130	0.0000	nan
105375484	-16.4361	0.2654
107986841	0.0000	nan
101928211	-17.4421	0.2448
102724577	0.0000	nan
107986842	-17.2238	0.2261
2861	-4.1837	0.0851
154872	0.0000	nan
25913	-0.0930	0.9066
401398	-0.9309	0.3959
105375486	0.0000	nan
101928283	0.0000	nan
101928254	0.0000	nan
100506664	0.0000	nan
105375487	17.0200	0.2722
105375488	0.0000	nan
2918	-13.4140	0.3885
101928357	-12.4255	0.4950
107986843	0.0000	nan
693177	0.0000	nan
101928333	0.0000	nan
168850	-0.3283	0.7448
100506682	-15.3104	0.4950
105375490	0.0163	0.9944
79571	-0.8015	0.1065
381	-0.2045	0.8445
105375489	-1.3042	0.1191
29999	4.3599	0.0007
5078	0.0000	nan
27044	-0.0162	0.9772
105375492	-0.5758	0.8274
27099	3.1038	0.0628
64101	-0.5546	0.5397
693178	-17.2313	0.4950
105375493	19.7422	0.2722
406917	0.0000	nan
105375494	17.2891	0.2722
3952	-1.9210	0.1062
55131	-0.3692	0.1840
401399	-16.5481	0.1469
107986845	-0.6871	0.3034
3614	-0.7833	0.2311
102724660	-0.4632	0.6535
29923	-0.5907	0.1533
55798	0.4424	0.4955
101928451	-1.7393	0.0707
402483	-2.0776	0.0218
346653	-1.0673	0.2160
84691	-18.4939	0.2510
813	0.7584	0.5259
611	-0.6585	0.2578
100189276	0.0000	nan
64753	-1.3732	0.1795
107986846	0.0155	0.9896
2318	-0.4850	0.5466
110806300	-1.3900	0.2439
9296	-0.3824	0.3049
100130705	-1.8606	0.0409
375616	-0.8601	0.5410
105375497	0.0000	nan
3663	2.1607	0.4031
23534	0.1946	0.5281
286016	-1.2873	0.1193
407835	-1.1836	0.1791
340348	1.6034	0.0709
6608	-1.1442	0.4969
23382	-0.4028	0.6434
105375500	0.0000	nan
107986847	-16.8044	0.3145
57464	-0.1602	0.9199
100287482	-2.9653	0.2799
107986848	-14.0035	0.4950
4899	-1.2354	0.0465
105375501	18.8820	0.2722
406958	0.0000	nan
407053	0.0000	nan
406959	0.0000	nan
7328	-0.5075	0.4010
51530	-0.2295	0.6162
23008	-0.2149	0.7279
100128325	-16.4540	0.2692
84928	-0.4093	0.4109
136263	-1.4915	0.3572
1358	4.1102	0.2449
51200	-1.1803	0.5100
105375503	-2.8869	0.2998
93979	-1.8932	0.0764
105375504	-14.8233	0.4950
1357	-16.2232	0.2986
95681	-0.0563	0.7327
105375505	13.8278	0.2722
4232	-1.3136	0.4407
317751	-15.5952	0.0109
442904	0.0000	nan
26958	0.0481	0.7795
53844	-3.4039	0.1841
114960	-2.8531	0.0312
136259	-1.6015	0.1391
105375508	-1.5834	0.1235
105375509	-0.9847	0.2966
407021	-20.1833	0.2418
407024	0.0000	nan
378805	-2.4226	0.3333
100506860	-0.0765	0.8546
4289	-1.1156	0.2296
100506881	-0.5419	0.1522
5420	1.7831	0.3752
107986849	2.7458	0.3497
101928782	0.0000	nan
91584	0.0125	0.9865
101928807	0.0000	nan
105375511	2.7459	0.3497
102724906	0.0000	nan
286023	0.0000	nan
100506937	0.0000	nan
54927	0.6971	0.3181
100500804	0.2569	0.7495
105375512	0.0000	nan
60412	-0.6133	0.2567
102465139	0.0000	nan
101928861	16.3667	0.2722
105375513	0.2099	0.7894
105375514	-0.0664	0.9643
136332	-1.0672	0.2514
84912	-0.3606	0.7041
105375518	-16.4725	0.4950
105375517	-16.9459	0.1663
105375519	-0.8270	0.3287
231	-1.3203	0.5206
57016	1.0021	0.5659
105375520	0.0128	0.9937
441282	-15.9930	0.0467
669	-0.5606	0.0855
107986850	1.1668	0.4500
800	-0.5830	0.5735
340351	-0.8812	0.0756
78996	-0.5822	0.0441
55281	-0.2642	0.6437
29062	-0.8068	0.2103
102465254	-17.4656	0.4950
346673	0.0000	nan
107984123	0.0000	nan
4850	-0.5524	0.4208
23165	-0.0627	0.8953
647087	0.0529	0.9287
26266	-0.8211	0.2606
105375521	-0.8450	0.2656
389558	0.8382	0.6045
105375522	-2.0970	0.1816
767558	0.8099	0.5792
136319	0.8099	0.5792
105375523	-13.9157	0.0028
105375524	0.0000	nan
1129	-0.4649	0.7911
349160	0.0000	nan
574443	0.0000	nan
105375525	0.0000	nan
5764	1.4406	0.2892
105375527	13.1808	0.2722
9162	1.5369	0.3275
64764	0.8637	0.4790
100130880	-14.7028	0.4950
6718	0.3891	0.8605
100616226	0.0000	nan
107986749	0.0000	nan
8805	0.0106	0.9895
136306	-13.4392	0.3033
50617	2.3489	0.1911
155006	15.6368	0.2722
57670	-1.0333	0.2843
92092	-0.0113	0.9902
107986852	-0.1078	0.8275
56829	0.2445	0.6398
113218503	1.1828	0.3207
79989	-0.4775	0.3892
254048	-0.5303	0.5206
51631	-0.8273	0.0136
154791	0.6519	0.2652
100189406	0.0000	nan
100996928	-0.5821	0.0184
100129148	-1.2332	0.0182
346689	-1.1001	0.3379
154790	-15.7535	0.3886
28996	-1.1567	0.2948
105375530	-16.5593	0.0371
6916	1.3874	0.1253
107986853	0.0000	nan
105375532	1.9589	0.4298
64761	0.4771	0.6494
80853	-1.9656	0.0623
100134229	-1.9695	0.0503
107986854	0.0000	nan
105375534	-15.7071	0.1083
84255	-1.0011	0.1156
401409	16.6889	0.2722
23608	-0.5104	0.1077
27147	-2.0719	0.3805
105375535	-16.3164	0.3066
107986718	-15.4503	0.3065
90956	-1.0001	0.1270
100134713	0.0508	0.8084
4708	0.4922	0.0995
673	-0.4097	0.5734
105375536	2.7460	0.3497
107986720	0.0000	nan
51650	0.4678	0.1712
107986719	0.0000	nan
105375537	16.3083	0.2722
100507421	-4.9141	0.1522
105375538	-0.1695	0.8828
55750	-0.0713	0.8776
57189	-1.6052	0.0072
285962	0.3968	0.7710
494551	-0.7570	0.5347
6742	0.6394	0.1348
50831	-16.8505	0.0007
50832	-19.5443	0.0056
54429	-2.7723	0.1238
136242	0.1258	0.9561
130075	0.0000	nan
23601	0.0000	nan
5726	0.0000	nan
8972	-2.3322	0.0529
93432	14.3416	0.2722
100289017	0.0000	nan
136541	0.0000	nan
207147	0.0000	nan
28621	0.0000	nan
28620	0.0000	nan
105375539	16.1665	0.2722
28619	0.0000	nan
28617	0.0000	nan
28614	0.0000	nan
28606	0.0000	nan
28597	0.0000	nan
28616	0.0000	nan
28604	0.0000	nan
28596	0.0000	nan
28588	0.0000	nan
28613	0.0000	nan
28603	0.0000	nan
28595	-18.2495	0.2729
28587	-17.8679	0.4950
28612	-15.4176	0.4950
28586	-17.2613	0.3066
28585	0.0000	nan
28582	0.0000	nan
28579	0.0000	nan
28584	0.0000	nan
28581	0.0000	nan
28578	0.0000	nan
28602	-16.7860	0.4950
28594	-15.4010	0.4950
107986855	-17.2914	0.0502
28611	-16.4181	0.4950
105379749	-16.2407	0.0719
28601	0.0000	nan
28593	-15.4099	0.4950
113839523	0.0000	nan
28610	18.9770	0.2722
28600	0.0000	nan
28592	0.0000	nan
28609	0.0000	nan
28599	0.0000	nan
28591	-15.4010	0.4950
28608	0.0000	nan
28589	-1.6784	0.1982
28574	-0.3484	0.8375
28583	-17.4402	0.3292
28580	0.0000	nan
28577	0.5052	0.7276
28576	0.5813	0.7152
28575	0.0000	nan
28573	-15.4010	0.4950
28572	0.0000	nan
28571	0.0000	nan
28570	0.0000	nan
28569	0.0000	nan
28568	0.0000	nan
28567	20.0109	0.2722
28566	0.0000	nan
28565	0.0000	nan
28564	0.0000	nan
28563	0.0000	nan
100463482	0.3537	0.8735
28562	0.0000	nan
28556	0.0000	nan
28561	0.0000	nan
28555	0.0000	nan
28560	0.0000	nan
28559	0.0000	nan
5644	0.0000	nan
28558	0.0000	nan
5645	0.0000	nan
28637	0.0000	nan
28635	0.0000	nan
28634	21.9658	0.2722
28633	0.0000	nan
28632	0.0000	nan
28631	0.0000	nan
28630	0.0000	nan
28639	0.0000	nan
28636	0.0000	nan
28629	0.0000	nan
28628	0.0000	nan
28627	0.0000	nan
28626	0.0000	nan
28625	0.0000	nan
28624	0.0000	nan
28623	0.0000	nan
28622	0.0000	nan
28638	0.0000	nan
28557	0.0000	nan
105375541	0.0000	nan
2051	-1.7696	0.3537
55503	1.0341	0.5721
56302	0.0000	nan
105375542	0.0000	nan
105375543	0.0000	nan
135927	-14.2236	0.4950
3792	1.3740	0.5425
135924	0.0000	nan
105375544	-0.2801	0.8780
346517	0.0000	nan
89883	0.0000	nan
5304	0.0000	nan
259285	0.0000	nan
259286	0.0000	nan
105375546	-14.9180	0.4950
105375545	-14.6064	0.4950
373156	0.3256	0.5595
135932	-16.1338	0.3230
835	0.7084	0.5230
1180	-13.9784	0.3066
9715	-3.1625	0.0411
101928397	-16.8228	0.2729
100507507	-1.0424	0.1654
7791	-1.2453	0.1417
102465538	-3.8968	0.1922
2041	-0.9739	0.1346
285965	-1.2093	0.1700
338398	0.0000	nan
259287	0.0000	nan
105375547	0.6985	0.7168
392133	0.0000	nan
441294	-0.3986	0.5359
101928466	-0.2870	0.6936
285966	-2.0106	0.0212
340307	-0.4187	0.6067
653691	-1.6210	0.0404
154761	-0.9140	0.1264
112267988	-0.4242	0.5130
9747	-0.6318	0.1524
105375549	-19.1636	0.2773
26211	-11.1504	0.4950
135948	0.0000	nan
135946	0.0000	nan
393046	0.0000	nan
105375548	0.0000	nan
392138	0.0000	nan
346525	0.0000	nan
442361	0.0000	nan
135941	-15.1223	0.4950
100128553	-0.7677	0.0864
445328	-1.6277	0.0683
101928605	-0.8183	0.1141
112267987	-1.0845	0.1859
402317	-1.8113	0.1304
101928492	-1.5059	0.0136
401428	-1.2018	0.1196
401427	-20.5601	0.0134
728377	-2.1593	0.0270
100142659	-1.0689	0.0934
441295	-1.3939	0.1109
346528	-0.9676	0.3570
7984	-1.7366	0.0322
135935	0.0000	nan
27010	-0.6239	0.3190
105375552	0.0000	nan
105375551	2.5988	0.3496
105375553	0.0000	nan
26047	-1.9223	0.3186
101928700	0.0000	nan
100313895	0.0000	nan
107986721	0.0000	nan
105375556	0.0000	nan
105375554	0.0000	nan
202865	0.0000	nan
105375557	0.0000	nan
8454	-0.4339	0.1682
2146	1.3980	0.1775
6090	0.0000	nan
6086	0.0000	nan
6085	0.0000	nan
6084	-17.0200	0.4950
102723099	3.0015	0.0612
9601	0.1868	0.6780
136051	0.1516	0.8576
155054	-0.9301	0.0074
57541	-0.5641	0.0767
107986856	-16.9095	0.2192
8427	-1.0590	0.1342
7988	-1.0367	0.0774
100289678	-2.0594	0.0528
155060	-3.1152	0.0320
100189144	0.0000	nan
100189413	0.0000	nan
100189357	0.0000	nan
100189049	0.0000	nan
100189305	0.0000	nan
105375559	0.0000	nan
101928733	0.0000	nan
100189008	0.0000	nan
27153	-0.4620	0.5513
155061	-0.7070	0.1174
100189146	-1.0817	0.5352
79970	-2.0038	0.0319
100189029	-2.5416	0.1959
100189267	-18.7050	0.4950
100189097	0.0000	nan
100189194	0.0000	nan
100189355	-20.1653	0.0525
100189432	0.9591	0.6600
100189177	-20.8757	0.1083
100189376	0.0000	nan
100189075	0.0000	nan
100189375	0.0000	nan
100189289	-17.7052	0.4950
100189379	0.0000	nan
84626	-1.8736	0.0181
168544	-1.2869	0.2635
23145	-16.0149	0.0597
643641	-1.8511	0.0083
401431	-1.8995	0.0689
155066	-0.1597	0.8485
653857	-0.4479	0.5796
100134040	0.0000	nan
65999	0.6191	0.6930
113763	-18.0273	0.3149
105375560	0.3609	0.8212
5919	-2.6539	0.2853
107986858	-13.6292	0.4950
105375563	-0.7672	0.2931
29803	-0.8479	0.0725
285971	-0.6241	0.3162
105375564	-19.1092	0.1855
107986859	-3.5479	0.0050
728743	-1.8269	0.0638
285972	2.0714	0.3904
155038	-12.7329	0.4950
168537	0.0000	nan
107986860	0.0000	nan
55303	0.0000	nan
474344	-13.9238	0.2192
26157	-0.2299	0.8478
100527949	0.0000	nan
170575	-11.7486	0.4950
55340	0.0000	nan
105375566	-2.8966	0.0389
28959	-0.5221	0.6417
55365	-1.3610	0.2970
105375567	-1.2438	0.3285
26	-15.6717	0.2772
3757	-11.1933	0.4950
4846	2.2972	0.2475
285973	1.6067	0.3824
11194	-0.7090	0.3457
9311	-21.4746	0.0339
1020	0.4886	0.3001
6522	-0.8515	0.1710
10922	-0.7204	0.3648
83590	-0.2646	0.7644
116988	-1.4900	0.0545
107986862	-1.9324	0.2993
2636	0.0000	nan
136371	0.0000	nan
392843	0.0000	nan
114483834	-0.0015	0.9950
114483833	-0.9219	0.3863
10061	0.6965	0.0757
54480	-1.3517	0.0407
768213	-1.9115	0.0177
6604	0.5092	0.6778
51667	-0.9341	0.0378
349136	-0.7498	0.0017
100131176	0.0000	nan
155051	-4.3546	0.3459
100500835	0.0000	nan
6009	0.2506	0.5968
51422	-1.4468	0.1094
644090	0.0000	nan
100505483	-14.2125	0.4950
105375570	17.1247	0.2722
105375571	0.0000	nan
168391	0.0000	nan
63917	-0.9382	0.1446
731075	-1.8297	0.2841
58508	-1.0905	0.2019
220832	-16.1252	0.3293
100128822	-2.0260	0.0160
105375574	13.4737	0.2722
7516	1.6163	0.3244
57180	-0.6546	0.3410
102723686	1.3530	0.5476
105375577	0.0000	nan
103724390	0.0000	nan
105375578	0.0000	nan
105375579	0.0000	nan
107986750	0.0000	nan
1804	12.4003	0.2722
107986722	0.0000	nan
101929998	0.0000	nan
107984014	0.0000	nan
105375582	0.0000	nan
112267989	10.9185	0.2722
105375581	0.0000	nan
105375580	0.0000	nan
100132707	-1.1589	0.0817
22976	-0.5170	0.0227
202781	-1.2542	0.1104
100128264	0.0000	nan
3361	0.0000	nan
105375584	15.2937	0.2722
105375586	-0.5697	0.7360
105375587	-17.8384	0.3978
105375588	0.0000	nan
105375589	0.0000	nan
105375591	0.4250	0.2855
3638	0.4121	0.6045
105375592	0.0000	nan
338436	0.0000	nan
105375593	0.0000	nan
100286906	0.0000	nan
105375594	0.0000	nan
2020	-14.4609	0.3642
107986863	15.5092	0.1404
285888	16.1287	0.2722
100506302	-0.1386	0.6933
155435	-1.2987	0.0357
6469	12.8661	0.2722
389602	0.0000	nan
105375597	0.0000	nan
105375603	0.0000	nan
105375602	0.0000	nan
105375601	0.0000	nan
105375599	0.0000	nan
285889	-13.4427	0.4950
100506380	0.0483	0.9594
112268012	0.0000	nan
64433	-14.5851	0.4950
140545	-0.3384	0.5450
101927858	-0.1689	0.7929
64327	-0.2794	0.7093
102723795	3.0097	0.3302
105375604	-14.7041	0.4950
105375605	0.0000	nan
64434	-0.5967	0.4284
3110	-13.8547	0.4950
105375606	0.0000	nan
645249	0.0000	nan
105375607	0.0000	nan
9690	-0.7568	0.0612
10049	-0.7959	0.0707
101927914	-15.0664	0.1419
105375610	14.9667	0.2722
5799	-13.5744	0.1501
406945	0.0000	nan
105375615	-13.2758	0.4950
105375614	0.0000	nan
100506585	0.0000	nan
105375613	0.0000	nan
693180	0.0000	nan
105375616	-13.6379	0.4950
100847032	0.0000	nan
54892	0.1860	0.8344
57488	-0.5311	0.4879
105379752	-1.8742	0.2890
55112	-1.3675	0.0098
154822	-14.8268	0.4950
7434	-18.2428	0.3803
101927506	-0.5123	0.0444
441308	-16.7013	0.0709
644128	-0.8082	0.1992
169270	-0.1677	0.7775
101927566	0.0000	nan
105377773	0.1375	0.9340
157693	-14.6972	0.2315
26260	-0.4763	0.2828
157695	-1.3269	0.1924
157697	-1.3078	0.0135
9228	0.3645	0.8287
401442	0.0000	nan
105377777	0.0000	nan
112268020	0.0000	nan
286083	0.0000	nan
105379585	0.0000	nan
105377775	0.0000	nan
105379586	0.0000	nan
100507435	0.0000	nan
105377778	-3.0341	0.0641
2055	-0.9808	0.1096
101927752	-0.7234	0.1545
100500912	0.8585	0.6124
105377779	-15.8962	0.2514
693181	0.0000	nan
9639	-0.6129	0.2296
100131395	-1.1483	0.2783
9920	-0.6474	0.5338
101928058	-1.5198	0.3704
104266957	-2.4065	0.1336
9172	-1.9636	0.0259
102465695	0.0000	nan
105377781	14.5424	0.2722
105377782	0.0000	nan
107986880	0.0000	nan
105377783	0.0000	nan
105377784	0.0000	nan
101927815	3.4239	0.3125
107986865	-12.6198	0.4950
105377785	-2.0939	0.5599
105377786	15.3300	0.0032
64478	-2.0840	0.0597
105377792	0.0000	nan
105377791	3.0715	0.3245
105377790	0.0000	nan
105377789	0.0000	nan
107986907	0.0000	nan
105377793	0.0000	nan
105377794	4.5587	0.2902
107986908	-15.9746	0.2542
105377795	-13.8423	0.3065
105377796	0.0000	nan
105377797	0.0000	nan
100287015	-0.6606	0.3258
79648	-0.1022	0.6682
285	-0.3741	0.4425
100507530	0.4444	0.3118
102465861	-19.0833	0.3065
55326	0.0608	0.9376
100616348	0.0000	nan
100616372	0.0000	nan
107986909	0.1190	0.9507
389610	-0.3918	0.7774
100652791	0.0000	nan
1672	0.0000	nan
1671	0.0000	nan
1669	0.0000	nan
449491	0.0000	nan
449492	0.0000	nan
449493	0.0000	nan
1667	0.0000	nan
170949	0.0000	nan
728358	0.0000	nan
100287083	0.0000	nan
1668	0.0000	nan
724068	0.0000	nan
1670	-16.3859	0.4950
105377799	0.0000	nan
105377803	-18.3555	0.2893
101928095	-5.8825	0.3674
349196	-3.8011	0.2407
100128890	-3.1064	0.1283
641517	-1.7492	0.1692
401447	-15.2115	0.3229
645402	-14.7994	0.2691
100131980	-1.6078	0.2140
100289462	0.0000	nan
55894	0.0000	nan
10407	0.0000	nan
503618	0.0000	nan
503841	0.0000	nan
504180	18.7096	0.2722
503614	0.0000	nan
105377801	0.0000	nan
100131608	0.0000	nan
441317	-14.5882	0.2691
105377800	-2.3736	0.3097
107986910	-17.5091	0.3682
101929400	-19.0499	0.2754
105379215	-18.3247	0.1608
107986912	-1.8991	0.4949
441328	0.0000	nan
100133251	0.0000	nan
105379216	0.0000	nan
245910	0.0000	nan
245908	19.0278	0.2722
245909	0.0000	nan
140596	0.0000	nan
653423	0.0000	nan
414325	0.0000	nan
1673	0.0000	nan
100132396	0.0000	nan
100132103	-3.2000	0.0207
392188	-14.2204	0.2192
645836	-14.2204	0.2192
100302186	0.0000	nan
105379219	-1.5358	0.0037
112268014	-1.9336	0.2852
286042	-1.3313	0.3641
157285	0.0311	0.9762
105379222	15.2058	0.2722
107986913	0.0000	nan
105379224	0.0000	nan
105379225	17.6655	0.2722
137075	-1.5394	0.4910
9258	-0.7416	0.1817
90459	0.6686	0.5953
105379227	0.0000	nan
100616350	0.0000	nan
109616996	0.0000	nan
79660	-1.2466	0.0033
102724880	0.0000	nan
101929128	0.0000	nan
157273	0.0000	nan
105379228	17.0270	0.2722
105379231	0.0000	nan
105379230	0.0000	nan
8658	-0.5761	0.4125
693182	19.9861	0.2722
157627	-12.3629	0.4950
406907	0.0000	nan
105379234	-15.6491	0.3885
4482	-0.7334	0.2076
101929191	-2.7320	0.3055
112268021	-4.1243	0.2623
203074	-15.9605	0.4950
105379237	0.0000	nan
94137	-14.2259	0.0650
100422982	0.0000	nan
203076	0.0000	nan
83595	-5.7809	0.0467
102723313	-2.7458	0.0510
54984	0.5667	0.3124
100302166	0.0000	nan
101929229	-16.0596	0.2192
101929248	-12.9235	0.3229
112268022	-12.1905	0.4219
286046	1.7507	0.2987
693183	0.0000	nan
101929269	18.9204	0.2722
107986915	18.9198	0.2722
66036	0.1440	0.8735
101929290	-3.1867	0.1022
83650	2.1914	0.0516
157739	-16.3765	0.1132
100129129	17.7879	0.2722
83656	0.0000	nan
83648	1.4305	0.0727
640	13.8441	0.2722
105379241	0.0000	nan
83655	0.0000	nan
105379242	17.6172	0.2147
2626	1.3383	0.5513
106635531	0.0000	nan
606553	-14.2699	0.4950
252969	-1.0090	0.0463
105379243	0.3533	0.6136
2222	0.6573	0.2594
1508	-1.1335	0.0610
105379244	0.0000	nan
112268017	0.0000	nan
613210	17.3400	0.2722
613209	0.0000	nan
613211	0.0000	nan
105379245	0.0000	nan
105379246	-14.8743	0.4950
100133267	0.0000	nan
728957	13.3312	0.2722
100132923	-0.9315	0.2212
392196	-17.0763	0.0147
392197	0.3219	0.8554
377630	-1.2320	0.3034
729689	-18.7834	0.1953
85002	-0.3881	0.3556
619423	-1.0310	0.0952
245940	0.0000	nan
100133172	-0.6009	0.6507
649352	0.1257	0.9562
245912	-1.0936	0.4296
389633	-18.3975	0.0764
653333	-0.8556	0.2554
100506990	-0.8792	0.0311
729732	-2.7751	0.1345
100847038	0.0000	nan
91694	-0.6050	0.3600
100500870	0.0000	nan
100500838	0.0000	nan
340357	0.0000	nan
101409254	0.0000	nan
105379289	0.0000	nan
57604	0.1595	0.8852
10395	-0.3064	0.3253
101930149	1.4877	0.4800
157773	-0.5299	0.2173
102725080	0.0000	nan
107986916	0.0000	nan
105379292	0.0000	nan
137868	1.1828	0.5201
494332	0.0000	nan
7991	-0.0888	0.7884
4481	0.8717	0.4869
101929028	0.3205	0.8356
105379297	0.0000	nan
26281	0.0000	nan
286097	-0.1723	0.8740
51201	-0.3533	0.5345
107986918	-0.7430	0.5139
29883	-0.1452	0.7629
137492	-0.3563	0.4054
9108	-0.1393	0.8847
102724838	16.3937	0.2722
6542	-14.8982	0.4575
5157	-3.5203	0.1365
107986919	-14.1251	0.4950
57509	-6.2128	0.2365
100422850	0.0000	nan
101930275	-18.4051	0.3456
2267	-12.5622	0.4950
5108	-0.0053	0.9928
427	-1.1020	0.0311
101929066	0.8976	0.0969
9	0.3417	0.7720
10	-15.2827	0.1083
23362	-0.7269	0.5375
107986868	-16.3921	0.4950
105379303	-13.6144	0.4950
105379301	1.7461	0.4641
100128993	-1.3900	0.6164
105379300	0.0000	nan
105379306	-15.7879	0.3033
63898	0.1752	0.5939
102724881	-1.2825	0.1997
55790	-2.1733	0.2198
105379308	0.0000	nan
107986920	0.0000	nan
55174	-0.1587	0.3300
105379309	0.0000	nan
107986921	0.0000	nan
4023	4.2945	0.2942
105379311	0.0000	nan
105379310	0.0000	nan
105379312	0.0000	nan
6570	16.7866	0.2722
526	-0.1156	0.8358
11178	0.1388	0.8476
100874051	0.0000	nan
105379314	0.3739	0.8661
107986881	0.0000	nan
109616983	0.0000	nan
105379315	0.0000	nan
105379316	0.0000	nan
102467222	0.0000	nan
286114	-13.1924	0.4950
101929172	0.0000	nan
107986922	0.0164	0.9944
2675	-16.0548	0.2258
105379318	0.0000	nan
107986923	0.0000	nan
9046	14.7781	0.2722
23039	-0.0245	0.9602
10361	-16.6762	0.0089
8822	-17.4388	0.0151
2039	-2.8645	0.1848
64760	-1.7386	0.0121
79873	-1.4375	0.0712
55806	-0.6489	0.6572
80346	-0.8292	0.0592
203190	-13.7862	0.2753
6440	0.0000	nan
649	-1.5110	0.0388
9796	-1.1268	0.2829
407037	-19.5236	0.3033
661	-0.2009	0.5858
100507071	-3.8817	0.0006
55124	-0.4929	0.4772
23516	-0.5680	0.2066
5533	0.1919	0.3000
10174	-1.7313	0.0464
64236	-0.6810	0.3983
541565	-1.4413	0.0501
107986876	-1.1154	0.0246
57805	-0.5661	0.2326
55909	-1.5855	0.0198
80094	-2.1534	0.3645
105369180	2.4426	0.3590
107986924	1.4711	0.4784
1960	1.0017	0.5493
105379322	0.0000	nan
105379321	1.7284	0.4316
107986926	-12.6330	0.2192
157310	-0.2358	0.8601
107986925	-13.4616	0.3065
105379325	0.0000	nan
101929237	-14.1124	0.2276
107984124	-0.9625	0.3384
23221	-1.6268	0.0415
8795	-1.8273	0.0001
286059	-17.5549	0.1116
107986929	-1.0999	0.5705
254896	-0.4475	0.5210
8794	-2.4330	0.1742
8793	-1.3979	0.1089
8797	-1.0436	0.3587
389641	-0.9879	0.1217
91782	-0.7596	0.0549
105379326	-1.7464	0.2175
203069	0.2879	0.7705
4017	-1.4823	0.0167
100507156	-1.9591	0.0194
9583	-1.2560	0.1055
105379327	-3.0660	0.0541
51312	-0.8035	0.3383
107986930	-13.5524	0.0502
4824	1.6119	0.0648
137814	2.6871	0.3444
101929258	0.5961	0.4895
6781	-0.4531	0.5454
107986931	-14.3768	0.2691
105379328	0.0000	nan
10863	-2.1174	0.1663
101929294	0.0000	nan
27299	-15.7585	0.4950
8756	0.0000	nan
101929315	0.0000	nan
107986932	0.0000	nan
107986882	0.3887	0.8607
105379329	0.0000	nan
4741	-1.8102	0.4206
112268023	0.0000	nan
4747	-19.2012	0.4792
102465506	-19.0426	0.4950
105379330	0.0000	nan
80005	0.6162	0.6194
102465527	0.0000	nan
105379331	0.0000	nan
2796	-1.2160	0.2145
54793	1.1795	0.4661
157313	3.5494	0.2458
107986933	17.6179	0.2722
105379333	0.0000	nan
105379332	0.0000	nan
64641	-0.7275	0.6140
102723395	13.8189	0.2722
105379335	-13.0652	0.4950
105379336	16.9959	0.2722
5520	0.1267	0.8476
157489	-0.0037	0.9942
665	-0.7656	0.1021
105379337	-1.5028	0.2432
10687	-2.4439	0.1775
1808	-0.1575	0.6314
148	-0.6286	0.6907
105379339	0.0000	nan
100313884	0.0000	nan
105379340	1.1543	0.6008
81551	-12.0915	0.4950
23087	-0.5674	0.2556
2185	-1.2188	0.0351
102465507	0.0000	nan
1135	0.0000	nan
2053	-1.4510	0.2272
1191	-2.4419	0.0497
102465508	-18.6279	0.3293
51435	0.4034	0.4738
100500871	-17.2702	0.4950
100500858	0.0000	nan
55246	-0.2744	0.4952
107986934	-0.2688	0.6904
157570	3.0441	0.2745
55872	2.9419	0.3103
286133	0.5128	0.7947
100422828	0.0000	nan
105379342	0.0000	nan
389643	-14.0487	0.0524
55140	0.1677	0.4626
105379343	-17.3112	0.2729
5368	0.0000	nan
55893	-1.3897	0.1496
157574	17.3251	0.2012
7976	-0.4465	0.4890
100422903	0.0000	nan
2137	-1.5356	0.0638
101929402	-1.8561	0.3638
55756	-0.1028	0.8155
79618	-0.8635	0.1941
105379346	-14.2294	0.4950
23303	-2.8724	0.1225
1846	-4.0205	0.3453
105379349	-18.1677	0.2219
107986883	0.0000	nan
105379350	-0.3643	0.6519
107986935	-0.3893	0.4538
105379351	0.0000	nan
105379352	0.0000	nan
619351	-16.5219	0.4219
101929450	-12.4394	0.4950
101929470	-1.9603	0.2861
107986884	-2.5111	0.5408
105379354	0.0000	nan
286135	-13.7395	0.4950
100422876	0.0000	nan
51669	-0.1264	0.7988
23484	-0.3134	0.5702
619373	-0.5215	0.6532
10671	-0.3196	0.3039
100128750	-0.3030	0.4581
11030	-0.3043	0.5010
112268025	2.7716	0.0973
112268024	-1.3469	0.2348
2961	0.1222	0.5804
100507341	-15.5271	0.0524
2936	-0.8084	0.0174
7993	-0.0974	0.7142
105379356	0.0581	0.9584
105379355	-2.0031	0.1736
5516	-0.7317	0.1940
56154	1.4757	0.5185
105379357	0.0000	nan
29942	-0.9768	0.3680
7486	-0.3100	0.6867
105379358	-16.8815	0.4950
101929492	0.0000	nan
105379360	0.0000	nan
3084	0.6092	0.6689
107986936	0.0000	nan
100856811	0.0000	nan
105379361	14.3955	0.2722
100874286	0.0000	nan
105379362	0.1900	0.7674
84750	-1.3990	0.0914
84549	-0.0955	0.7783
80185	-0.0702	0.8458
692084	0.0000	nan
79845	-1.1611	0.4364
78986	-13.8788	0.4950
105379363	0.0000	nan
105379364	0.0000	nan
105379366	0.0000	nan
105379365	0.0000	nan
103689844	0.0000	nan
105379368	0.0000	nan
105379369	0.0000	nan
137970	4.3526	0.2932
101929550	0.0000	nan
112268026	0.0000	nan
105379370	0.0000	nan
105379371	0.0000	nan
157855	-13.2439	0.4950
105379375	0.0000	nan
105379376	0.0000	nan
105379377	-1.7302	0.4165
100507403	0.0000	nan
100507420	-0.6967	0.4862
105379379	0.0000	nan
105379378	16.5731	0.2722
105379380	0.0000	nan
80139	-2.0968	0.1030
101929622	0.0000	nan
102723701	-1.8736	0.0025
11160	-0.5904	0.1912
728024	-0.6837	0.1772
11212	0.4036	0.2373
105379381	-19.1004	0.1607
25960	-0.9624	0.1179
55290	-0.0262	0.9666
80223	-0.6958	0.1458
137362	0.0000	nan
155	0.0000	nan
1978	0.8538	0.5966
9070	-0.4205	0.1648
6770	2.2929	0.0933
105379382	0.5560	0.6882
27257	0.0889	0.6443
9530	-0.0823	0.9052
23259	-0.8487	0.2814
84513	-0.3651	0.6221
54904	-0.7668	0.1126
137994	-0.3560	0.4577
102723716	-4.0218	0.0048
2260	-0.9516	0.1316
389649	-15.8773	0.2242
105379383	0.3531	0.8737
105379384	-14.1983	0.2276
286140	-0.1916	0.8167
6867	-0.4858	0.5476
59339	0.6787	0.5918
203100	0.6263	0.7080
83877	-0.1245	0.7782
8754	0.5099	0.6431
109616979	-19.0830	0.4950
203102	-0.6532	0.2584
255926	0.0000	nan
1587	14.1517	0.2722
100130964	0.0000	nan
8749	0.0000	nan
2515	0.0000	nan
3620	3.3166	0.3166
169355	-12.6768	0.4950
105379385	0.0000	nan
105379386	0.0000	nan
56892	0.9422	0.4556
112543493	14.8560	0.2722
105379388	0.0000	nan
79698	-0.8082	0.6270
107986938	-13.3832	0.4950
105379389	0.0000	nan
105379390	0.0000	nan
105379771	-17.3550	0.3409
6422	0.6985	0.6050
100847068	0.0000	nan
109616980	0.0000	nan
105379391	0.0000	nan
51125	0.3166	0.6059
84296	3.1781	0.2670
102723729	0.9919	0.5532
137964	-0.9725	0.0383
157848	0.0000	nan
286	-3.6196	0.4493
619554	0.0000	nan
102465696	0.0000	nan
105379392	-0.5478	0.7462
7994	-0.5737	0.3659
105379393	-18.8619	0.0108
107986939	-1.0974	0.5896
10947	-1.0264	0.0099
5327	-1.2487	0.4256
101929897	-16.3392	0.3065
3551	-1.2972	0.0221
105379395	-2.1061	0.3037
5423	0.0973	0.7999
27121	-14.3458	0.3033
7419	-0.2069	0.2781
6575	-0.3590	0.4285
114926	-0.6766	0.2774
105379396	0.0000	nan
1142	0.0000	nan
8973	0.0000	nan
55145	0.3185	0.1013
81790	-0.7574	0.2250
100616115	-0.6978	0.4719
84376	0.0902	0.9339
2339	-0.9095	0.0531
84197	-2.0538	0.0389
138050	-0.5003	0.4360
340441	0.0000	nan
105379397	-15.4541	0.0524
389652	0.6756	0.7562
105375811	0.0000	nan
105375812	0.0000	nan
497634	0.0000	nan
105375813	0.0000	nan
105375814	0.0000	nan
105375815	0.0000	nan
105375816	0.0000	nan
105375817	-14.4869	0.4950
107986885	15.8176	0.2722
100287846	-1.7765	0.0777
100996586	0.0000	nan
23514	-0.6574	0.0591
107986940	-17.6907	0.1932
1052	-0.1399	0.9136
5591	0.2315	0.7844
105375818	16.0554	0.2722
4173	0.8084	0.5086
105375819	2.9679	0.1973
7336	0.1768	0.8445
107986941	-19.5131	0.3032
105375820	0.0000	nan
105375821	-1.0211	0.3329
105375822	-15.0179	0.1898
112268027	-0.5832	0.6009
101929268	-2.0341	0.1968
105375823	-4.7215	0.1332
101929217	-20.7078	0.1990
79645	-0.4706	0.4630
105375825	-2.7916	0.2679
6591	1.1565	0.2919
107986942	-0.6329	0.3261
492307	0.0000	nan
105375826	0.0000	nan
100507464	0.0000	nan
54212	5.1424	0.2838
105375829	0.0000	nan
105375828	0.0000	nan
105375830	0.0000	nan
105375831	0.0000	nan
137902	-2.2349	0.0920
105375833	-14.8076	0.1082
115294	-1.1730	0.0602
102724330	-0.9677	0.1331
9705	0.7109	0.7436
101929341	0.0000	nan
389658	3.1029	0.0284
9821	-0.7084	0.3224
105375835	-0.2157	0.8519
107986943	0.0000	nan
2831	0.0000	nan
105375836	0.0000	nan
4986	15.6924	0.2722
100507516	-0.0682	0.8493
51606	-0.3595	0.0378
8601	1.4685	0.1704
6917	-0.6183	0.4629
105375839	-1.5494	0.1996
10434	0.8045	0.5800
29088	0.0046	0.9878
26766	19.0989	0.2722
105375840	16.7911	0.2722
105375841	0.0000	nan
64321	0.0000	nan
100129098	0.0000	nan
6101	0.0000	nan
107984125	0.0000	nan
105375842	0.0000	nan
107986944	0.0000	nan
107986886	0.0000	nan
107986887	0.0000	nan
114786	14.2457	0.2722
105375844	0.0000	nan
100133234	-1.8945	0.3348
105375843	0.0000	nan
105375845	0.0000	nan
105375846	0.3204	0.8079
137695	0.1324	0.9026
96764	0.1740	0.6320
4067	-3.2800	0.2396
109617001	0.0000	nan
6224	0.8837	0.5364
26795	-3.0389	0.2174
105375847	-14.7537	0.4950
4342	0.0000	nan
5324	-0.9252	0.2622
79145	0.0168	0.9710
195814	0.0000	nan
442388	0.0000	nan
105375849	0.0000	nan
5179	-0.5909	0.7408
101929415	-2.1916	0.2283
101929398	-2.9849	0.1326
100507632	-3.2869	0.1025
105375850	0.0000	nan
105375851	0.0000	nan
105375852	-15.3339	0.4950
54928	0.3256	0.7571
100507651	0.0000	nan
286177	0.0000	nan
26138	0.0000	nan
101929488	0.0000	nan
107986888	0.0000	nan
105375855	0.0000	nan
286178	0.9420	0.5134
105375856	0.0000	nan
100505477	0.1612	0.9435
90362	-0.5386	0.4606
107986945	-15.9017	0.3862
101929528	0.0000	nan
137886	-0.3199	0.6405
1581	-2.2784	0.0519
105375857	0.0000	nan
6386	-0.6934	0.2210
8439	-0.3045	0.5398
105375858	0.0000	nan
9760	-0.5461	0.5762
100505501	-1.2254	0.1301
105375860	15.5994	0.2722
105375859	0.0000	nan
105375861	0.0000	nan
105375863	0.0000	nan
767	3.7885	0.1004
105375864	0.7280	0.6697
100505532	-1.0150	0.2928
5862	0.4843	0.6151
55636	-0.8246	0.1295
105375938	18.2267	0.2722
157807	-0.0964	0.9387
100130298	-17.6597	0.2280
105375870	13.4661	0.2722
444	0.3083	0.7821
100616484	-19.0426	0.4950
101929628	-11.8235	0.4950
105375871	0.0000	nan
111082988	0.0000	nan
286183	13.7582	0.2722
643763	0.0000	nan
107986946	-3.0244	0.4549
8836	-0.4014	0.8149
7274	-4.5015	0.3333
101410533	0.8926	0.1217
253943	-0.0354	0.9699
105375873	0.1262	0.9560
105375875	0.0000	nan
105375874	0.0000	nan
102724612	0.0000	nan
105375876	0.0000	nan
286184	13.7282	0.2722
102724623	0.0000	nan
105375877	0.0000	nan
100130155	0.0000	nan
406908	0.0000	nan
401463	-15.7005	0.1228
27319	1.6403	0.4513
9420	0.9918	0.5126
105375879	-15.8918	0.4950
105375878	-14.0050	0.4950
105375880	0.0000	nan
552859	0.0000	nan
105375881	0.0000	nan
286186	0.0000	nan
55156	0.3235	0.6812
9650	-0.0034	0.9911
5150	-0.1760	0.7736
107986949	-0.6117	0.6060
107986948	0.7024	0.6446
107986950	0.0000	nan
105375883	0.0000	nan
85479	-11.8446	0.4950
84675	1.7790	0.3778
100189437	0.0000	nan
100189102	-19.0220	0.4950
1392	0.8924	0.6300
112268029	1.8928	0.4160
100505659	15.0326	0.2722
102724687	-1.2796	0.5763
100505676	2.3111	0.3709
23212	-0.8565	0.0202
137872	-1.1839	0.1233
254778	-1.0757	0.3813
4603	1.2540	0.5231
105375884	1.0540	0.5142
80124	-0.3941	0.6168
100533105	0.2312	0.7901
56260	-0.9840	0.1183
23678	0.3628	0.6953
26255	1.9856	0.2517
157777	-1.1916	0.1229
641638	-0.8799	0.1915
641648	-0.7595	0.4282
100129654	-13.7201	0.4950
286187	-0.6352	0.5300
105375885	17.6183	0.2722
10987	0.1376	0.5871
79848	-0.6017	0.4024
10565	-0.9450	0.1896
102724708	-1.6254	0.1638
57094	-3.6747	0.0016
105375886	-12.7379	0.4950
80243	-5.0098	0.1488
105375888	0.0000	nan
286189	-20.6796	0.3083
116328	-3.9285	0.1773
107986951	-18.2264	0.4395
100505718	16.6992	0.2722
100505739	0.0000	nan
23213	-0.1270	0.7900
81796	-6.7011	0.0148
105375889	-12.0146	0.4950
101929759	0.0000	nan
63978	0.0000	nan
10499	-0.7500	0.3989
101926892	2.1295	0.1637
105375890	0.0000	nan
23471	-0.5976	0.3791
286190	-0.6778	0.3590
51110	-0.3979	0.1941
389668	-0.5985	0.5042
105375894	-12.7789	0.2691
2138	-16.2620	0.1717
102724772	0.0000	nan
105375892	0.0000	nan
107986890	0.0000	nan
9242	-0.1489	0.8898
100132891	-0.3484	0.6856
8989	-0.7264	0.3221
105375896	0.1448	0.9137
392232	-1.0628	0.1809
105375897	0.0000	nan
9312	-19.0727	0.3481
101926908	-16.4625	0.4950
7013	0.2073	0.8239
157869	-0.9509	0.3477
107986891	-15.2426	0.4950
105375901	0.0000	nan
100130301	-19.2500	0.2506
6129	0.3894	0.5322
157506	-2.8260	0.0299
101926926	-3.3577	0.0220
105375899	0.0000	nan
100128126	-17.6104	0.0015
27067	0.0435	0.9585
105375902	-0.1049	0.9318
55284	-0.2851	0.7230
101926947	-15.2281	0.0028
6921	-0.1071	0.7762
54968	-1.0692	0.0449
23643	-1.2272	0.0397
105375903	0.0000	nan
56704	13.4221	0.2722
54332	1.3442	0.3894
100847058	0.0000	nan
100847091	0.0000	nan
105375904	19.1294	0.2722
441355	0.0000	nan
100302260	0.0000	nan
51050	3.2954	0.3207
83690	0.4030	0.8060
105375905	0.0000	nan
101805492	0.0000	nan
3174	0.0000	nan
105375906	0.0000	nan
102724858	0.0000	nan
101926978	-0.1388	0.8603
107986952	-17.4195	0.2678
100192378	-1.8066	0.4207
79776	-1.6054	0.3700
100422921	-20.0920	0.3886
5828	-0.6885	0.0163
105375909	0.0000	nan
102724874	0.0000	nan
105375911	-0.3512	0.8819
5569	0.2466	0.8603
101927003	0.0000	nan
51101	0.2292	0.8452
3574	-1.8807	0.2520
101241902	-5.2140	0.1213
105375914	-0.6237	0.6995
112935892	-15.5019	0.1419
105375912	-0.9793	0.4107
105375913	-1.9400	0.3913
107986892	0.0000	nan
105375915	-16.7902	0.4950
113219456	0.0000	nan
105375916	-17.5776	0.4950
11075	-3.7662	0.4774
107986893	0.0000	nan
23462	-2.3633	0.1054
101927067	-0.5334	0.6628
101927040	-16.2653	0.2246
28957	0.1751	0.3890
7163	-3.3110	0.3369
105375919	18.3733	0.2722
105375918	0.0000	nan
105375920	0.2708	0.8829
100847056	0.0000	nan
105375922	0.0000	nan
105375921	-1.5581	0.0464
65986	-1.3104	0.0803
619279	-4.7395	0.2253
107986894	0.0000	nan
55824	0.9892	0.4326
105375924	2.9389	0.3378
2171	3.0808	0.0657
105375925	0.0000	nan
105375926	0.0000	nan
5375	0.0000	nan
646480	0.0000	nan
101927118	0.0000	nan
2167	0.0000	nan
646486	0.0000	nan
650747	-14.1784	0.1083
3612	-0.0995	0.8854
347051	-3.0555	0.1270
79752	-0.1718	0.7238
92421	0.0000	nan
64089	-1.6252	0.0780
105375928	-2.1881	0.3570
105375929	0.0000	nan
105375930	-16.8791	0.4950
105375931	0.0000	nan
107986953	0.0000	nan
101927141	0.0000	nan
103352670	0.0000	nan
105375932	0.0000	nan
138046	-12.4702	0.4950
105375933	0.2993	0.8552
85444	0.4900	0.7184
102723322	-17.8362	0.2678
1875	-1.1383	0.0735
401466	-0.1732	0.7515
105375936	-16.3107	0.3580
105375935	-15.2163	0.4950
377677	-1.4522	0.0045
759	0.0000	nan
761	-16.7566	0.0451
100996348	-14.9587	0.2754
760	-18.5964	0.4950
105375937	0.0000	nan
101929601	0.0000	nan
101929627	0.0000	nan
100288527	0.0000	nan
100288562	0.0000	nan
105375622	0.0000	nan
107986954	0.0000	nan
85481	0.0000	nan
245972	-13.6645	0.4950
105375623	0.0000	nan
157724	0.0000	nan
105375624	-0.3764	0.7550
11059	-0.3555	0.6643
51115	-0.0611	0.9155
8895	0.4834	0.6782
54714	15.8325	0.2722
107986895	0.0000	nan
168975	0.0000	nan
105375626	0.0000	nan
138009	0.0000	nan
105375628	0.0000	nan
4325	3.3674	0.3056
105375630	-0.8683	0.7017
105375629	0.0000	nan
105375631	-14.8498	0.2314
112268015	-3.1185	0.0235
101929709	-1.3362	0.0606
8767	0.3873	0.2875
734	-0.2773	0.7239
4683	0.3740	0.7239
1666	0.3180	0.5493
793	-0.6854	0.6983
100874052	0.0000	nan
107986955	0.0000	nan
101937451	0.0000	nan
169200	-1.0419	0.0810
102724670	-1.3725	0.2229
105375633	0.0000	nan
64168	0.1548	0.9001
105375635	0.0000	nan
105375634	0.4510	0.2337
100127983	-0.5955	0.0955
55529	-0.1773	0.8244
100506365	-0.8424	0.2663
51633	0.2004	0.8543
100130742	-1.3448	0.0584
100616245	0.0000	nan
115111	-0.3621	0.8197
105375637	0.0000	nan
862	-0.3401	0.6583
105375638	0.0000	nan
105375639	0.0000	nan
102724710	0.0000	nan
101926956	0.0000	nan
441369	-13.7201	0.2692
286144	-0.4010	0.5516
102467005	0.0000	nan
389676	-14.6755	0.4950
105375644	0.0000	nan
105375643	0.0000	nan
107986956	0.0000	nan
105375642	0.0000	nan
642924	-3.6087	0.0754
105375641	0.0000	nan
137392	-0.0911	0.7323
389677	-0.2784	0.7378
55472	-1.7675	0.1405
105375645	18.2433	0.2722
91147	-1.2963	0.0297
105375646	0.0000	nan
100616169	1.7460	0.4642
54704	-0.4094	0.6666
1015	-1.5352	0.3999
105375647	-18.3010	0.1083
105375648	0.0000	nan
2669	-1.0145	0.4107
107986896	-14.0120	0.4950
25788	0.7316	0.5414
100861412	0.3359	0.7211
25962	-0.2085	0.5806
101926977	-0.9650	0.3753
100288748	0.0000	nan
54845	0.0000	nan
286148	-0.2481	0.8129
55656	-0.1924	0.6265
9134	2.5658	0.2586
137682	-1.3825	0.0598
94241	-2.0930	0.0311
105375650	0.0000	nan
100500907	0.0000	nan
100422964	0.0000	nan
79666	0.0687	0.9394
619344	0.0000	nan
157657	-1.2057	0.0186
100616530	-16.9102	0.2728
100189248	0.3745	0.8659
107986957	0.0000	nan
100500773	-13.4608	0.4950
392255	-1.6693	0.4684
7381	0.2015	0.7379
101927039	-0.7977	0.5005
51001	-0.5180	0.3471
9791	-0.3553	0.4195
105375652	3.5354	0.3088
102724804	-13.8963	0.4950
105375653	0.0000	nan
6383	-0.5998	0.3210
10404	-1.8314	0.0031
101927066	-0.2715	0.8600
105375655	-1.1063	0.2654
85453	-0.2274	0.7050
109617016	0.0000	nan
105375657	0.0000	nan
92140	-0.2581	0.6749
55353	0.5688	0.4428
4147	2.1214	0.3310
6156	0.4237	0.5067
26775	1.2838	0.4983
203111	-1.1956	0.1506
10247	-0.3937	0.5405
10940	-0.1409	0.7412
105375660	-13.7984	0.4950
79815	-0.4129	0.5860
105375659	-1.2012	0.4975
107986870	-18.6987	0.0243
113218497	-19.4992	0.2262
3788	-0.0317	0.9661
6788	-0.4623	0.5654
112268016	-1.6248	0.2548
116039	-2.0746	0.1097
107986872	-1.5484	0.2675
105375666	-2.1718	0.0274
107986871	-1.4663	0.1007
157680	-1.5261	0.2230
693184	0.0000	nan
100126309	0.0000	nan
1345	0.7295	0.0300
26166	-0.8194	0.5073
109616982	0.0000	nan
286151	2.2862	0.3200
5440	0.2632	0.6661
6674	0.1255	0.8457
105375669	-0.5814	0.2586
105375668	-0.3343	0.7756
25897	-0.6053	0.3610
100616451	0.0000	nan
105375670	0.0000	nan
107986959	0.0000	nan
157567	-1.0553	0.0572
169166	-13.9623	0.3032
105375671	0.0000	nan
105375672	0.0000	nan
26986	0.9179	0.4321
102466854	1.6229	0.4318
105375673	-16.9893	0.0028
7534	1.6330	0.3640
401471	-14.7315	0.4950
441374	0.0000	nan
105375674	-1.0961	0.4079
105375675	-17.1414	0.3587
105375676	0.3739	0.8661
51123	-1.2953	0.0179
107984005	0.0000	nan
105375679	0.0000	nan
83955	1.3742	0.1553
105375680	0.0000	nan
107986897	0.0000	nan
107986961	18.1472	0.2722
107986962	0.0000	nan
79977	-11.8393	0.4950
83988	-0.4885	0.7180
107986963	0.7752	0.6544
104054148	3.6758	0.3078
100847001	0.0000	nan
50484	-1.9486	0.1077
101927221	-4.1583	0.0620
51366	-0.7419	0.2131
105375683	-2.8586	0.1789
107986898	1.1495	0.5493
105375684	17.5265	0.2722
4956	0.0000	nan
7071	-0.0881	0.8158
101927245	-0.2328	0.6187
105375686	-15.7689	0.4950
105375685	-16.6060	0.0333
401472	0.2072	0.7780
51582	-0.4715	0.4959
100506753	-0.0503	0.9400
528	0.0191	0.9801
379034	-14.4553	0.4950
157556	0.0000	nan
79870	2.3256	0.1477
100422992	-18.6276	0.4950
100499183	-0.3782	0.4421
105369147	-0.0249	0.9662
8323	0.6286	0.5562
109623480	0.7731	0.6821
115908	2.0843	0.1614
81034	-0.0889	0.8802
25879	0.8174	0.4050
105375690	2.3548	0.0673
9699	1.3357	0.2336
105375689	0.0000	nan
107984007	2.1862	0.4000
105375688	0.0000	nan
107986899	0.0000	nan
81501	0.0000	nan
1807	-17.0827	0.0173
105375692	-14.5768	0.2192
105375691	18.2008	0.2722
693127	-18.6120	0.4950
29967	-1.2130	0.0972
105375694	0.0000	nan
105375693	0.0000	nan
105375695	0.0000	nan
101927392	-17.7195	0.3086
23414	-1.9793	0.1168
105375696	-13.9784	0.3033
102723356	-18.5053	0.2692
55074	-1.5567	0.0601
105375700	0.1909	0.8124
137735	-14.5408	0.1082
105375701	-14.3874	0.4950
284	-0.8744	0.3769
105375703	0.0000	nan
340419	2.1960	0.3989
3646	0.6432	0.3417
105375704	-13.2184	0.4950
9694	-0.9506	0.0324
157753	0.3894	0.8175
102723368	0.0000	nan
101927413	0.0000	nan
107984017	0.0000	nan
7201	-13.6028	0.2692
84955	-0.6479	0.2888
56943	0.7062	0.2424
93035	2.3743	0.3644
9166	-0.1368	0.7766
55638	-1.4896	0.3003
100132813	-0.8633	0.4846
27012	14.4740	0.2722
101927459	0.0000	nan
101927487	0.0000	nan
107986965	0.0000	nan
105375705	0.0000	nan
107986964	0.0000	nan
105375706	0.0000	nan
105375707	16.3530	0.2722
114788	11.4362	0.2722
100302225	0.0000	nan
107986966	0.0000	nan
105375709	0.0000	nan
105375710	0.0000	nan
107986901	0.0000	nan
7227	-0.5299	0.2443
107986968	0.0000	nan
107986902	0.0000	nan
107986903	0.0000	nan
100859921	-15.0784	0.3862
102723447	-15.6946	0.4950
105375711	0.0164	0.9944
105375712	-15.5795	0.4950
8667	0.4304	0.4017
105375713	0.7180	0.6369
84294	-0.3495	0.6482
112268030	-1.4138	0.1662
5885	0.1512	0.8594
644660	-2.9414	0.0055
100500914	-4.1421	0.1469
441376	-8.4831	0.2812
105375715	-2.3384	0.4171
169026	-12.7654	0.2691
105375716	1.3385	0.5512
107986969	-11.7886	0.4950
105375719	0.0000	nan
105375717	0.0000	nan
90390	-0.1619	0.8445
105375721	-0.2696	0.8259
107986970	-1.4457	0.2267
2131	0.8071	0.2536
109623457	0.0000	nan
401474	-0.8237	0.3789
105375724	-0.6039	0.7676
552860	0.0000	nan
105375723	-0.9828	0.7378
4982	-1.7452	0.0864
10584	-0.7852	0.2377
101927513	-16.7063	0.4300
105375725	0.0000	nan
114569	-3.6583	0.1544
105375726	-16.1400	0.2280
102466162	0.0000	nan
4856	0.1847	0.7642
5168	-0.4435	0.6777
105375727	0.0000	nan
6873	0.1570	0.8634
105375728	0.0509	0.8942
79075	0.4841	0.6296
64798	-1.0950	0.3467
105375730	-2.4450	0.3334
7373	-2.7393	0.2252
28998	0.4741	0.5144
27085	1.0968	0.4833
6641	0.2445	0.6753
101927543	0.0000	nan
107986874	0.1377	0.9339
105375731	-15.4469	0.4950
107986971	0.0000	nan
3037	1.5846	0.4037
594842	0.0570	0.9606
105375732	-15.8541	0.3033
105375733	-0.9959	0.5424
105375734	-1.8438	0.1887
107986972	17.5254	0.2722
104266958	3.0276	0.3271
107986904	-15.3965	0.4950
22882	-0.3964	0.3534
79139	0.4545	0.6378
93594	-0.0909	0.7816
100189201	-19.5032	0.3032
84985	-13.6109	0.0502
100131726	0.0000	nan
100616260	0.0000	nan
84933	-0.7189	0.0686
100533106	-1.0592	0.0118
11244	-0.9871	0.3512
29028	0.8557	0.5221
100500863	-17.2401	0.4950
693130	-17.2401	0.4950
105375737	-0.6080	0.6077
55093	0.5760	0.0989
114907	-0.9950	0.4730
340359	-1.0865	0.5913
105375738	-13.7798	0.2192
312	-16.1625	0.2709
105375739	0.0000	nan
157769	-0.0469	0.9621
654463	-1.2320	0.3699
439941	0.0000	nan
157376	-16.3517	0.1971
101927588	-1.3674	0.1395
107986973	-17.3628	0.2326
157378	-0.1858	0.7890
55039	-0.7065	0.1832
101927612	-1.2082	0.0795
11236	-0.6993	0.3048
83940	0.4094	0.4541
102466200	2.7107	0.3521
4715	0.9254	0.3115
9788	-0.8741	0.4261
105375740	0.6773	0.0924
105375741	0.0000	nan
100616255	0.0000	nan
100616221	0.0000	nan
105375743	-12.6358	0.4950
105375742	0.0000	nan
157381	0.0000	nan
137209	-2.0776	0.0005
105375744	-15.1635	0.4950
6713	-0.6447	0.5691
9897	-0.0835	0.8111
286053	0.2216	0.7577
10221	0.4131	0.5404
105375746	-12.3739	0.4950
105375747	0.0000	nan
105375748	0.0000	nan
107986974	0.0000	nan
100130231	0.0000	nan
101927657	0.0000	nan
105375749	0.0000	nan
105375750	17.9188	0.2722
157638	-5.1669	0.0503
105375751	-0.4090	0.7190
105375753	0.0000	nan
100750225	0.0000	nan
103164619	0.0000	nan
101867536	-1.6098	0.1014
105375752	13.4319	0.2722
103021165	-15.4998	0.4950
100507056	-13.3917	0.4950
103021164	0.0000	nan
727677	-15.8481	0.2678
101805488	0.0000	nan
5462	-13.4384	0.4950
105375754	-13.6898	0.2219
100270680	-3.3082	0.0186
4609	-0.1653	0.8349
5820	-1.1990	0.1293
100302185	-2.1284	0.3057
641384	-16.1810	0.0389
100302161	0.0000	nan
100302170	-20.2794	0.4950
100302175	0.0000	nan
100302281	0.0000	nan
101927774	0.7843	0.5492
106144608	0.0000	nan
728724	0.0000	nan
137196	17.5342	0.1667
100500839	0.0000	nan
56169	1.0329	0.4432
51571	-0.4032	0.2413
100847051	0.0000	nan
50807	0.4782	0.7045
100507117	2.4692	0.2780
29065	-13.6368	0.4950
105375758	0.0000	nan
114	15.3260	0.2722
105375762	-15.0979	0.4950
105375761	0.0000	nan
105375760	-14.1162	0.4950
105375759	0.0000	nan
105375763	0.0000	nan
107986976	0.0641	0.9749
23167	-0.6330	0.4298
729330	0.0000	nan
10086	-13.2093	0.4950
3786	-0.8479	0.3436
107986977	16.8588	0.2722
105375765	0.0000	nan
93668	0.0000	nan
23639	-0.2855	0.3792
105375767	-17.2665	0.4950
137835	-0.9200	0.5935
51105	0.0720	0.9236
7038	-1.8141	0.1592
105375768	0.1376	0.9340
6503	-2.9194	0.2923
102466865	0.0000	nan
100302522	-12.4193	0.4950
105375769	1.7289	0.4315
8840	-2.8477	0.1497
102723635	-3.7985	0.2021
10397	-1.1283	0.0436
105375771	0.0000	nan
105375772	0.0000	nan
6482	-0.8523	0.2508
105375773	18.1087	0.2722
101927798	0.0000	nan
101927822	0.0000	nan
57623	-0.8248	0.0792
594840	-3.7765	0.0054
102723694	-0.9078	0.1197
407030	0.0000	nan
407033	0.0000	nan
552853	18.9096	0.2722
101927845	0.0000	nan
286094	0.0000	nan
101927872	-0.9326	0.4864
10656	-1.4916	0.2570
107986978	0.0000	nan
107986979	0.0000	nan
105375775	0.0000	nan
107986980	-17.3006	0.2678
107986905	-14.8514	0.4950
101927915	0.0000	nan
105375776	0.0000	nan
401478	0.0000	nan
51059	0.0000	nan
169044	0.0000	nan
51305	-17.5003	0.3217
105375777	-15.8485	0.4950
83696	-0.8660	0.0242
107986981	-15.3334	0.2542
105375781	-13.0958	0.4950
359809	-2.7019	0.1610
105375779	-0.9837	0.7376
105375782	0.0000	nan
54108	0.5766	0.4721
27161	0.1350	0.8802
107986982	0.5601	0.7629
5747	-0.8531	0.0684
442893	0.0000	nan
105375783	0.0000	nan
105375784	0.0000	nan
101927963	-0.3391	0.4904
22898	-1.4855	0.1994
105375785	-0.7618	0.2878
57210	-0.8703	0.0193
105375787	-17.5883	0.0056
731779	0.0000	nan
2843	-15.0724	0.3066
101928037	0.0000	nan
105375790	-14.3723	0.3065
11156	-3.4046	0.0138
389690	0.0000	nan
107983985	0.0000	nan
105375789	0.0000	nan
105375791	0.0000	nan
100302147	0.0000	nan
100616268	0.0000	nan
105375792	0.0000	nan
619434	0.0000	nan
203062	-1.3358	0.2006
107986983	0.0000	nan
575	-1.2391	0.2980
23237	-2.7029	0.1397
101928087	0.0000	nan
8629	-1.9006	0.0093
8000	-1.6392	0.3754
54742	0.4720	0.4764
100288181	0.2909	0.5730
51337	0.0726	0.9366
57152	0.0000	nan
137797	0.0000	nan
111188157	-5.0054	0.3072
432355	-14.6878	0.4950
66004	-4.7797	0.2646
8581	0.0000	nan
2765	0.0000	nan
1584	-12.0525	0.4950
1585	0.0000	nan
105375794	0.0000	nan
100133669	2.5495	0.3166
100128627	1.4409	0.0055
4061	0.2885	0.8242
286122	-1.7725	0.0002
105375795	-2.0602	0.0072
101928108	0.0000	nan
4062	-13.5652	0.4950
107986906	0.0000	nan
338328	0.0000	nan
286128	-1.9367	0.0075
2738	-1.6746	0.0373
100507316	-0.5955	0.4828
79943	-1.2440	0.0084
116447	0.1297	0.9068
78998	-16.5736	0.3365
114822	-17.5883	0.0852
107986984	-14.3064	0.3065
104326051	0.0000	nan
389692	0.0000	nan
23144	-1.9523	0.0453
109623485	0.0000	nan
79792	-0.0598	0.9524
100310756	0.1551	0.8222
642475	-2.3765	0.0313
93100	-0.9458	0.2979
1936	0.5326	0.6984
84948	-1.4202	0.0257
65263	-1.0993	0.1154
7264	0.2302	0.8155
105375798	-0.9072	0.2129
9831	-1.0258	0.0524
105375799	1.8797	0.3024
286075	-2.2095	0.0091
286076	-2.2143	0.1106
100130274	0.0000	nan
101928160	-0.6257	0.6983
225689	-15.1967	0.0056
286077	-0.9924	0.3681
100616318	-19.7078	0.2192
100128338	-0.8476	0.4293
105375800	0.0000	nan
642574	-14.2689	0.2192
23513	-1.8770	0.0367
100126338	-1.9028	0.0458
22827	-0.2623	0.7434
107986985	-1.1045	0.0170
340371	-0.6854	0.1305
102466748	-2.8699	0.0229
83481	-1.3897	0.6164
5339	-2.0461	0.1647
724031	-18.7362	0.4950
84875	-0.5617	0.5471
2907	-0.0846	0.9109
375686	-0.4882	0.3558
392275	-17.6104	0.0078
26873	-1.4282	0.0917
102465509	-17.9682	0.4950
54512	1.0012	0.3910
102465510	-21.3372	0.2354
8733	-1.4869	0.0234
1537	0.4227	0.6891
81858	0.2156	0.8103
84232	0.0674	0.9390
340390	-0.0352	0.9690
51236	0.1983	0.7209
727957	-0.8000	0.1880
23246	-0.4600	0.4962
102465906	-21.3160	0.1255
642658	-2.0385	0.0594
3297	-0.7696	0.2052
8694	-0.3317	0.2605
102465511	-1.5425	0.0772
83482	0.0624	0.9622
340393	0.2313	0.6027
26233	-0.9334	0.1049
79581	-0.3393	0.6498
101928902	0.0000	nan
203054	-1.0186	0.0131
29894	-1.0149	0.0397
100126351	0.1488	0.6755
100302196	0.0000	nan
102466749	-18.7492	0.2192
55630	-0.1606	0.6676
51160	-0.3279	0.5869
4796	-1.7611	0.1570
100287098	-1.7054	0.2380
102466271	-19.9373	0.1082
50626	-0.3723	0.6832
113218512	-18.0587	0.4950
90990	-2.7608	0.0014
8928	-2.4186	0.0045
84988	-1.3925	0.1333
101928953	-1.9104	0.0396
2875	-5.0034	0.0405
113655	-1.1206	0.1085
9401	-1.4230	0.2209
9684	-1.7482	0.0215
441381	-1.4265	0.0414
414919	-1.1789	0.1826
80728	-1.6188	0.0280
100996662	-1.9634	0.0830
90987	-1.4324	0.0025
107986986	-1.4643	0.0042
105375805	-3.7441	0.0082
80778	-0.4314	0.1756
6132	0.0601	0.9584
102465978	-19.9268	0.2192
340385	-1.7874	0.0213
100130027	-1.8699	0.0101
7553	-0.7995	0.1968
28991	-0.1531	0.8254
58500	-0.3061	0.4964
7564	-0.9015	0.1358
286101	-0.6061	0.0278
286102	0.2125	0.8538
286103	-18.2056	0.0126
65265	-0.3633	0.2828
100287596	-0.9438	0.3843
100287171	-2.0052	0.0034
107987041	-18.1270	0.1083
100422831	0.0000	nan
654835	0.3887	0.8607
101929127	-0.5264	0.6130
101929179	0.0000	nan
2298	-2.1887	0.3075
55871	0.1574	0.7099
105375942	0.7333	0.2734
105375943	-1.3900	0.6164
81704	-0.8896	0.5879
157983	-14.0488	0.4950
105375945	0.0000	nan
112268042	-12.7393	0.4950
23189	-1.6076	0.2026
105375947	0.0000	nan
107987042	-2.0594	0.2738
105375949	19.0073	0.1200
1761	0.0000	nan
58524	0.0000	nan
10655	-1.3872	0.5429
102800446	0.0000	nan
102723803	0.0000	nan
105375951	0.0000	nan
105375953	1.9737	0.4276
105375952	0.0000	nan
6595	-1.2570	0.0332
107987043	-0.8660	0.1455
105375955	0.0000	nan
101930053	-1.2331	0.4025
105375956	-17.1507	0.2256
101930048	-3.6847	0.1894
401491	-2.8630	0.1746
7436	-1.1589	0.3913
105375957	0.5707	0.6732
169522	-1.0763	0.5340
9933	-0.1231	0.6712
101929247	-14.6674	0.4950
105375959	14.9762	0.2722
5991	-0.6043	0.4253
101929302	-1.2241	0.1557
105375962	-14.0003	0.4950
169792	-0.5649	0.4752
84850	0.3260	0.7865
105375964	-14.0041	0.4950
107986989	-2.0620	0.0362
6505	-1.1897	0.3710
55064	-1.4705	0.0593
403313	-0.4105	0.1376
101929351	-2.6344	0.1520
55664	0.0927	0.8305
50808	-0.4200	0.5418
10171	-0.0480	0.8109
406894	18.9249	0.2722
3717	-0.9194	0.2664
11172	0.0000	nan
107987044	16.1327	0.2722
3641	14.6554	0.2722
6013	14.9161	0.2722
6019	0.0000	nan
55848	0.9331	0.0080
29126	1.2071	0.5082
80380	-0.9582	0.5566
57589	-1.2200	0.1603
79956	-0.4265	0.6782
158358	-0.6320	0.4204
2315	-1.0888	0.4756
100616288	-0.7117	0.6370
26953	0.0275	0.9797
90865	-17.3481	0.2845
107987046	-1.5356	0.2036
89882	0.0000	nan
115426	-1.5196	0.0263
2731	1.0437	0.1924
105375968	-16.9796	0.2261
23081	-0.9477	0.0107
105375969	-13.4218	0.4950
105375970	0.0000	nan
102723994	-14.8483	0.3065
90871	-0.0361	0.9386
105375971	15.9837	0.2722
5789	-2.6397	0.4347
101929407	-14.4586	0.4950
105375972	0.0000	nan
101929428	0.0000	nan
102724027	0.0000	nan
105375974	0.0000	nan
105375975	0.0000	nan
101929446	0.0000	nan
105375976	0.0000	nan
7306	-13.3706	0.4950
101929467	-0.8068	0.5034
286343	-1.1821	0.1320
106635615	-21.1482	0.0527
107987047	0.5337	0.7233
8777	-1.0558	0.0820
401492	-0.1070	0.9506
105375977	-2.8560	0.2790
101929507	-15.1781	0.4628
100113404	0.0000	nan
4781	-0.5708	0.5130
100009607	0.0000	nan
340481	-0.9491	0.5359
9350	-12.5153	0.4950
158326	-1.7864	0.3002
105375979	0.0000	nan
105375980	-1.4581	0.4106
389705	0.3127	0.7362
105375981	-0.0966	0.8782
158219	-0.2335	0.6792
6619	0.5695	0.6555
11168	-0.1729	0.6108
107987048	0.0000	nan
203238	-0.4668	0.2528
107987049	0.0000	nan
100129385	4.0233	0.2980
54796	-0.5762	0.3781
111216284	-0.0810	0.8607
105375983	-0.0800	0.9526
54875	-0.1550	0.8204
107987051	16.2061	0.2722
6456	1.9727	0.4277
105375987	0.0000	nan
92949	-1.4431	0.1192
107986990	13.3969	0.2722
105369293	1.8101	0.1101
100422869	0.0000	nan
102724102	-1.2712	0.1184
105375985	1.1913	0.5086
158297	-0.4451	0.6174
10670	1.0443	0.4416
54801	0.0902	0.9301
677776	-19.9253	0.0370
123	0.6713	0.3051
55667	-0.6611	0.4402
6194	0.4767	0.6515
340485	-0.3829	0.5354
105375988	15.6621	0.2722
25769	-13.7008	0.4389
4300	-0.2379	0.7482
100616229	0.0000	nan
100616441	0.0000	nan
107987052	0.0000	nan
54914	-0.5697	0.4821
101929548	-0.1078	0.9590
574444	-20.3854	0.0078
109616992	0.0000	nan
401494	-0.3570	0.8070
105375989	0.3735	0.7977
3456	-15.4998	0.4950
3467	-16.4867	0.4950
3452	0.0000	nan
3441	0.0000	nan
3444	0.0000	nan
3446	0.0000	nan
3449	0.0000	nan
3451	0.0000	nan
3448	0.0000	nan
107987053	-13.7186	0.4950
3453	-14.1004	0.4950
3442	0.0000	nan
55958	-0.2538	0.6815
3443	0.0000	nan
3447	-0.7488	0.5130
3440	0.0000	nan
3445	-16.8184	0.1891
3439	-2.4622	0.1851
554202	-1.1186	0.1385
338376	-1.0361	0.3958
407035	0.0000	nan
107987026	0.0000	nan
4507	-0.5088	0.2267
51198	-0.6453	0.5630
1029	-0.1160	0.7667
100048912	-0.8474	0.2913
1030	-1.3113	0.1998
63951	-3.0384	0.1867
441389	0.2798	0.8373
107987054	0.0000	nan
105375990	14.6117	0.2722
107987055	0.0000	nan
105369298	0.0000	nan
101929563	0.0000	nan
1993	3.2411	0.0312
105375992	0.0000	nan
105375993	0.0000	nan
105375994	0.0000	nan
100129669	0.0000	nan
107987056	0.0000	nan
105375996	0.0000	nan
105375997	13.9294	0.2722
286319	-1.5752	0.0287
101929582	-14.9396	0.4950
100506422	16.5825	0.0079
107987027	0.0000	nan
105375999	0.0000	nan
105369289	0.0000	nan
105376000	-1.5024	0.2523
107987028	-16.6218	0.2753
79886	-0.3406	0.5465
9373	-0.2077	0.6639
80173	-0.6282	0.1228
101929602	0.0000	nan
64922	-0.5394	0.6749
7010	-2.0064	0.2069
158035	0.0000	nan
54586	-12.7802	0.4950
79817	-1.0790	0.3751
105376001	-12.1844	0.4950
56832	2.1863	0.4000
112268043	-0.2383	0.8511
107987057	-1.4536	0.1529
203228	0.2256	0.8517
105376002	0.0000	nan
158038	3.4858	0.1242
105376004	0.0000	nan
105376003	12.3292	0.2722
100126310	0.0000	nan
100126316	0.0000	nan
105376005	0.0000	nan
401497	0.0000	nan
107987029	0.0000	nan
105376009	0.0000	nan
101929620	-14.3462	0.4950
105376010	0.0000	nan
105376013	0.0000	nan
105376011	0.0000	nan
107987059	0.0000	nan
48	-0.0672	0.7298
23586	0.2620	0.7902
10210	0.0175	0.8627
100129250	-1.6923	0.0057
4712	-0.1043	0.8663
105376015	0.0000	nan
138474	-2.3662	0.0274
105376017	0.0000	nan
105376016	0.0000	nan
401498	0.0000	nan
107987060	-14.8719	0.2192
54840	0.1733	0.2608
3301	0.2725	0.6521
55234	-0.1016	0.4854
113219452	-19.0029	0.4950
2683	0.0436	0.9373
101929639	-2.1290	0.0770
27290	-15.2351	0.4950
573	-0.4976	0.2684
51510	-0.3332	0.4167
4799	-0.1101	0.7013
105376018	-0.3042	0.1923
364	-0.7464	0.6559
105376020	0.0000	nan
360	0.0458	0.9630
65083	-0.5794	0.0679
102465512	-17.8090	0.4950
107987061	-0.4594	0.7225
441394	-1.0457	0.1170
441459	3.8840	0.3005
6962	0.0000	nan
304	1.9121	0.2534
6959	0.0000	nan
246283	0.0000	nan
28552	0.0000	nan
6961	0.0000	nan
6960	0.0000	nan
11191	-0.8892	0.2335
101243555	1.3737	0.5425
246286	0.0000	nan
246285	17.1601	0.2722
101929688	0.3689	0.4414
5646	-0.5498	0.6409
6958	-15.4609	0.4950
54926	0.1414	0.6621
55833	0.6762	0.5076
101340252	-19.3796	0.3065
100113379	0.7460	0.7314
25853	-0.4063	0.3984
51271	-0.5101	0.2577
114224	17.5634	0.1719
347240	0.6011	0.0410
318	0.0144	0.9732
57462	-0.7892	0.6233
84688	-0.2217	0.8493
203259	-0.9268	0.0097
27019	-14.8324	0.2372
375704	-16.6829	0.2729
1271	0.0000	nan
415056	0.0000	nan
105376023	-13.0144	0.4950
138716	-0.0791	0.8935
11258	0.9059	0.0035
138715	-0.5163	0.4867
10280	0.3085	0.4157
2592	-0.8141	0.0775
3590	-0.7207	0.3054
10850	-0.0149	0.9900
730098	-1.8459	0.0461
107987063	-2.4136	0.0382
6363	-14.4594	0.4950
6366	-15.0855	0.4950
259308	-1.1597	0.4433
23349	-0.8762	0.5945
389715	-1.7117	0.3514
100129969	0.1260	0.9561
101926900	-16.1446	0.3033
25822	-0.4624	0.1174
105376025	-2.5858	0.1819
138724	-16.3257	0.2213
7415	0.0030	0.9938
2189	-0.2333	0.5433
84720	-0.4066	0.2292
30968	0.9073	0.4054
80256	-0.4269	0.4096
10497	-0.5398	0.4120
158381	1.1973	0.5060
9853	-1.4797	0.0585
105376026	0.3413	0.6892
730112	0.4818	0.4747
7016	-0.5702	0.1101
100616214	0.9557	0.5947
971	0.3176	0.7455
101926948	-0.8429	0.2423
27240	2.3536	0.3820
6023	-4.1675	0.0077
203260	-0.8367	0.1106
84904	-0.6635	0.0946
768	-16.1627	0.0370
7169	0.8765	0.1501
7094	-0.6867	0.2621
102465513	-1.4331	0.0281
10488	0.2591	0.6262
102466201	0.0000	nan
57704	-1.6764	0.0127
9827	-0.8740	0.0230
692094	-1.1550	0.0120
4882	-1.7646	0.0956
26206	-0.3529	0.2536
84681	0.2310	0.7962
392307	-12.6456	0.4950
51754	-1.9059	0.0567
392309	-14.0003	0.4950
646962	0.3704	0.7579
158376	-0.2687	0.8568
56656	-2.7555	0.3104
8434	-1.1983	0.2149
152007	0.2899	0.4191
881	-0.6756	0.2641
1211	0.4647	0.6336
10020	-1.1856	0.2467
102724322	-1.0818	0.3377
152006	-0.4975	0.5175
9833	2.3384	0.3159
105376030	0.0000	nan
100616289	0.0000	nan
5079	16.0858	0.2722
100616278	0.0000	nan
100616456	0.0000	nan
105376032	0.0000	nan
105376031	0.0000	nan
100506710	-0.5306	0.4877
105376034	-15.6538	0.1132
84186	0.6264	0.1408
105376033	0.4647	0.0649
105376035	-17.0465	0.0002
105376036	-14.0443	0.4950
9380	0.0620	0.9362
9925	-0.9482	0.0201
64425	0.7561	0.1632
26267	-0.5926	0.0831
401505	0.2158	0.5740
22844	-2.3860	0.5109
158234	-0.7340	0.0910
51010	0.0561	0.9203
105376037	-0.0420	0.9353
79269	-0.0994	0.9046
92014	-0.5631	0.1170
6461	-0.4955	0.4834
105376039	-0.5428	0.6694
107987064	0.0000	nan
107987065	-15.2858	0.2691
105376040	-16.9126	0.2192
219	-0.8243	0.2309
347252	-0.2709	0.7186
105376041	-0.9885	0.4396
105376042	0.2548	0.9013
100289137	0.0000	nan
253650	0.9587	0.6601
158228	0.0000	nan
105376043	0.0000	nan
105376044	0.0000	nan
101927042	0.0000	nan
79937	1.5127	0.4664
105376045	0.0000	nan
647060	0.0000	nan
401507	0.0000	nan
401509	-0.6599	0.3684
105376046	0.0000	nan
389741	-0.4866	0.4890
654466	-1.9196	0.0108
554249	-1.6901	0.0143
105376050	-1.1422	0.1307
107986992	0.0163	0.9944
107986991	-0.2971	0.7461
112268033	0.0000	nan
112268034	0.0000	nan
102724431	14.6140	0.2722
105369249	0.0000	nan
441430	-1.0275	0.5013
100133036	-15.9687	0.2423
100132541	-15.5215	0.3066
107986995	0.0000	nan
101929959	-0.1090	0.8986
102724580	0.2247	0.8122
107984006	0.8136	0.6088
107986993	0.0000	nan
100132004	18.4178	0.2722
100302167	-17.4651	0.4950
107986997	-1.1909	0.1006
100132352	-1.2790	0.0055
595135	-1.2318	0.2317
105376058	0.7237	0.5327
440896	2.7102	0.3521
653404	-1.7459	0.1243
644019	0.1478	0.5816
107986998	0.3712	0.6787
100616184	1.1181	0.4086
107984035	-1.4697	0.0527
112268035	-2.2899	0.0432
105376065	-17.6674	0.0297
101928906	-3.0307	0.0318
100289124	-2.3888	0.0868
105376064	0.0000	nan
107987000	-1.3445	0.3337
105376063	-1.9394	0.2553
728577	0.4760	0.7270
389730	0.0000	nan
100996582	16.3426	0.2722
112268036	0.0000	nan
103908605	0.2192	0.7621
101927827	13.9321	0.2722
105500239	0.0000	nan
102724818	0.0000	nan
112268044	0.0000	nan
105376067	0.0000	nan
102724904	1.7109	0.4705
105379434	0.0000	nan
727905	0.0000	nan
107987066	13.2719	0.2722
653123	0.0000	nan
107984126	-0.6612	0.4376
105379249	0.0000	nan
26165	0.0000	nan
401508	0.0000	nan
105379435	0.0000	nan
100289279	15.3713	0.2722
105379437	-14.3771	0.2754
100132948	-1.1302	0.0594
107987001	-0.8647	0.4734
105379807	0.5001	0.5883
102723678	0.8422	0.1415
105379438	0.0000	nan
107987007	-1.0327	0.5948
107987010	-15.7917	0.2192
101930026	0.2959	0.8232
107987008	16.5127	0.2722
105379439	0.0000	nan
105379263	-1.3015	0.3045
102724238	-1.9693	0.0086
387628	-1.1549	0.1374
643648	15.3951	0.2722
103908604	2.1376	0.3071
103352539	1.0362	0.4790
100132249	-0.6166	0.7952
442421	-2.2419	0.2319
403323	-1.4862	0.5916
728673	-0.8273	0.5206
107987006	-0.4599	0.7221
107987004	-1.2941	0.4383
107987003	-0.9365	0.5222
286297	0.7109	0.7437
105379814	4.0680	0.2983
375719	-14.0587	0.3032
100996643	0.3697	0.4627
105379442	-14.7407	0.3033
107987009	-15.7936	0.4950
105379255	-16.6149	0.3066
203274	0.7579	0.4071
100616194	0.3238	0.8232
642236	-0.6904	0.1233
644316	17.3211	0.2722
110006327	-3.8088	0.2560
728747	-1.8093	0.3792
105379257	0.0000	nan
101929583	-14.7407	0.4950
107987067	-16.0837	0.3066
107987068	-14.1256	0.2192
100132154	2.6126	0.0963
102724507	3.3311	0.3194
105379443	1.7112	0.4704
112268045	-14.5023	0.4950
653427	-3.4275	0.2565
105379444	-0.7836	0.4095
107987069	16.1267	0.2722
105379445	14.9597	0.2722
105379446	0.0000	nan
105379447	0.0000	nan
105379251	2.1272	0.0048
220869	0.2155	0.5776
105379250	0.1571	0.8165
349334	-1.2438	0.6164
101928381	-0.9835	0.7376
107987071	-2.2920	0.2734
101928195	1.7104	0.4706
441432	-0.9845	0.2966
112267859	-13.0358	0.2192
105379252	-15.9687	0.2423
441425	-0.7687	0.5692
642929	0.1307	0.9396
107987072	-1.2487	0.1079
107987073	-0.3298	0.7970
105379448	1.1433	0.2944
26149	-1.2333	0.0556
728495	0.0000	nan
727830	0.0000	nan
105379450	0.0000	nan
643827	0.1902	0.9042
101927602	0.0000	nan
105379451	0.0000	nan
105379452	0.0000	nan
107987074	-16.1724	0.2754
105379453	0.0000	nan
107987075	-17.9807	0.3138
102723709	0.7286	0.6695
100131997	-0.5851	0.5534
100133121	-0.7043	0.3367
107987076	0.2902	0.8350
101928608	0.9737	0.6553
84210	-2.3315	0.3379
445571	0.2680	0.3463
286380	-1.6084	0.2141
107987077	0.0000	nan
101929800	0.0000	nan
102723624	0.1494	0.9278
572558	-14.2645	0.4950
5239	-0.2790	0.8019
105376070	-3.1122	0.0170
169693	0.0000	nan
105376072	0.0000	nan
101927015	0.0000	nan
105376071	0.0000	nan
8395	-1.6885	0.4456
116224	-0.6563	0.2569
101927069	0.0000	nan
5568	0.0000	nan
2395	-0.1045	0.5894
9414	1.9638	0.2569
100885775	18.2895	0.2722
9413	-0.6534	0.7626
105376074	3.1860	0.3254
320	-0.7783	0.0938
375743	0.3313	0.7892
105376076	14.8609	0.2722
494558	0.0000	nan
138255	0.0000	nan
256691	-0.4027	0.5504
100507244	-2.0998	0.4003
100507299	-0.1759	0.8761
23137	0.0134	0.9885
687	-1.4668	0.1529
101927086	-1.1982	0.1781
105376079	0.0000	nan
80036	-1.4819	0.6377
107984011	-1.2974	0.2754
105376078	-11.5987	0.4950
406987	0.0000	nan
107987078	-12.0041	0.4950
107987079	18.1891	0.2722
23670	-1.5904	0.0219
51104	0.2450	0.8353
138241	0.2289	0.7832
101927108	16.6453	0.2722
138240	0.0000	nan
9615	14.8485	0.2722
100507540	0.3481	0.8176
7763	-0.9073	0.2040
105376080	-14.1857	0.4950
117531	0.4171	0.7001
101927234	-17.7781	0.0754
101927191	0.2841	0.8378
101927258	0.0000	nan
216	1.3787	0.5086
105376081	0.0000	nan
301	0.4779	0.5387
105376082	0.0000	nan
101927281	0.0000	nan
105376084	0.0000	nan
105376083	17.3731	0.2722
102723850	-13.8647	0.4950
105376085	0.0000	nan
105376086	0.0000	nan
101927329	0.0000	nan
105376087	0.0000	nan
101927358	0.0000	nan
103752585	0.0000	nan
6096	-0.6618	0.5467
105376088	-14.7426	0.4950
140803	0.0040	0.9974
55071	-0.2581	0.7386
101927380	0.0106	0.9928
138199	0.3854	0.7431
54981	-0.6912	0.0793
26578	0.1432	0.7646
105376090	0.7186	0.6610
107987080	-12.6991	0.3033
105376091	0.0000	nan
5125	-1.4994	0.0102
55312	0.3121	0.7279
653162	0.1740	0.8767
2650	-0.6278	0.4974
105376093	-2.4999	0.2705
105376095	-2.1123	0.2497
158471	-1.6232	0.3946
50652	-14.7512	0.2728
442425	0.0000	nan
105376096	0.0000	nan
100286938	-0.3423	0.7503
23230	-1.0184	0.2646
9630	-4.0837	0.4730
101927422	-15.7550	0.4950
2776	-0.6574	0.4683
107987081	0.4900	0.2517
107987031	-15.9083	0.4950
84131	-0.2417	0.8016
29968	-1.2286	0.4289
107987083	-14.0307	0.3642
105376097	0.0000	nan
101927450	0.0000	nan
102723932	-13.8673	0.4950
7091	-0.5649	0.2773
101927477	0.0000	nan
105376101	15.7340	0.2722
105376100	0.0000	nan
105376099	0.0000	nan
105376103	0.0000	nan
107987084	0.0000	nan
105376105	0.0000	nan
107987085	0.0000	nan
7088	0.4269	0.2234
105376106	-0.3524	0.1818
101927502	0.8596	0.6278
105376108	0.0000	nan
347127	-11.5926	0.4950
389761	0.0000	nan
389762	0.0000	nan
105376107	-0.0687	0.9561
389763	-11.5405	0.4950
112268046	0.0000	nan
107987086	-15.4505	0.2192
107987087	16.4617	0.2722
105376110	0.0000	nan
158158	-0.4927	0.7454
112268037	0.2447	0.8770
102723989	1.5996	0.4697
257019	1.4877	0.4592
414328	-0.0249	0.9267
29979	-0.3467	0.5434
105376114	-0.0406	0.9130
80318	-1.2371	0.0742
101927552	-3.1721	0.0515
55582	-1.5424	0.0464
105376335	-0.7838	0.4093
84267	0.6988	0.3610
3190	-0.3478	0.4452
407043	-1.6863	0.1226
80010	0.1222	0.8656
101927575	1.9391	0.4327
64078	0.7336	0.1759
105376116	1.2199	0.5325
102724036	2.2641	0.3913
4915	-3.4920	0.1856
105376118	0.0000	nan
107987088	0.0000	nan
105376119	0.0000	nan
105376121	0.0000	nan
101927603	1.7501	0.0369
23287	-0.2887	0.6508
102724057	-4.1138	0.0071
389765	-1.4681	0.1036
60560	-0.3957	0.4053
51280	0.1091	0.8216
101927623	-15.4056	0.2315
389766	-14.4804	0.4950
81689	-0.2041	0.5273
79670	-0.4599	0.4340
102724080	-14.5153	0.4950
105376123	-17.3446	0.2263
105376124	-14.4123	0.2754
2619	-1.4725	0.1125
100506834	-2.3827	0.0965
440173	-2.8053	0.0613
494127	0.0000	nan
401535	-0.6573	0.6005
105376126	-3.5010	0.1908
107987090	-14.7026	0.3065
105376127	0.0000	nan
1612	-4.0883	0.0305
100506897	0.0000	nan
1514	0.1338	0.7973
392360	-1.9472	0.3712
112267903	0.0000	nan
1518	0.0000	nan
392364	-15.2263	0.4950
107987091	4.7129	0.2881
497256	0.0000	nan
286234	-13.5704	0.3065
441452	1.4539	0.1934
23552	-1.5026	0.0022
105376131	-18.4686	0.2262
102724156	1.7345	0.4347
645961	0.0000	nan
10927	-0.0909	0.9206
105376134	-4.2981	0.0185
158046	-2.1275	0.1037
286238	16.3555	0.2722
105376135	0.0000	nan
100423015	0.0000	nan
286223	-1.0121	0.5577
1903	-0.0029	0.9981
53358	0.9207	0.5242
105376136	-18.8324	0.0078
1164	1.5280	0.0799
100422936	-17.4825	0.4950
79048	-0.8240	0.0030
10507	-1.8893	0.2573
105376137	0.0000	nan
105376139	-3.5069	0.0392
10912	-2.0896	0.2445
100129066	0.0000	nan
102724237	14.7417	0.2722
105376140	0.0000	nan
107987032	0.0000	nan
101927823	0.0000	nan
101927847	0.0000	nan
286370	0.0000	nan
100422963	0.0000	nan
105376142	0.0000	nan
101927873	0.0321	0.9797
340515	-12.8951	0.4950
54769	-3.3229	0.1871
6850	-13.2493	0.3066
105379829	-13.9997	0.3066
105376143	12.8506	0.2722
100507103	0.6484	0.6083
105376144	-13.9364	0.4950
100129316	-1.2716	0.4730
100129347	-18.2823	0.0712
549	-0.5138	0.2747
4783	0.1495	0.8596
105376146	1.9681	0.3686
100500821	0.0000	nan
100500902	0.0000	nan
105376147	-15.9186	0.2986
4920	-0.9289	0.4637
101927935	2.3337	0.3722
105376148	0.0000	nan
107987094	-15.3669	0.3033
10558	-0.7172	0.0778
100128076	-16.7962	0.2753
158314	-3.6832	0.2259
112268047	-2.0913	0.0795
138652	0.0000	nan
112268048	0.1963	0.8766
3376	-0.1743	0.7985
100500918	1.1857	0.4551
100124534	1.1864	0.4548
55035	0.1647	0.7130
401541	0.1747	0.7776
4969	-1.2015	0.3853
4958	-4.0379	0.0230
54829	-2.8686	0.2437
1842	-3.6153	0.0466
100616351	0.0000	nan
64768	-0.3107	0.2563
100128361	-0.5091	0.3410
107987095	-0.4472	0.2596
23299	-0.7597	0.3712
101929748	-16.2882	0.2729
138649	-0.9465	0.1600
83744	-0.6797	0.1008
642943	0.0000	nan
89846	0.7459	0.7314
101927954	0.0000	nan
203328	3.4252	0.2955
101927993	14.8116	0.2722
84270	-0.3157	0.5121
4814	-1.3256	0.1041
65268	3.5574	0.3113
445577	-1.3630	0.0997
107987097	-1.0161	0.2348
158293	-0.3315	0.2400
23196	1.2017	0.4472
5253	-1.8794	0.0039
100847045	0.0000	nan
107987098	-4.0103	0.0212
100422927	0.0000	nan
101928014	0.0000	nan
56033	-14.2967	0.2192
101928040	0.0000	nan
138639	-0.5838	0.1369
107987099	-12.6870	0.4950
406881	-18.5533	0.4950
406888	-21.2736	0.1002
158257	-2.3548	0.0444
406886	-5.0848	0.0610
169841	-1.1367	0.0167
105376154	-0.3876	0.4389
54754	-2.7831	0.1633
100132077	-0.4263	0.7288
84641	-0.4075	0.4548
107987100	17.4615	0.0800
101928099	-0.6246	0.6855
8789	1.2931	0.2610
2203	-19.6054	0.2414
107987101	-16.6324	0.3051
84909	-0.4617	0.1177
100313780	0.0000	nan
101928119	-0.5201	0.0238
102466518	-19.8726	0.3862
407011	-21.7255	0.0169
407019	-3.6371	0.0144
100422842	-3.3704	0.0094
407012	-3.1346	0.0296
2176	-0.6203	0.1735
107987102	-1.2141	0.2169
105376155	0.0000	nan
105376156	3.0594	0.3265
5727	-1.3909	0.0247
100507346	-1.5851	0.0555
105376157	0.0000	nan
105376158	0.0000	nan
112268049	-16.4470	0.0056
105376161	-13.6793	0.0502
100128782	-0.4157	0.1401
107987103	-16.4510	0.0524
375748	-0.3129	0.6412
100188953	-14.0448	0.4950
105376159	-1.1915	0.2183
158435	0.0000	nan
158434	17.8506	0.2722
112268039	0.0000	nan
107987033	15.5599	0.2722
3293	1.5577	0.3911
105376162	0.0000	nan
11046	-0.3581	0.5183
195828	2.1899	0.3419
22927	-0.4062	0.1828
8555	-1.7989	0.0134
105376163	-1.2941	0.4384
195827	-0.4178	0.4138
441455	-15.3603	0.1083
22869	-0.6117	0.0572
158431	-0.6986	0.3608
100132781	-13.7957	0.2192
441454	0.1799	0.8842
84278	-0.7215	0.2193
441457	-2.6883	0.1241
1515	1.4785	0.0017
340508	0.0000	nan
107987104	-12.1593	0.4950
100507415	0.1687	0.8869
105376166	15.7995	0.0017
112268050	-0.5902	0.7162
101926917	-0.5363	0.0439
57653	-0.7824	0.0700
100499484	0.8955	0.4494
100499483	-1.0676	0.0578
100302223	-19.0459	0.1082
286359	0.0000	nan
105376167	0.0000	nan
23424	-0.2327	0.7142
7111	-1.7824	0.1404
105376168	0.0000	nan
158427	-1.6602	0.0114
4686	0.3651	0.6287
105376171	-1.4642	0.5080
7507	-0.2597	0.0424
101928337	-0.4548	0.8002
2304	-3.4443	0.2675
112268051	-2.3915	0.2846
51531	0.0553	0.8832
55363	0.0000	nan
10541	0.4086	0.4621
54187	0.7511	0.4819
9830	0.9843	0.0231
7464	-0.1361	0.8747
55357	-0.5056	0.3173
102465514	0.0000	nan
9568	-2.6430	0.4331
203286	-1.2684	0.0212
79695	-1.6815	0.1918
102724684	-15.2505	0.2192
1306	-2.4903	0.0918
7046	-2.0430	0.2085
105376174	-17.7526	0.0823
85365	-0.4226	0.1415
10952	-0.7000	0.1383
100996569	-15.9207	0.1081
107987011	2.0503	0.3926
107987012	-12.7015	0.4950
101928438	3.2180	0.3176
8013	0.6465	0.5802
441461	1.6915	0.4375
55014	-0.8653	0.1542
23071	-0.5484	0.0428
105376176	0.0000	nan
27130	-0.6783	0.1618
54881	-0.7720	0.0039
105376177	-0.6039	0.1320
91283	-0.0306	0.8441
100526694	-0.6443	0.5393
8577	-1.6632	0.4794
347273	-2.1228	0.4430
105376179	0.0000	nan
105376180	0.0000	nan
105376181	0.0000	nan
54886	17.9604	0.2722
105376183	0.0000	nan
105376182	0.0000	nan
570	0.7225	0.6826
54534	-0.4087	0.0261
7743	-1.3610	0.0078
229	-15.5371	0.0078
105376184	0.0000	nan
101928470	0.9456	0.5738
84302	-0.1444	0.8437
56254	-0.2540	0.0606
116443	-5.9373	0.4548
5535	-17.3802	0.4628
105376186	-17.9318	0.4379
105376187	-13.9213	0.4950
105376188	-17.4825	0.4529
105376190	0.0000	nan
414319	0.0000	nan
1539	17.1591	0.2722
105376191	0.0000	nan
101928496	3.5584	0.3114
105376192	0.0000	nan
105376193	0.0000	nan
101928523	0.0000	nan
101928550	0.0000	nan
10592	1.7063	0.3968
105376194	16.9692	0.2722
105376195	0.0000	nan
138805	0.0000	nan
138804	0.0000	nan
138803	0.0000	nan
138802	0.0000	nan
138799	-13.9376	0.4950
392376	-16.9736	0.1898
286362	-15.3104	0.4950
107987105	-14.0519	0.4950
286365	0.0000	nan
25934	0.4728	0.5056
55335	-1.1520	0.1702
19	-0.2850	0.5244
105376196	1.3992	0.1987
107987106	-14.0736	0.3066
105376197	0.0000	nan
112268038	1.8925	0.4161
23446	-0.7228	0.3171
83856	0.0095	0.9933
26134	-0.6445	0.4406
105376199	-2.1479	0.1564
2218	-0.0207	0.9830
6887	-18.0740	0.0150
55151	0.5796	0.5274
107987107	-15.5620	0.2192
107987108	0.0000	nan
107987109	18.1922	0.2722
105376201	14.6529	0.2722
102465995	0.0000	nan
100996590	0.0000	nan
105376204	-4.3860	0.2154
58499	-1.1388	0.1885
340512	-13.7222	0.4950
107987110	-18.2085	0.3879
112268052	-0.7770	0.0699
5887	-1.1149	0.0006
107987111	0.0000	nan
101928720	-1.6688	0.1495
9314	-1.4318	0.0933
112268053	0.0000	nan
105376206	-15.1332	0.2192
105376205	-1.2196	0.5351
105376207	0.0000	nan
105376208	-0.1726	0.8911
105376209	-16.0599	0.1691
105376211	-15.0041	0.4950
107987112	-15.4010	0.1663
105376214	-16.2492	0.0788
105376213	0.0000	nan
105376212	0.0000	nan
10880	-13.4249	0.4950
10881	-14.6702	0.4950
8518	-0.4408	0.3323
54942	-0.4206	0.4192
8727	-0.5586	0.3339
105376216	-1.3406	0.5411
23731	-0.8519	0.4298
407036	0.0000	nan
23732	-4.6267	0.4604
54566	-0.9387	0.6761
107987113	-1.0320	0.6081
5774	0.5441	0.5898
100500898	0.0000	nan
445815	0.7488	0.4186
107987013	18.3295	0.2722
105376217	-2.2523	0.1897
100189025	-19.8636	0.2261
401546	-16.3978	0.0000
7295	0.8348	0.2299
107987114	16.9753	0.2722
255220	-15.0053	0.3066
79987	-3.2751	0.0622
105376218	-3.7737	0.3173
4593	1.9856	0.2349
107987115	-14.8634	0.0502
1902	1.2263	0.2617
105376219	0.0000	nan
102465800	0.0000	nan
26248	-13.4522	0.4950
23392	-0.0043	0.9854
158399	-1.7942	0.1709
22949	0.6728	0.1555
652972	0.0000	nan
107987116	2.2602	0.2631
552891	0.3290	0.7148
548645	0.2445	0.6951
2790	0.3324	0.7144
158401	1.2111	0.2371
7357	-0.1380	0.8572
100616114	-20.6441	0.0056
105376220	-0.7098	0.4329
64420	-1.5561	0.3459
9991	0.2622	0.7974
84263	0.4842	0.5073
100133204	-0.0880	0.6887
158405	0.7203	0.6424
58493	0.1663	0.8200
107987117	0.0000	nan
401548	-0.7369	0.0698
107987118	-0.3028	0.6659
57864	-0.8449	0.1972
112268054	2.0535	0.0424
169834	0.3793	0.4786
7539	-1.7552	0.0529
100128385	0.2599	0.8817
286333	0.2818	0.8770
1318	-1.0222	0.0657
23307	-0.4776	0.0473
1317	0.4746	0.5779
107987119	-3.1699	0.0326
246184	0.1571	0.8085
9128	0.1574	0.6854
138065	-0.8510	0.6352
114987	-1.1007	0.1325
54836	16.0276	0.2722
81932	-1.4426	0.1004
210	-0.7630	0.1437
54107	0.5211	0.4659
257169	-1.2239	0.1802
5998	-0.8323	0.3094
105376222	-1.7227	0.0675
105376223	-0.0873	0.9518
114991	-0.6326	0.2287
259	1.0478	0.4554
107987120	0.0000	nan
113220	17.2567	0.2722
105376225	-15.1386	0.3066
85301	-3.6016	0.0592
619556	-17.2552	0.4950
105376224	-3.7793	0.0364
5004	0.0000	nan
5005	-14.1191	0.4950
80709	-1.1700	0.3134
25861	-2.4261	0.0050
105376228	-13.5044	0.4950
105376229	0.0000	nan
9550	-0.3113	0.4534
203197	-0.4007	0.5646
105376230	-15.0017	0.4950
107987121	-1.9846	0.0417
100505478	-15.3496	0.2261
105376231	1.1302	0.5608
9966	-0.3203	0.8169
944	-0.9195	0.5438
3371	-2.8598	0.2235
101928748	-18.6535	0.4486
50514	-3.2522	0.1404
105376233	-20.0400	0.4065
105376232	-15.4146	0.3586
105376235	-1.5228	0.0661
101928775	-16.8333	0.2691
105376234	-19.7910	0.1333
58483	0.0000	nan
105376236	-2.4825	0.0153
5069	-1.7802	0.0129
105376241	-18.1043	0.2326
493913	-1.0105	0.0538
23245	-0.2194	0.8320
100128505	-15.5634	0.2229
107987014	-11.9959	0.4950
107987015	-12.5510	0.4950
105376240	-13.1681	0.4950
22954	-0.1152	0.8236
105376239	5.1655	0.2836
105376238	0.0000	nan
100124538	0.0000	nan
105376237	4.5349	0.2512
105376242	0.0000	nan
101928797	0.8938	0.5887
7099	-1.9415	0.0219
105376244	-14.5192	0.1897
105376243	-13.5461	0.2192
105376246	0.0000	nan
105376247	0.0000	nan
105376248	0.0000	nan
105376249	0.0000	nan
102724929	0.0000	nan
111216287	-15.1304	0.4950
107987035	0.0000	nan
101928849	0.0000	nan
1620	-1.0274	0.3157
105376250	-17.9682	0.0148
107987122	-18.6753	0.0490
106146149	-13.4380	0.4950
107987123	0.0000	nan
107987124	0.0000	nan
406939	0.0000	nan
105376253	1.9953	0.2994
55755	-0.8183	0.0583
1955	-0.7229	0.3718
26190	-1.1084	0.0051
100288842	-0.6301	0.2016
5711	-0.0087	0.9912
253039	-1.6470	0.2031
26147	0.1325	0.5320
7185	-1.5104	0.0260
110599590	0.5484	0.7082
727	-0.2987	0.6826
11064	0.0671	0.9103
51552	-0.0889	0.9171
2934	-1.8968	0.2268
57000	-2.5853	0.2194
2040	-0.5955	0.1353
102723324	1.5625	0.4452
2681	-15.5517	0.0502
107987016	0.5403	0.7238
153090	-2.4343	0.1080
105376257	-15.4252	0.2729
107987125	-13.0179	0.4950
158135	-1.8074	0.0541
100616312	0.0000	nan
4702	-0.0217	0.7600
254956	-16.5782	0.1082
26468	-12.8741	0.4950
92400	-0.6044	0.3636
92399	0.0031	0.9916
5742	-2.3213	0.3198
26740	-2.5217	0.2186
347168	-1.0218	0.3343
26219	-2.4265	0.3443
138883	-13.9698	0.4950
138881	0.4068	0.3761
138882	-13.7681	0.4950
347169	-0.9102	0.4402
158131	-3.7051	0.2373
26737	-16.0006	0.3292
26735	-1.8041	0.1142
254973	0.0000	nan
392390	0.0000	nan
392391	-13.9638	0.4950
392392	-15.5552	0.2754
5082	-0.4042	0.0048
54542	-1.4273	0.0277
692206	0.0000	nan
10773	-0.2370	0.7869
57684	-1.3296	0.1621
23637	-1.5067	0.1824
105379839	-0.2990	0.7852
2844	-2.5907	0.3438
55342	-0.7266	0.4024
81571	-1.9243	0.1891
693185	-17.2254	0.4950
105376265	0.0000	nan
286204	-0.4869	0.5642
57706	-0.7423	0.3476
693186	-19.3895	0.3033
102465688	0.0000	nan
105376266	-1.0149	0.0428
105376267	0.0000	nan
100505588	0.0000	nan
9355	1.4364	0.1304
107987037	0.0000	nan
10783	-1.1149	0.0427
613206	0.1172	0.8837
105376269	-5.2812	0.2248
5695	1.0067	0.0319
100129034	-0.3186	0.1380
105376270	0.0000	nan
347088	0.0000	nan
2516	0.0000	nan
2649	0.0821	0.8238
100379345	-1.2619	0.2282
406954	-19.4307	0.4950
406956	-21.1577	0.1237
107987126	-15.8549	0.3885
169611	-1.4232	0.3522
401551	-0.4780	0.5569
11224	1.1631	0.4317
81873	-0.4942	0.0734
2800	-0.0594	0.9048
286205	-0.4482	0.6537
5537	-0.0635	0.9254
105376271	0.0000	nan
10244	0.2657	0.7484
3309	0.9180	0.4508
107987127	-16.4107	0.0028
26130	-0.6425	0.2307
101929014	0.0000	nan
112268055	0.5207	0.2745
79109	0.2176	0.2608
102723468	2.3302	0.1755
105376272	-15.7581	0.3033
107987128	2.2126	0.2529
51145	-16.5989	0.1083
5090	0.7960	0.5041
107984127	1.8882	0.3072
105376273	0.0000	nan
105376274	0.0000	nan
105376275	0.0000	nan
101929116	16.1377	0.2722
89853	-1.4131	0.0575
641373	0.0000	nan
105376276	-14.3930	0.4950
105376277	0.0000	nan
4010	0.5744	0.7161
107987129	14.7213	0.2722
23099	-0.6462	0.0257
403341	-1.1798	0.1051
9649	-2.5290	0.0131
105376279	-13.5727	0.4950
23452	-0.8693	0.3380
105376278	-0.7453	0.3421
84253	-2.0112	0.2556
112268056	-3.1558	0.0605
29988	-1.3204	0.1576
7633	-1.2117	0.0495
6136	1.0327	0.4757
26783	0.3005	0.4100
90678	-0.9111	0.1113
64855	-1.1580	0.1393
105376281	-1.8656	0.1529
6812	-0.5309	0.5514
100500872	-1.2649	0.1739
138428	1.0088	0.1868
286207	0.1624	0.7928
158248	-1.6681	0.1497
27433	-1.4561	0.0024
10044	1.9738	0.4276
107987132	-16.0538	0.1419
100616250	0.0000	nan
100422910	-18.7207	0.4950
1025	-0.7846	0.1036
2356	-0.3091	0.7188
2022	-1.3304	0.2635
102723566	-1.1594	0.2962
105379841	2.9979	0.1525
203	-0.6089	0.3998
100616429	-18.4998	0.4950
30815	-1.3701	0.1359
27090	-0.1357	0.8759
138429	-0.3472	0.6288
8818	0.1153	0.5091
399665	-1.2276	0.0041
203245	-0.3999	0.2414
114789	-1.0153	0.0363
100289019	-2.7535	0.1077
80142	-0.2787	0.7652
389791	-1.2130	0.0768
3934	1.4779	0.4814
79095	-1.1406	0.0784
25792	-0.6714	0.2743
1759	-2.0001	0.0162
406978	-18.6672	0.2753
100422893	-17.4477	0.4950
2801	-1.3718	0.0363
375757	-0.4897	0.4662
26995	0.4507	0.4558
105376286	-0.0331	0.9404
51117	0.0470	0.9430
100189109	-18.6678	0.2192
10999	-1.2887	0.1335
81605	-0.0991	0.9111
407003	0.0000	nan
100616335	0.0000	nan
51148	-0.9176	0.2551
4957	0.0524	0.8083
2733	-0.1738	0.6921
101929270	-0.2966	0.5601
6709	-0.7274	0.3580
89891	-0.0859	0.9094
105376287	-1.4880	0.2071
6418	0.5497	0.1794
29941	-0.4907	0.0718
84885	0.5129	0.3317
100506100	-0.4034	0.5019
10444	-0.7898	0.0248
54662	-0.7846	0.0345
2021	-0.7333	0.3066
51490	-0.6571	0.2599
883	-1.1310	0.1564
56262	-0.5542	0.1791
101929291	-2.5020	0.0037
254295	0.0161	0.9823
22845	-0.2451	0.5258
23511	-0.2413	0.5344
101929314	0.0051	0.9842
56904	-0.8584	0.1998
84895	-1.4420	0.0710
57171	-0.4739	0.5209
1384	-1.0705	0.1372
5524	-1.2242	0.0494
389792	-0.4900	0.5931
105376289	-1.2944	0.2973
105376290	1.9385	0.4328
101929331	0.0000	nan
107987133	-14.8253	0.4950
414318	-18.2772	0.1344
100506119	-0.2005	0.8985
107987038	0.0000	nan
105376291	15.7576	0.2722
100506190	-0.7586	0.4187
105376292	0.6275	0.6769
28989	-0.2969	0.6340
375759	-5.7682	0.1110
140459	-0.7074	0.0119
51450	1.2446	0.3460
101929437	-2.1746	0.2483
9536	1.2941	0.4641
27348	-0.4491	0.6017
1861	-0.1788	0.5660
51759	0.4470	0.1643
10868	-1.8079	0.0025
102466750	-17.8090	0.4950
23048	-1.5927	0.0274
57720	-1.6411	0.0336
401554	-13.5424	0.4950
23413	-0.7710	0.3621
113219459	0.0000	nan
256158	-0.5845	0.7704
107987134	2.1866	0.4000
445	-0.1661	0.8911
105376294	-1.6388	0.1759
100272217	-4.0503	0.0332
8939	-0.2118	0.6830
102465515	-20.4066	0.3862
59335	0.5402	0.7238
23404	-0.0906	0.7964
25	-1.1118	0.0162
347148	-2.0692	0.1030
84929	2.4126	0.1681
105376297	0.0000	nan
10319	0.8348	0.6379
83543	2.5269	0.3192
8021	0.1486	0.8039
286336	-0.6896	0.4241
84814	-0.0451	0.9561
105376299	3.1609	0.3265
105376300	0.0000	nan
84726	-1.9163	0.0636
26786	1.1177	0.5508
692093	-1.4433	0.2562
107987135	-1.1845	0.0121
10585	-0.9568	0.1448
105376301	-17.0741	0.1011
83549	-0.6670	0.2591
642515	2.2269	0.0618
2889	-1.8499	0.1521
9442	-0.8017	0.1099
105376302	16.3743	0.2722
84628	-1.4892	0.2760
23064	-0.4848	0.4288
7270	-0.1962	0.5502
389799	-15.3229	0.1890
105376304	0.0000	nan
56751	-12.9791	0.4950
64794	-0.6823	0.0078
9329	-0.3305	0.6376
158067	-3.7485	0.0001
11092	-0.5254	0.3976
7248	-0.6437	0.0236
8328	0.0000	nan
100846992	0.0000	nan
106635683	0.3540	0.7988
105376306	-3.3366	0.2098
9328	-0.4195	0.2989
102465528	-20.9629	0.1577
100996574	-16.7450	0.2220
1056	-3.1496	0.0023
1057	-1.1533	0.0260
5900	-2.1324	0.0135
26301	0.1821	0.8864
101928193	-13.2850	0.2192
29989	13.4826	0.2722
28	0.0000	nan
6838	-1.2507	0.0565
6837	-1.5468	0.0051
6130	0.6296	0.4505
26820	-1.0919	0.0513
26814	-22.9582	0.0918
26815	-0.8207	0.3216
26813	-0.3360	0.7681
6834	0.0922	0.9272
6835	-0.2018	0.8010
6836	-0.0651	0.8413
169436	-2.7428	0.1048
57109	-0.9709	0.1656
11093	-1.8923	0.0174
11094	-1.2595	0.1414
11182	-0.9438	0.4715
102723855	0.0000	nan
389827	-16.5137	0.4950
9719	-17.6651	0.0699
642968	-11.5661	0.4950
1621	-14.0143	0.2691
138948	-14.3121	0.2691
1757	2.1802	0.2904
105376308	-14.4783	0.4950
7410	-1.2948	0.0557
266655	-0.3684	0.2384
8019	-1.3555	0.0037
100130548	-2.5447	0.0344
11091	-0.5217	0.0690
100151684	0.8423	0.6041
107987137	0.0000	nan
101928384	0.0000	nan
107987039	0.0000	nan
105376310	-15.8999	0.2692
6256	-1.5218	0.0165
100616236	0.0000	nan
105376311	2.9593	0.3296
100506532	-0.4566	0.7004
1289	-2.0284	0.2172
414316	0.0411	0.9750
101448202	-4.7392	0.1877
100616333	-17.7052	0.4950
100500846	-17.5898	0.4950
100616131	0.0000	nan
100500906	-18.2391	0.2754
100616344	0.0000	nan
100616460	-17.6702	0.4950
100616212	0.0000	nan
2220	-11.6585	0.4950
2219	12.9248	0.2722
105376314	0.0000	nan
105376313	-12.2490	0.4950
10439	0.4239	0.6913
102723948	0.0000	nan
401557	16.1714	0.2722
107987138	0.0000	nan
157927	0.0000	nan
100506599	-0.4520	0.4328
9858	-1.5250	0.0792
138162	-0.0513	0.9456
51116	0.3301	0.6009
101928525	0.1007	0.7351
3933	2.5991	0.3496
29991	0.0000	nan
107987040	18.3874	0.2722
5047	0.0000	nan
100130954	0.0000	nan
105376316	0.0000	nan
102723971	0.0000	nan
360203	0.0000	nan
392399	0.0000	nan
105376317	0.0000	nan
105376318	0.0000	nan
402381	0.0000	nan
57582	0.0000	nan
107987139	-14.3481	0.2192
107987140	-12.9563	0.4950
157922	-1.2512	0.1021
107987141	-1.9753	0.0495
10422	-0.4647	0.4890
138151	-0.7150	0.3027
105376322	-2.1463	0.0669
105376323	-18.6146	0.0347
90120	-0.8644	0.1966
8022	-12.2211	0.4950
169714	-1.4631	0.0118
101928722	0.0000	nan
399693	0.0000	nan
26102	-0.9834	0.4341
26086	-1.7334	0.0381
728489	-0.6529	0.0601
64170	-2.7224	0.0513
6621	-1.4896	0.0313
10807	-0.5762	0.3499
23203	-0.6560	0.2684
56623	-1.4260	0.0009
9919	-0.6233	0.2714
158055	-3.6666	0.0100
4851	-1.5877	0.0080
100616242	-17.9575	0.4950
100616301	-19.7406	0.2418
101928483	-3.0553	0.1612
401561	-13.6931	0.4950
105376325	0.0000	nan
102724193	0.0000	nan
101928612	0.0000	nan
51162	-1.7982	0.0478
406913	0.0000	nan
10555	-0.6888	0.3218
138311	-1.0291	0.2051
84973	-0.5570	0.5186
677824	-2.0767	0.3466
677804	-3.9227	0.0377
414332	0.0000	nan
158062	0.0000	nan
100128593	0.0000	nan
102465431	0.0000	nan
138307	0.0000	nan
389812	0.0000	nan
107987143	0.0000	nan
85014	-0.2235	0.8034
84960	-1.6820	0.0471
100131193	-2.0215	0.1130
55684	-0.2708	0.7410
100422860	-23.1820	0.0185
389813	-20.6572	0.2917
29085	-0.3985	0.2429
158056	-2.4726	0.0588
8721	0.4244	0.6334
7186	-0.7513	0.2463
105376326	20.3910	0.2722
100616480	0.0000	nan
54461	-0.5916	0.4817
733	-2.0496	0.0759
286256	0.0000	nan
101928638	0.0000	nan
5730	-4.0873	0.1148
401562	-18.6264	0.1536
286257	-1.3919	0.0105
9022	-1.0963	0.2863
20	-3.3874	0.0432
401563	1.2178	0.2247
2529	-14.5137	0.4950
56654	-1.8065	0.0099
954	-2.2013	0.3322
105376327	-16.0782	0.3292
89958	2.4351	0.0060
91373	-0.0172	0.9756
100289341	0.4872	0.1212
11253	-0.9129	0.1517
101930307	-2.2988	0.0392
29952	-0.2657	0.7859
2902	-1.4273	0.4978
105376328	0.0000	nan
389816	0.0000	nan
100500811	0.0000	nan
100505993	0.0000	nan
29882	-1.2592	0.1077
8636	0.1986	0.8044
286262	-0.4304	0.6401
94107	-0.6675	0.1945
27158	-1.6780	0.0290
727800	-2.1417	0.0613
375791	-0.7859	0.4592
643596	-18.9769	0.0021
142680	-5.2868	0.0006
10383	-0.0349	0.9129
401565	0.6350	0.1718
100129722	-17.8343	0.0449
441476	-18.6549	0.0413
25920	-0.5412	0.4785
54863	-1.7802	0.2811
441478	0.1902	0.9124
54932	-0.9013	0.1950
10811	-5.9722	0.0427
377841	-15.1576	0.3886
26012	-2.3575	0.0849
102466223	-18.9440	0.4950
375775	-2.3696	0.0185
64975	-0.1416	0.7513
92715	-1.1489	0.0695
116225	-0.4568	0.5630
92714	-1.4171	0.0561
85026	-0.9813	0.0255
79813	-1.1731	0.0070
651337	-0.3452	0.7766
693187	0.0000	nan
100133077	-13.5585	0.4950
774	1.1200	0.5629
105376331	0.0000	nan
101928786	0.0000	nan
643224	1.7106	0.4706
101928932	-1.5261	0.1237
107987145	16.1043	0.2722
100132403	-0.9823	0.1933
112267861	-1.3195	0.1347
105376333	-2.4658	0.0303
105376332	-1.4544	0.5127
105379525	-19.0659	0.0056
102724727	-0.8805	0.3769
107987370	0.0000	nan
107987372	0.0000	nan
102724813	0.0561	0.8257
102723376	14.5387	0.2722
347688	-14.3026	0.2754
10771	-0.4609	0.4019
107984190	-0.3039	0.6321
107984191	-16.5612	0.4950
22982	-0.8294	0.1200
105376340	-0.9957	0.5716
101930421	0.0000	nan
100847086	0.0000	nan
414235	-1.0824	0.6266
23185	-0.0473	0.9221
101927762	-18.7948	0.1373
107984285	-3.1579	0.0407
105376341	-3.8548	0.0228
23560	-0.2454	0.1750
91734	-0.0843	0.8240
55853	-1.1697	0.0995
3422	0.2566	0.7718
22884	-0.6763	0.2094
105376344	0.0000	nan
399706	0.0000	nan
105	-10.8268	0.4950
105376342	0.0000	nan
642394	0.0000	nan
105376345	0.0000	nan
105376346	0.0000	nan
282980	0.0000	nan
102465944	0.0000	nan
105376348	0.0000	nan
107984168	16.1821	0.2722
399708	11.8027	0.2722
105376349	0.0000	nan
105376351	17.3030	0.2722
107983989	0.0000	nan
105376350	0.0000	nan
105376352	-1.1128	0.5190
101927824	-18.4825	0.0023
5214	0.6046	0.0004
106633806	-20.3455	0.0054
10531	0.2144	0.6993
100507034	-0.0180	0.9742
105376354	-0.6039	0.7676
105376353	-1.0678	0.5009
107987146	0.0000	nan
105376356	0.0000	nan
105376360	0.0000	nan
105376358	-14.3793	0.4950
105376357	-17.4060	0.2261
101927880	-14.9428	0.0524
107984192	-16.7358	0.0987
107984193	0.0000	nan
105376361	0.0000	nan
105376363	-14.6334	0.3033
1316	0.9576	0.4982
105376364	-0.5345	0.7813
105376365	1.1199	0.5793
101927904	-14.0649	0.3033
105376367	3.2524	0.3032
102464829	0.0000	nan
107984195	15.1710	0.2722
101927964	17.3176	0.2722
107984196	-14.9592	0.4950
105376368	0.0000	nan
100652988	-0.4735	0.6280
105376369	1.4006	0.0794
105376370	0.0000	nan
105376371	0.0000	nan
105376372	0.0000	nan
100507059	2.7109	0.3521
100216001	1.3060	0.3908
338588	0.3735	0.8662
105376373	3.2988	0.3149
105376375	1.8515	0.4088
107984197	17.4791	0.2722
105376374	-0.7344	0.6144
83592	-0.7484	0.1489
389932	-14.9888	0.2691
1645	-1.6108	0.3198
1646	-3.1671	0.3301
101928051	-4.6847	0.2685
107984198	-2.5031	0.3156
8644	-1.2572	0.2185
340811	-16.5525	0.4492
1109	-1.8087	0.1512
110806285	-1.0326	0.3020
114131	0.0000	nan
79861	-14.4041	0.4950
10276	1.9222	0.3403
51806	0.0000	nan
100132159	0.0000	nan
810	0.0000	nan
107984169	0.0000	nan
105376380	0.0000	nan
105376381	14.2903	0.2722
105376382	0.3953	0.8373
105376383	0.3738	0.8661
102723629	0.0000	nan
107984199	0.0000	nan
79754	-0.8307	0.0160
54906	-0.2092	0.5190
2665	1.2456	0.2297
100189342	0.0000	nan
54522	-0.8225	0.1912
84893	-0.3571	0.2187
105376384	0.0445	0.9318
3601	-0.5848	0.6231
107984200	0.2401	0.8566
3559	2.6931	0.0242
107984201	1.5661	0.4573
84991	-0.7952	0.0087
101928080	19.0821	0.2722
5209	-2.6320	0.1160
100422989	0.0000	nan
100628560	0.0000	nan
399715	0.2563	0.8464
399716	-15.2717	0.1419
5588	-14.1336	0.3886
107984202	0.0000	nan
439949	0.0000	nan
101928150	12.4681	0.2722
108570035	0.0000	nan
100652997	0.7456	0.7315
100507127	5.3051	0.2800
107984203	-16.0787	0.1236
105376387	5.3647	0.2818
105376386	0.0000	nan
57713	1.8397	0.2589
106635547	0.0000	nan
105376388	1.3536	0.5475
105376390	0.1380	0.9338
105376391	-14.8178	0.3066
80760	-2.8956	0.0490
3698	-1.3471	0.2235
22944	-0.7566	0.0875
509	0.7264	0.1255
105376392	-0.2172	0.5189
83860	-0.5190	0.3786
105376394	0.0000	nan
2625	1.8413	0.1445
399717	0.0000	nan
107984204	0.0000	nan
105376395	0.0000	nan
107984206	0.0000	nan
107984205	0.0000	nan
100507143	0.0000	nan
105376396	0.0000	nan
105376397	0.0000	nan
105376398	0.0000	nan
105376399	0.0000	nan
105376400	0.0000	nan
105755953	0.0000	nan
101928272	16.4201	0.0000
100507163	0.0000	nan
112268059	0.0000	nan
105376402	-13.0375	0.4950
105376403	17.9714	0.2722
101928298	-14.6727	0.4950
107984207	0.0000	nan
101928322	0.0000	nan
10659	-0.1893	0.6781
207107	-2.3358	0.1771
105376405	-11.3223	0.4950
254312	-14.7388	0.2192
439950	0.0000	nan
414196	-4.0557	0.1071
105376409	0.0000	nan
9712	-0.6510	0.1114
105376411	-1.9619	0.0812
105376410	0.0000	nan
107984208	0.6178	0.2417
105376413	0.0000	nan
105376412	0.0000	nan
79746	-0.8381	0.5339
105379850	15.8965	0.2722
105376415	0.0000	nan
254427	-2.8630	0.0030
219731	0.4081	0.7635
26019	-0.3832	0.3741
105376416	0.0000	nan
55526	0.0349	0.9569
55176	0.1264	0.7400
100616488	-18.0073	0.4950
11164	-0.3110	0.5274
8872	0.8730	0.0659
57118	-3.0358	0.3344
107984209	0.0000	nan
100616151	0.0000	nan
100616320	-17.9682	0.4950
100313841	0.0000	nan
83643	-3.0436	0.1481
105376418	0.0000	nan
10133	-0.0370	0.9504
55388	2.8445	0.1549
221044	0.0000	nan
5264	-0.2001	0.5230
22929	-0.5544	0.4094
105376419	0.0000	nan
105376420	0.0000	nan
222389	-2.2534	0.0062
105376421	-18.0125	0.4950
105376422	0.0000	nan
8559	-0.3385	0.0881
55691	-0.1042	0.8618
105376426	-1.1024	0.5627
105376425	-16.2707	0.2092
101928453	-16.1183	0.2372
100422843	0.0000	nan
100302116	0.0000	nan
83641	0.1334	0.8764
105376429	0.0000	nan
105376428	0.0000	nan
441549	-0.8022	0.0440
51182	-0.1763	0.3562
79723	0.3723	0.7453
64421	-0.0456	0.9471
644890	-3.0162	0.0646
108949267	1.1226	0.5377
105376432	2.2034	0.3856
55301	-0.8567	0.5998
414149	1.8761	0.2024
221060	-1.8828	0.2524
10557	0.2248	0.4626
105376431	0.5885	0.2851
9397	0.3496	0.6458
107984210	-1.2281	0.0643
100192204	17.2963	0.2722
105376434	0.7137	0.2615
107984211	-2.1554	0.5159
221061	-0.5431	0.2527
105376433	-15.3057	0.4950
8516	-1.5176	0.4874
80013	-0.3389	0.6840
102724039	0.0000	nan
9317	-1.0010	0.1620
389941	-2.3528	0.0140
101928701	-0.8678	0.7018
6251	0.9048	0.1030
105376435	0.0000	nan
8029	0.1647	0.8936
1787	0.4832	0.6903
100507347	-0.1421	0.8470
7431	1.5880	0.1262
338596	-2.0561	0.5612
100128098	0.0000	nan
105376436	0.0000	nan
105376437	0.0000	nan
9200	0.5239	0.4284
102723166	-0.4389	0.6033
8027	0.2486	0.7166
653567	-1.0287	0.5090
107984212	13.7624	0.2722
4360	-0.0581	0.9712
574445	0.0000	nan
221074	0.0000	nan
100129213	0.0000	nan
783	-0.7085	0.3743
107984213	0.0000	nan
221078	-1.0255	0.0159
221079	0.3046	0.7909
105376440	-16.1733	0.4950
107984180	0.0000	nan
340895	0.3305	0.8108
105376441	17.4350	0.2722
102724082	0.0000	nan
101928834	0.0000	nan
84898	-2.4640	0.0346
100616383	0.0000	nan
105376442	13.8495	0.2722
10529	1.6969	0.1771
102725112	0.0000	nan
100128511	0.0000	nan
105376444	-18.4348	0.4950
105376445	0.0000	nan
399726	-1.2692	0.4934
100302129	0.0000	nan
387640	-0.3963	0.7180
8028	-0.3574	0.5966
107984214	-0.7545	0.1244
64215	0.7431	0.4069
340900	-13.6829	0.4950
100189083	0.0000	nan
105376447	-0.7806	0.2022
100130992	-0.8412	0.3980
100532731	-0.5301	0.1091
23412	-0.1851	0.7537
648	-0.7139	0.2744
9576	-1.2943	0.4383
105376448	-13.9668	0.4950
100499489	-0.0691	0.1459
105376449	0.0000	nan
105376450	-17.1091	0.4950
5305	-0.1709	0.4825
105376451	0.0000	nan
219681	0.0000	nan
107984215	-17.3092	0.4395
22921	0.1774	0.7647
256297	0.0000	nan
256815	2.4382	0.3593
105376453	-15.9150	0.3065
220213	-1.7308	0.0009
105376454	0.0000	nan
56243	-0.3589	0.7988
693188	0.0000	nan
105376455	1.7451	0.4643
57584	-0.1159	0.8461
105376456	-18.0387	0.2530
56952	0.7155	0.5411
79896	0.0495	0.9401
219670	-1.8716	0.0834
101929025	-14.1536	0.3033
100128811	0.0000	nan
57512	-1.0951	0.7007
101929052	0.0000	nan
105376460	0.0000	nan
101929073	0.0000	nan
53904	1.1863	0.5917
2572	0.0000	nan
107984176	0.0000	nan
54518	-0.3507	0.6981
101929117	0.0000	nan
645528	0.0000	nan
102724202	0.0000	nan
105376461	0.0000	nan
731789	1.7453	0.4642
105376462	0.0000	nan
23590	1.3514	0.2276
10006	0.0912	0.8428
387644	-3.3810	0.2682
22852	-0.3079	0.6853
10730	0.6061	0.5212
84930	0.4337	0.6864
91452	0.6289	0.5467
387646	-2.0225	0.1664
101060171	-3.5479	0.0015
102724245	0.0000	nan
101929180	0.0000	nan
374308	0.0000	nan
22931	0.0395	0.9613
105376463	0.3476	0.7942
283078	-2.4754	0.0551
101929202	-1.4765	0.0894
55130	-1.4289	0.0484
112268060	-0.8954	0.4813
143098	-4.5091	0.4857
106635548	0.0000	nan
102465880	0.0000	nan
105376466	0.0000	nan
105376467	-19.6575	0.4950
105376468	18.1360	0.2722
107984216	0.0000	nan
220906	-0.2979	0.3905
51322	-0.6799	0.0303
25805	-1.1952	0.0306
105376470	18.0469	0.2722
107984170	18.2321	0.2722
101929218	0.0000	nan
100507605	0.0000	nan
283080	17.3291	0.2722
107984174	0.0000	nan
107984171	0.0000	nan
105376471	15.8362	0.2722
105376472	0.0000	nan
84569	0.0000	nan
107984217	0.0000	nan
105376473	-14.9833	0.4950
105376474	-18.0806	0.2092
102724316	-1.1052	0.0207
6840	-3.0891	0.2484
693189	0.0000	nan
100126327	0.0000	nan
105376475	-0.3891	0.8036
105376476	16.6039	0.2722
102724333	0.0000	nan
107984172	0.0000	nan
107984173	-16.3387	0.2691
107984218	17.7383	0.2722
57608	-1.8904	0.1409
101929256	-0.4686	0.4654
105376477	-0.9885	0.3698
101929279	-16.4612	0.4438
55149	0.5800	0.5106
729668	0.8328	0.6021
102466227	-17.7315	0.4950
1326	-0.5149	0.3556
105376478	0.0000	nan
105376479	0.0000	nan
119180	14.8866	0.2722
645954	-1.8710	0.0617
105376480	0.0000	nan
220929	-0.1067	0.6951
105376481	-17.4413	0.0039
105376482	-17.6644	0.0807
105376483	-0.0518	0.9664
101929352	-15.5757	0.2691
220930	-0.0083	0.9926
6935	0.4327	0.7154
100505502	-1.6964	0.1063
105376484	-1.2504	0.2625
101929951	-1.2256	0.0615
94134	-0.6557	0.4576
107984219	-0.6339	0.3367
105376485	-14.9571	0.3033
3799	0.3407	0.7704
80314	-0.5946	0.3890
102031319	0.0000	nan
101929431	3.3621	0.3148
79741	-0.1272	0.8837
105376486	0.1762	0.7766
3688	1.1013	0.4725
106633814	0.9325	0.5391
101929475	0.2271	0.7960
101929447	0.0000	nan
8829	-0.6595	0.3072
105376489	0.0000	nan
105376490	0.0000	nan
100505583	0.0000	nan
56288	-0.0926	0.8163
100505601	-2.6771	0.1193
105376491	-12.6006	0.4950
8453	-0.4530	0.1609
100500890	0.0000	nan
1390	0.1342	0.7264
105376493	-16.4794	0.4950
219771	-0.2127	0.2698
107984220	-0.1160	0.8338
107984221	1.7111	0.4705
219770	-0.6258	0.8150
8325	-0.2588	0.3908
100616500	-0.3813	0.7268
105376494	14.5806	0.2722
107984188	0.0000	nan
102578074	0.0000	nan
105376495	0.0000	nan
107984222	0.0000	nan
105376496	0.0000	nan
91074	0.0000	nan
101929498	0.0000	nan
101929520	0.0000	nan
107984175	0.0000	nan
107984223	0.0000	nan
105376497	0.0000	nan
100288485	0.0000	nan
102724533	0.0000	nan
105376498	0.0000	nan
57209	-1.1275	0.0423
100419868	-13.5664	0.4950
107984224	0.5252	0.1954
219749	-1.1175	0.1026
105376499	0.0000	nan
7581	-0.9539	0.1071
7587	0.0149	0.9866
105376500	0.0000	nan
100129055	15.5978	0.2722
158160	-1.4902	0.2318
285961	0.1758	0.8909
101929540	-1.7881	0.0189
399744	-0.8822	0.0625
107984177	0.0000	nan
399746	0.0000	nan
105378267	13.1986	0.2722
101929373	0.0000	nan
441666	1.1514	0.2908
414194	-15.2644	0.0007
84856	0.1302	0.8785
100129482	-0.9274	0.1034
7582	-0.9219	0.0228
105378268	-0.2038	0.7004
101929397	0.0000	nan
107984178	0.0000	nan
283028	-15.6604	0.1237
105378269	-14.5829	0.4950
9790	0.0588	0.5245
101929445	-14.4692	0.4950
104266963	0.0000	nan
100847014	0.0000	nan
5979	-2.0551	0.3388
55454	-1.4755	0.0403
221002	-2.1164	0.1318
107984225	0.0000	nan
105378271	0.0000	nan
105378270	16.5250	0.2722
107984226	15.0390	0.2722
53828	0.0000	nan
3185	0.0941	0.6408
109616985	1.0163	0.6419
642819	-1.1832	0.0054
105379857	-2.0494	0.0003
8187	-0.6678	0.2114
220992	-0.4502	0.4433
414201	-15.1407	0.2262
7580	-0.5333	0.5032
414197	-0.0171	0.9804
414208	-1.6881	0.0027
105378274	2.3222	0.3622
102724264	14.9762	0.2722
105378275	0.7461	0.7313
10151	0.3844	0.8049
107984189	0.0000	nan
414260	-0.3015	0.7954
100506835	-17.3011	0.2230
105378277	0.0000	nan
283033	-18.8934	0.4881
6387	0.1148	0.9220
100130539	-18.1576	0.3786
107984179	-12.3937	0.4950
220980	-1.5151	0.5071
643236	-14.8845	0.2307
83937	-1.3650	0.2050
105378281	-3.6207	0.1131
11067	-0.4998	0.7347
220979	-0.0755	0.8296
7570	-0.2760	0.6639
100133308	13.3801	0.2722
338579	0.0000	nan
100422988	0.0000	nan
105378283	0.0000	nan
79290	0.0000	nan
240	-12.9423	0.4950
102724323	-15.0172	0.4950
220972	-0.7236	0.0425
105378286	-0.9218	0.1513
93550	-1.2389	0.0414
653234	-1.6991	0.0503
253725	-0.2984	0.1251
643479	17.4827	0.2722
119016	-1.9847	0.0047
114004351	-1.1296	0.1277
728407	-1.7076	0.0478
100287932	1.0877	0.1455
109616974	21.0838	0.2722
8031	0.1116	0.8556
105378287	0.0000	nan
4477	0.0000	nan
653268	-1.5146	0.0346
100996567	0.0000	nan
105378577	18.0061	0.2722
195977	0.0000	nan
107984026	-1.6857	0.0202
100132929	0.0000	nan
728113	2.0160	0.4090
643650	0.5254	0.4902
728643	3.1245	0.3052
107987152	-0.8655	0.4496
5540	2.6093	0.3207
9721	2.9237	0.3386
83849	-1.5763	0.0696
101927699	-2.3583	0.1630
105378289	-1.1378	0.3427
414241	-1.0042	0.0506
102724350	1.9936	0.1097
101927584	16.6971	0.2722
102724643	13.0346	0.2722
414212	-0.0346	0.8451
399761	0.3198	0.7933
728798	-0.5411	0.7699
26095	2.1952	0.3116
105378291	0.0000	nan
101929216	-11.0180	0.4950
2662	0.7214	0.5669
2658	0.0000	nan
5949	0.0000	nan
118738	-1.7802	0.2522
107001062	0.0000	nan
105378292	0.0000	nan
653145	2.0248	0.3188
100133093	0.0000	nan
113939912	-1.6122	0.0417
642517	-1.7784	0.0248
107987147	-0.5769	0.5106
642826	-0.4275	0.6636
1517	19.8191	0.2722
112267862	0.0000	nan
439965	-0.5025	0.3162
102724603	2.3827	0.0357
102724593	-3.1005	0.2603
102724488	-1.5290	0.0918
100996758	1.9815	0.3419
644054	0.0000	nan
414224	-1.4214	0.0733
143162	-0.6846	0.7268
5599	-0.2596	0.7017
58504	-1.7571	0.2500
100689073	-16.6387	0.4950
57705	-1.4862	0.5106
105378299	0.0000	nan
474354	-10.6083	0.4950
105378298	-16.7013	0.0016
100422895	0.0000	nan
196740	-1.8478	0.1353
100506733	-13.8744	0.4950
170370	0.0000	nan
170371	0.0000	nan
100506769	0.0000	nan
118461	0.0000	nan
644168	-14.5760	0.4950
2074	-1.9186	0.3282
267004	-1.5730	0.4023
1103	0.0000	nan
6572	-14.9769	0.4950
282966	0.0000	nan
55753	3.4516	0.3119
8505	-0.6466	0.0804
100652748	-0.0271	0.9665
113218477	-1.0319	0.0819
109617009	-17.5397	0.4950
414189	-1.5908	0.0486
100421577	-1.4031	0.0108
387680	0.0698	0.8234
56624	1.0391	0.2564
259230	0.0314	0.9652
104355295	-1.2346	0.2147
105378302	-1.8008	0.1096
653308	0.7737	0.4785
29974	0.0000	nan
5592	-0.1187	0.8972
102724719	-2.6006	0.0255
693190	0.0000	nan
23283	-1.1373	0.0434
100506939	0.3561	0.7077
22943	2.6154	0.2585
101928687	16.3887	0.2722
105378305	0.0000	nan
4153	0.0000	nan
105378307	0.0000	nan
105378306	0.0000	nan
105378308	-10.8271	0.4950
105378309	14.8890	0.2722
105378310	0.0000	nan
65217	2.1888	0.3834
105378311	0.0000	nan
100302192	0.0000	nan
100463289	0.0000	nan
11130	1.6976	0.2040
100500834	0.0000	nan
105378313	0.0000	nan
105378314	0.0000	nan
253430	-0.5768	0.5276
55847	0.4677	0.0475
112268068	-1.4868	0.3922
7321	-0.9893	0.0771
7019	-0.2190	0.7962
105378316	-13.5877	0.4950
80114	-1.2472	0.0210
107984234	0.7097	0.3815
728640	0.8847	0.0367
100507008	-15.4936	0.2192
102724768	-17.7738	0.2307
105682749	0.0000	nan
84457	-4.1981	0.3245
220965	-4.1853	0.3577
102724778	17.6818	0.2722
107984235	17.0554	0.2722
105378318	0.0000	nan
105378319	0.0000	nan
220963	-1.5408	0.6248
100507027	-15.4694	0.4950
8030	0.3902	0.6607
283025	0.0000	nan
288	-1.2649	0.3776
107987153	0.0000	nan
107984292	0.0000	nan
105378320	0.0000	nan
983	2.3136	0.3235
9886	-1.2669	0.2232
107984236	-18.8629	0.1533
100507058	0.0000	nan
105378323	0.0000	nan
219623	1.1140	0.2241
101928781	-0.8113	0.6257
219621	-1.3904	0.0682
107984237	-14.4211	0.0502
84159	-0.8763	0.2350
219790	0.3318	0.7248
105378326	-13.8859	0.4950
105378325	-2.6479	0.5353
283045	-15.4416	0.4950
22891	-1.6713	0.4069
105378327	0.6978	0.6647
84890	-0.9919	0.3456
1959	-0.1562	0.8919
107984012	0.0000	nan
105378328	0.0000	nan
29982	-0.6514	0.1313
221037	-1.3189	0.1359
100302150	0.0000	nan
105378330	-14.9712	0.4950
84989	-2.2298	0.2864
221035	-0.2318	0.8421
105378329	-0.6132	0.6837
101929846	-2.3186	0.1306
107984238	-17.8166	0.3814
101928859	0.0000	nan
105378333	-14.9657	0.4950
105378335	-15.5707	0.4950
107984239	0.0000	nan
105378336	0.0000	nan
305	2.9194	0.3137
101928887	-13.8836	0.4950
102724863	0.0000	nan
105378337	0.0000	nan
101928913	-0.6011	0.5796
105378338	-16.4555	0.1083
105378339	-12.9684	0.4950
29119	-14.6486	0.4950
105378340	12.5071	0.2722
101928961	0.0000	nan
347731	-14.5942	0.2193
102466814	0.0000	nan
100189279	0.0000	nan
56521	0.7075	0.6644
23411	-0.2327	0.7661
26091	1.4172	0.4480
100009667	15.7140	0.2722
84665	0.0232	0.9895
107984240	1.4549	0.4916
220202	-14.2890	0.2192
107984241	-14.6273	0.4950
64081	-0.1328	0.8896
3189	0.8672	0.5432
55680	0.3731	0.7482
1763	0.4014	0.7424
8034	-0.2510	0.5556
80312	-0.7715	0.4372
55749	-0.1190	0.8482
692211	-2.1326	0.1330
219736	-1.2013	0.4975
79009	-0.2592	0.3269
9188	-0.4328	0.5116
26128	1.0396	0.4435
105378342	-13.4253	0.4950
5552	-0.1050	0.8766
9559	0.4209	0.7080
6832	0.1092	0.7463
101928994	-1.4676	0.4357
80201	-3.6336	0.0664
3098	-0.6865	0.3439
6865	-0.8000	0.3195
23555	-13.0823	0.0502
105378345	0.0000	nan
50674	0.0000	nan
101929021	0.0000	nan
219738	-15.3444	0.0524
105378346	0.0000	nan
1305	-1.9268	0.3254
105378347	-13.0426	0.2192
107984242	-0.4320	0.6994
102723350	0.4564	0.7009
55506	0.6498	0.5418
84883	-0.9577	0.0481
219743	-1.0425	0.1261
56681	0.2051	0.6244
5464	0.1967	0.4225
64106	6.1240	0.0133
55222	-0.5073	0.5151
1979	0.0844	0.8986
4838	-17.8521	0.0503
27143	-12.6792	0.2692
5551	-12.5606	0.4950
140766	-2.5214	0.0056
219793	-16.2933	0.0007
8879	-0.1026	0.7688
5092	0.1550	0.5225
105378349	0.0000	nan
105378350	0.0000	nan
105378351	0.0000	nan
219699	-2.9276	0.1504
728978	-19.7523	0.2349
107987148	-16.3345	0.0056
112268061	-4.8800	0.0068
55315	-0.3900	0.0780
105378353	-0.2946	0.7439
64072	-4.7657	0.1554
105378356	0.0000	nan
102723377	0.0000	nan
105378355	0.0000	nan
414152	-4.2040	0.2759
64115	-2.2950	0.0845
102465689	0.0000	nan
5660	-2.1027	0.0054
9469	-1.2648	0.1644
9806	0.1019	0.5051
51008	-0.3847	0.4019
119504	-0.5829	0.2641
54541	-0.5727	0.7225
54788	-0.5580	0.4068
10367	-0.0695	0.8596
90550	-0.3723	0.3983
100616286	0.0000	nan
170392	0.5125	0.7558
84647	-15.2304	0.1083
5033	-0.8749	0.0317
25961	-0.8352	0.2885
109617000	-21.4167	0.0739
11319	0.8424	0.1120
317662	-0.0122	0.9787
105378358	-14.8147	0.3066
23234	0.7638	0.3652
414245	-1.5243	0.0198
51021	0.0288	0.9487
118491	-1.5991	0.0706
310	0.4752	0.0602
118490	-1.9062	0.0541
5532	0.1118	0.9029
101929145	-0.2979	0.5578
159195	-0.5509	0.1373
58529	2.4703	0.0740
79933	2.2930	0.3676
105378360	-17.8190	0.2804
113939925	-0.7546	0.4009
729092	-1.5188	0.0878
729096	-0.6885	0.4250
2749	-1.7239	0.1704
9632	-1.0546	0.0959
170384	-1.6478	0.0658
107984243	0.8332	0.6017
118487	-0.7013	0.2482
23053	-1.2718	0.0096
100507331	-1.0267	0.0281
8509	-1.4875	0.0090
818	-1.0460	0.2250
5328	-1.0724	0.2748
414236	-1.3848	0.1531
7414	0.3289	0.7042
107984244	-0.7815	0.5474
26985	0.3195	0.7409
132	0.4494	0.4464
102723439	0.4104	0.6156
23522	-0.5847	0.3967
101929165	-14.0411	0.4950
109623471	1.7115	0.4704
338599	-2.7793	0.1919
51207	-11.9333	0.4950
142891	-0.1751	0.8539
7417	1.4737	0.3137
118881	-0.5614	0.1666
84858	-1.1475	0.3429
253264	0.8176	0.6202
100131213	-1.2100	0.2487
101929234	-2.3351	0.0066
107984293	0.0930	0.9022
83938	-0.5210	0.4657
693191	20.2285	0.2722
105378367	-16.1973	0.1083
112268057	-14.1707	0.1577
3778	-1.6614	0.4028
101929328	-2.9352	0.2032
101929310	0.0000	nan
101929286	-14.9431	0.4950
105378369	-2.0261	0.5152
105378372	-14.1286	0.4950
9231	-1.1785	0.0536
101929347	14.7111	0.2722
100128292	-1.9188	0.0533
11128	-0.0860	0.8562
6229	0.5897	0.4484
105378373	0.0000	nan
105378374	0.0000	nan
105378375	-14.6433	0.4950
100132987	0.4403	0.1483
414243	0.0391	0.9618
107984245	2.0435	0.3865
105378378	-0.1757	0.8488
107984246	-0.7040	0.5190
105378379	-15.1686	0.1083
283050	-0.3649	0.7383
112268062	-16.2660	0.1011
57178	0.2107	0.8474
107984247	-0.4749	0.3437
10105	-0.6934	0.2275
219654	-1.7892	0.0004
105378383	-2.7909	0.0634
729815	-12.9399	0.4950
143244	0.5654	0.1210
729238	-14.7865	0.4950
653509	-15.4577	0.3065
105378385	-1.5904	0.0773
101929506	-0.5497	0.5502
650623	-1.7757	0.0263
101060691	-1.3246	0.0929
107984248	-2.1480	0.0484
729262	-1.5547	0.0497
642361	-0.7825	0.2301
283008	-1.7265	0.0157
100288974	-4.2738	0.2525
8512	-5.9399	0.1946
6441	-19.9510	0.2874
219347	-1.1496	0.0082
80195	0.4293	0.5831
219348	-0.2920	0.6940
311	-0.4047	0.5439
439990	0.2029	0.7144
100130698	14.7909	0.2722
4143	0.0000	nan
143241	0.0000	nan
84332	0.0000	nan
84293	0.2736	0.7464
81619	-0.4254	0.0552
101929574	-19.7138	0.1000
387694	0.0000	nan
105378387	0.0000	nan
105378386	0.0000	nan
105378390	0.0000	nan
10718	0.0000	nan
107984294	0.0000	nan
101929590	0.0000	nan
107984187	0.0000	nan
105378392	0.0000	nan
105378394	0.0000	nan
105378393	0.0000	nan
105378396	0.0000	nan
105378397	0.0000	nan
107984181	-14.7264	0.4950
105378398	0.0000	nan
105378399	0.0000	nan
27069	-0.0860	0.7470
642934	0.0000	nan
387695	0.0000	nan
92211	-13.5786	0.0028
340745	0.0000	nan
26103	0.0000	nan
5995	0.0000	nan
170425	-12.4846	0.4950
54462	-0.0953	0.9019
105378400	0.0000	nan
105378401	0.0000	nan
107984249	0.0000	nan
101929624	0.0000	nan
105378402	0.0000	nan
105378403	0.0000	nan
101929646	0.0000	nan
101929662	0.0000	nan
101929684	0.0000	nan
105378404	0.0000	nan
100507470	-15.0006	0.2277
2894	-5.2969	0.2479
442911	0.0000	nan
23063	-0.4069	0.5737
105378408	-2.0420	0.2300
105378407	0.0000	nan
105378406	0.0000	nan
94233	17.1342	0.0697
105378409	0.0000	nan
11155	-0.4489	0.2205
657	-0.4025	0.5467
79812	-0.6545	0.3340
6623	-2.5987	0.3202
10974	-0.2463	0.5375
119385	-0.1744	0.8174
643161	2.6016	0.3601
2746	0.7698	0.2763
54537	-0.8263	0.0155
105378410	-1.4452	0.1644
728118	-2.1033	0.0027
728190	-0.5987	0.0447
439994	-0.9442	0.1106
728130	-2.0041	0.0048
728218	0.0000	nan
112268063	0.1971	0.8422
112268064	-1.4535	0.0678
100616296	-17.6658	0.4950
9562	-1.0040	0.1669
105378412	0.0000	nan
9060	0.3360	0.6815
84896	0.0846	0.9138
142913	-18.6153	0.0100
100144748	-0.7681	0.1522
5728	-0.0433	0.9447
107987150	-1.3739	0.3835
105378414	-17.1704	0.2372
105378415	2.0159	0.4216
105378416	0.0000	nan
101929727	-13.5173	0.0078
55328	0.3270	0.4217
142910	-0.1557	0.7932
8513	-14.6878	0.4950
643414	0.0000	nan
643418	2.4775	0.3590
340654	14.5016	0.2722
118932	15.7159	0.0800
57559	-0.3529	0.5445
105379869	-3.1530	0.2971
100132116	-0.5627	0.5392
59	-0.8230	0.4157
355	-0.4459	0.4112
100302740	-3.0520	0.1145
100616192	0.0000	nan
100616128	0.0000	nan
105378418	2.6103	0.3508
9023	1.8497	0.3060
3988	-0.9561	0.0790
105378419	-1.9623	0.1540
3433	2.2976	0.3310
3437	2.8612	0.2588
101926887	1.5332	0.2834
439996	-15.2672	0.4950
3434	2.3789	0.3346
107984251	-0.1511	0.7221
24138	0.1741	0.4732
387700	-13.8544	0.4950
101926906	0.0000	nan
53354	-0.5903	0.5389
406901	0.0000	nan
105378421	0.1614	0.9434
283011	0.2778	0.8474
9585	2.7670	0.3217
105378424	0.0000	nan
643529	-0.7192	0.2868
105378425	0.0000	nan
101926924	0.0000	nan
105378426	0.0000	nan
101926942	0.0000	nan
3363	0.3093	0.7902
10556	0.3400	0.0693
27063	-0.2541	0.7855
105378427	-20.2867	0.4345
107984252	-3.2330	0.4798
105378430	0.0000	nan
100874184	0.0000	nan
105378429	-17.5122	0.1539
119369	-1.1771	0.2521
84333	0.4719	0.7185
100188947	-1.6786	0.2795
143279	-0.2813	0.7610
105378433	1.1999	0.1534
5507	-0.3576	0.7090
107984253	0.0000	nan
100507633	-0.4544	0.7499
80351	-0.4628	0.5676
143282	0.3377	0.1230
9044	-0.8102	0.2941
22849	-0.5719	0.2885
107984254	0.2812	0.8280
54708	-0.5437	0.5222
100507674	-1.6356	0.2940
3416	-0.5793	0.3916
3832	3.4306	0.2898
3087	-3.5189	0.1114
54536	-0.8037	0.3864
340665	1.0526	0.5699
1592	-15.8567	0.3432
26509	0.5026	0.5691
55165	3.1773	0.2530
105378436	0.0000	nan
338557	0.0000	nan
5950	-0.3050	0.8278
5146	-0.2442	0.7116
118924	0.2039	0.8315
101927013	-15.0073	0.4950
9211	-0.9109	0.5142
105378437	-13.4714	0.2423
159371	-1.2912	0.1766
266971	-1.0221	0.0021
105378438	0.6461	0.6868
51196	0.6161	0.4815
101927049	0.0000	nan
107984255	14.8278	0.2722
100128054	-1.8471	0.2876
64318	0.1564	0.8607
23232	-0.9495	0.1227
3070	1.6613	0.3015
1562	0.0000	nan
1557	15.2166	0.2722
1559	13.9065	0.2722
107984256	0.0000	nan
1558	-16.1331	0.0115
107984258	0.8924	0.6300
107984257	-13.7518	0.2418
142827	0.0000	nan
9124	0.0109	0.9795
10580	-17.2753	0.0996
5832	-0.2393	0.6575
26123	-0.0572	0.9118
953	-1.5588	0.0221
728558	-1.4651	0.0569
387707	-0.5140	0.4960
54619	-0.5131	0.4056
100422892	0.0000	nan
9849	-0.2427	0.7979
29760	1.9132	0.0651
1791	0.0000	nan
93377	0.0000	nan
7093	-0.2371	0.8897
56889	-0.4265	0.6134
105378443	-2.7948	0.0656
118788	-2.2944	0.2829
728658	0.6715	0.5965
693192	0.0000	nan
102723665	-1.3789	0.1550
84458	0.4477	0.6474
6585	1.1189	0.5810
105378444	0.0000	nan
100505540	17.1221	0.2722
100533184	0.7623	0.4605
112268065	-12.0592	0.4950
105378447	-0.5416	0.7862
84986	0.4067	0.6017
10023	-1.8265	0.0277
23401	-0.4535	0.3992
105378448	1.3653	0.5002
23223	-0.3493	0.5004
644215	-1.4624	0.2001
5223	-0.2084	0.6773
51013	0.7487	0.4030
84287	-0.0401	0.9285
64210	-0.5914	0.2651
80019	-0.5306	0.5709
26287	-2.6950	0.2511
112817	2.4375	0.0005
414157	19.3056	0.2722
118812	-1.1693	0.0572
55361	-0.3720	0.3241
60370	0.3390	0.7310
83742	-0.6954	0.1190
118813	-1.8835	0.0045
6425	-12.9963	0.4950
107984260	0.0000	nan
100505561	0.0000	nan
401647	-13.8195	0.2423
55118	2.7105	0.3521
113839520	0.0000	nan
27291	-0.6828	0.0227
84171	-2.8547	0.3628
105378449	-1.6831	0.2163
84795	-1.5934	0.1705
100302133	-1.6293	0.0007
3257	-1.0017	0.1463
100616482	-20.6648	0.0056
101927278	-0.3141	0.2764
60495	-2.5997	0.5267
102465253	0.0000	nan
26507	-2.1689	0.5234
2805	0.5085	0.4545
107984261	-0.1759	0.8433
101927300	-1.5364	0.0910
101927324	0.0000	nan
159296	0.0000	nan
81894	-0.4972	0.2621
105378450	2.0208	0.3893
57089	-0.5620	0.3911
1355	-0.1066	0.7593
51076	-0.5687	0.2139
1244	-1.9623	0.0314
23268	-0.5299	0.6446
100188954	-0.7752	0.5670
1369	18.1757	0.0180
10613	0.7020	0.5319
1147	-0.3055	0.6947
55280	-0.4690	0.1361
677800	-1.3770	0.3849
282991	-0.6812	0.0472
9033	0.8827	0.5357
6319	-0.3226	0.7519
90271	-1.4475	0.1491
7479	-16.4040	0.3802
105378452	-1.8381	0.1287
25956	-2.9163	0.0325
4714	0.3140	0.4258
55662	-0.9829	0.0073
5076	0.0000	nan
55719	0.0827	0.9299
57715	-1.9805	0.0205
693193	0.0000	nan
84545	-0.1064	0.7716
56652	-0.5538	0.3454
84445	-0.5759	0.3675
79955	-0.7037	0.0994
81855	-0.2987	0.1820
107984262	0.4083	0.4179
81621	-0.2143	0.8015
100038246	0.0000	nan
3195	0.0000	nan
101927396	0.0000	nan
10660	0.0000	nan
399806	0.0000	nan
101927419	0.0000	nan
105378453	0.0000	nan
8945	-0.9493	0.0378
27343	-1.3766	0.0964
25911	0.0727	0.9000
100423033	-17.5354	0.4950
100422900	-17.5354	0.4950
6468	-1.0233	0.1966
105378456	-16.2641	0.4950
105378455	4.1615	0.2965
105378458	-13.0466	0.4950
105378457	-0.7553	0.6407
2253	0.0081	0.9944
10360	0.6549	0.6010
10724	-0.0951	0.9069
100289509	-2.5292	0.0237
30819	-3.6188	0.0124
107984029	-1.5655	0.1267
79591	0.0236	0.9453
101927445	-17.0171	0.0029
79803	-0.2015	0.7333
8861	-0.9302	0.0721
23082	-0.5056	0.3226
9221	-0.0132	0.9524
83401	1.2413	0.5132
5309	0.2648	0.7839
8729	-0.3703	0.3778
107984263	-0.5800	0.2834
4791	-0.4057	0.6659
5662	-2.9897	0.0127
79176	-0.3023	0.5750
79004	-0.2904	0.6913
574447	0.0000	nan
100505761	0.4465	0.5136
79946	-17.9613	0.0004
79847	0.9260	0.0277
10121	-0.0933	0.8041
51684	-1.2949	0.0482
81603	-1.2550	0.1369
105378460	-2.0634	0.0372
403	-0.1247	0.3599
118980	-0.1787	0.8369
54838	-0.7750	0.2815
1586	-17.0547	0.0455
102724307	-3.0644	0.2274
107984264	-16.5384	0.1617
100528007	-1.0069	0.0370
119032	-0.9844	0.2520
57412	0.7818	0.1976
107984265	-18.3248	0.1082
54805	-0.1037	0.8052
22978	-0.6842	0.1228
729020	-0.6309	0.0887
9118	0.6164	0.6969
84108	-0.1847	0.7499
6877	-0.1048	0.7158
84833	-0.5962	0.0868
100302174	-0.5246	0.6821
22984	-0.4326	0.1823
51063	-0.7275	0.1866
255022	-2.3560	0.3452
119395	-15.7772	0.3886
102724341	-13.7821	0.4950
9148	0.9965	0.1377
9644	-1.7336	0.0125
100505839	-1.2899	0.4401
79991	-0.2660	0.6976
102724351	-3.2578	0.0517
9748	-0.1401	0.8463
1308	-0.1900	0.9332
100126326	18.9714	0.2722
119392	0.5658	0.4037
80217	-2.3236	0.2055
693194	0.0000	nan
9446	0.7040	0.4289
119391	-0.3798	0.7094
100616323	-1.0870	0.5003
85450	-0.9013	0.0081
101927472	-16.6024	0.2261
159686	0.5715	0.0707
100505869	0.5952	0.6952
101927523	0.0000	nan
105378464	0.0000	nan
22986	0.0000	nan
100505890	0.0000	nan
105378465	0.0000	nan
105378466	19.6929	0.2722
105378467	0.0000	nan
107984266	0.0000	nan
101927549	0.0000	nan
105378468	0.0000	nan
105378469	12.6452	0.2722
105378470	0.0000	nan
102724439	0.0000	nan
105378472	0.0000	nan
114815	2.7103	0.3521
105378473	0.0000	nan
105378475	0.0000	nan
105378474	0.0000	nan
101927573	17.7857	0.2722
103695365	1.7107	0.4706
105378476	0.0000	nan
105378477	-17.0331	0.1512
105378478	0.0000	nan
107984182	0.0000	nan
7511	0.1027	0.7996
100505933	-0.9941	0.1857
120	0.2672	0.7733
105378479	-1.1022	0.5628
4601	-0.8837	0.1625
105378480	2.9190	0.0089
10285	-0.2832	0.6885
105378482	0.6114	0.7281
105378481	-0.7622	0.7557
1847	0.0476	0.9303
105378483	-15.5101	0.4950
9126	0.4884	0.6307
282996	-0.7300	0.6283
112268066	0.0000	nan
282997	0.2741	0.7257
27250	-0.7535	0.1463
100616113	-0.9349	0.3675
92482	-0.1137	0.8649
8036	-0.4092	0.5876
644511	-0.2503	0.8432
100313921	-19.2239	0.3065
150	-3.3862	0.1273
113633881	0.0000	nan
105378484	2.3536	0.3820
105378485	-1.8825	0.5074
105378486	-12.1253	0.4950
107984268	0.0000	nan
57678	-0.3696	0.6640
101927600	-2.0014	0.4678
6975	4.2951	0.2941
102466189	18.9249	0.2722
102465427	18.9616	0.2722
390003	-12.3372	0.4950
51703	-1.5210	0.0461
64429	-0.0024	0.9969
143187	-0.3482	0.1614
100422909	0.0000	nan
105378487	-15.8943	0.0524
112268058	-1.9829	0.0080
103344931	-1.3340	0.0085
107984158	-15.6587	0.0709
6934	-1.5685	0.0101
106635520	-17.8989	0.3033
105378489	0.0000	nan
105378490	-14.1636	0.3886
107984269	-2.8684	0.1653
107984270	-5.7074	0.0759
3026	-13.8195	0.4950
4892	0.2156	0.8724
840	-1.1032	0.0752
79949	-2.7442	0.4871
100616162	0.0000	nan
9937	0.2571	0.7304
107984271	0.0000	nan
374354	-0.1942	0.8394
105378492	18.7340	0.2722
105378493	0.0000	nan
153	14.2442	0.2722
55088	0.2216	0.8382
100302224	-1.6067	0.1040
56165	5.4613	0.0065
340706	-1.2611	0.4570
84632	-1.8360	0.3810
105378494	-14.5363	0.4950
3983	-2.4845	0.2273
101927692	-14.9968	0.4950
57700	-0.6711	0.3785
142940	0.4198	0.7118
102724589	0.7283	0.6696
107984272	0.0000	nan
105378496	0.0000	nan
26033	-3.0791	0.4621
105378497	-12.3305	0.2192
2674	-1.1968	0.3063
109623470	0.0000	nan
107984273	-4.1883	0.0486
374355	0.0000	nan
119548	-13.8916	0.4950
5406	0.0000	nan
5407	0.0000	nan
5408	0.0000	nan
143379	16.6944	0.2722
105378499	-1.7529	0.1381
259217	-1.5182	0.0805
105378498	0.0000	nan
113218494	-21.2283	0.0147
387712	0.0769	0.9423
57698	0.1229	0.9179
11023	-12.7209	0.4950
101927704	0.0000	nan
100500893	0.0000	nan
338567	17.4125	0.2722
105378500	0.0000	nan
6571	-1.2091	0.2932
118987	-0.7407	0.4117
105378502	-16.8042	0.2691
196047	-2.1233	0.0926
2018	-1.1012	0.0869
107984274	-17.8163	0.0658
102724627	-15.9954	0.0284
105378504	-12.9460	0.4950
22841	-1.4649	0.2131
255082	0.1340	0.7753
101927760	0.0000	nan
63877	-0.5028	0.0084
100506126	-16.8661	0.1083
105378507	16.6233	0.2722
2834	12.8339	0.2722
143384	-0.7688	0.1430
107987151	-13.5943	0.4950
340719	-3.9461	0.0004
8661	-0.4214	0.3964
641451	0.3739	0.8661
404636	-0.5905	0.0276
119559	-0.9581	0.2853
10935	0.0808	0.9238
2869	-1.0291	0.1921
101927868	1.5503	0.4499
105378511	-16.1659	0.3066
100616398	0.0000	nan
6001	0.2773	0.6975
7073	-0.4785	0.3011
105378512	0.0389	0.9652
9531	-0.5501	0.2248
22876	0.0215	0.9771
105378513	0.2120	0.5380
79892	-0.4919	0.2567
11196	-0.2002	0.7208
100616322	0.0000	nan
105378515	0.0000	nan
196051	0.5998	0.6502
404216	-16.5410	0.2212
105378516	1.7571	0.4372
283089	-15.7542	0.1419
55717	-0.4238	0.3120
105378519	0.1296	0.6101
105378518	0.0000	nan
105378520	16.8630	0.2722
105378521	-13.3070	0.3033
105378522	0.0000	nan
101927889	0.0000	nan
105378523	-15.6755	0.4950
2263	-2.7687	0.1781
107984183	0.0000	nan
11101	-0.8038	0.2291
100130887	-1.6374	0.1821
54780	0.0829	0.7013
10579	-1.0990	0.2048
118663	-1.6471	0.2078
59338	-0.5844	0.5433
100500866	-18.1887	0.4950
105378525	-0.9809	0.0088
387715	-18.4496	0.0991
5654	-1.8903	0.0003
105378526	-3.7423	0.3149
1755	-13.3317	0.0524
112577516	0.0000	nan
399814	0.0000	nan
375940	0.0000	nan
100533195	-1.5587	0.1451
50624	-0.8651	0.3439
196792	-0.6079	0.2917
399815	-0.0261	0.9784
118670	-14.3847	0.4950
80007	-0.2555	0.7760
118672	-0.4673	0.1762
64376	-0.5051	0.3980
36	-0.6181	0.4039
340784	0.0000	nan
3167	0.0000	nan
9184	0.2672	0.7191
107984275	-1.4371	0.0989
105378531	-9.4703	0.4950
105378530	0.0000	nan
2849	-1.5912	0.5624
105378532	-2.4888	0.3446
119587	-2.9828	0.2711
105378533	-1.8868	0.5219
105378534	-17.6660	0.2092
107984128	-2.4892	0.1503
107984276	-16.4280	0.1418
51363	-3.6472	0.1731
105378536	0.0000	nan
107984184	-15.5468	0.4950
4942	-0.5390	0.0229
390010	0.0000	nan
64077	-0.2631	0.6701
105378539	-0.1982	0.8370
9679	-1.3944	0.1968
101927944	16.4269	0.2722
399818	0.2462	0.8068
23172	-0.6283	0.1707
107984160	4.4142	0.0015
54764	-0.4037	0.3043
1488	-0.1906	0.5985
100423041	0.0000	nan
105378541	-15.1437	0.4950
105378542	-16.2799	0.2192
105378543	0.0000	nan
105378544	0.0000	nan
105378545	0.0000	nan
105378547	0.0000	nan
100169752	0.0000	nan
387718	1.6929	0.3904
102724793	0.0000	nan
283038	-1.9711	0.0150
107984277	0.9471	0.0836
399821	-1.5204	0.0760
26098	-0.3524	0.4029
101927983	-0.1079	0.9003
118856	-17.4601	0.1137
7390	0.6067	0.0191
100616327	-17.5000	0.4950
56647	0.0309	0.8561
55760	-0.3732	0.3281
92565	-0.2736	0.4866
101410540	0.0000	nan
8038	-0.1872	0.8173
101101772	-1.7184	0.1571
112267914	-0.7677	0.3363
118611	0.4124	0.4694
728158	-0.7396	0.4485
105378549	-12.1509	0.4950
105378548	-15.0924	0.4950
105378550	-3.2603	0.0146
1793	-0.7710	0.0426
107984059	-14.7580	0.4950
105378552	-0.8058	0.0862
642938	0.5340	0.4956
105378551	14.7111	0.2722
594857	0.0000	nan
399823	0.0000	nan
119467	-15.0434	0.4950
5791	-3.5564	0.2550
105378553	-17.2172	0.0151
4288	2.8901	0.2528
101927381	0.0000	nan
105378554	0.0000	nan
107984185	0.0000	nan
105378555	0.0000	nan
728327	0.0000	nan
107984279	0.0000	nan
105378556	0.0000	nan
105378557	0.0000	nan
4255	0.6304	0.6119
105378560	0.7141	0.4875
107984280	-1.7338	0.4165
107984281	-2.7765	0.0497
253738	-0.4916	0.5958
100422873	-19.6102	0.2192
105378558	-1.3462	0.3350
387723	-0.9081	0.0073
119437	-1.9734	0.1308
102724883	-1.4642	0.0528
105378561	-0.0146	0.9800
10539	0.1444	0.4468
107984002	-3.5142	0.3910
105378562	0.0000	nan
100422867	0.0000	nan
107984186	18.9601	0.2722
256536	0.0000	nan
101927489	0.0000	nan
105378563	13.4108	0.2722
101927461	0.0000	nan
399827	0.0000	nan
105378565	0.0000	nan
105378566	0.0000	nan
55844	-0.5936	0.3505
664	-1.0764	0.2004
282973	-3.3003	0.0617
105378567	-2.1049	0.3981
10570	-1.4254	0.3890
282974	-1.2593	0.0710
80313	-0.5722	0.2666
170394	-0.8025	0.4148
105378568	-15.7185	0.2735
170393	-14.3360	0.4950
105378570	-11.7332	0.4950
105378569	0.0000	nan
107984282	-3.6164	0.1024
3632	-0.6117	0.0155
84504	-0.5206	0.0029
54777	-1.6380	0.1762
105378571	0.0000	nan
105378572	-12.8053	0.4950
101927590	-12.3436	0.4950
103695432	0.0000	nan
399829	-3.6429	0.2620
107984283	-14.4990	0.4950
112268067	0.0000	nan
84435	0.0000	nan
100128127	0.0000	nan
85442	-1.0682	0.1534
105378574	0.0000	nan
105378573	0.0000	nan
8433	0.0000	nan
27287	0.0000	nan
101927671	0.0000	nan
574448	0.0000	nan
101	-5.0672	0.0796
10844	0.0802	0.9108
118472	-0.0258	0.9654
50632	1.7457	0.4642
118471	-18.8271	0.1137
282969	0.7142	0.5943
1892	-0.3078	0.4808
100500911	-17.0851	0.4950
196743	-1.0164	0.1946
92170	-0.7170	0.2907
503542	-1.7831	0.0134
619207	-3.9095	0.0710
105378576	-0.5856	0.5966
105378575	-0.6388	0.5322
107984284	0.9920	0.5852
1571	-0.5558	0.5729
93426	-15.2137	0.1083
399833	-17.0677	0.0658
441581	15.7822	0.2722
100133161	-1.7103	0.0381
112268070	-0.6888	0.3977
388572	-1.3302	0.1465
101930129	-0.7090	0.5784
147199	-15.7349	0.4950
113746	4.6559	0.2882
51272	-0.4519	0.3831
60626	-0.1297	0.7851
102465445	-21.3700	0.1581
23410	-1.3624	0.0105
5719	0.3282	0.1811
171389	-12.9750	0.2192
80162	-2.0857	0.0727
387733	-14.3166	0.4950
10581	-0.9338	0.2128
8519	1.2163	0.4880
10410	-0.2167	0.8081
105376504	-17.0362	0.0016
105376505	-16.6044	0.2372
338707	-0.7834	0.4350
11187	-0.8764	0.5061
59307	0.5389	0.6669
338440	-16.3987	0.0224
105376506	-16.7767	0.0042
81490	-0.4163	0.5671
6050	0.3000	0.7663
115399	-3.1619	0.0233
101059906	-1.1989	0.1090
3265	0.0660	0.9360
256329	-4.8269	0.2524
692247	-18.4462	0.0224
8045	-2.5020	0.1166
100506211	-2.5689	0.0866
406992	-21.9145	0.1402
143666	-3.4479	0.0444
57661	-1.3097	0.1224
3665	1.5474	0.4370
53841	-16.7753	0.1979
6343	-17.2055	0.2242
1815	-18.0327	0.2181
10522	-1.6687	0.0802
283232	-2.0307	0.0112
64787	-1.6551	0.1757
105376509	12.9624	0.2722
6888	0.4009	0.5935
347862	-2.1044	0.0046
171391	-1.3789	0.0096
51286	-1.6149	0.0786
79751	-0.6690	0.1843
101927423	-0.0579	0.9530
55367	-2.0383	0.0074
6181	0.3777	0.4930
619565	-1.9823	0.1539
57104	-1.2203	0.0332
283229	-2.0783	0.1063
977	-1.2392	0.2130
5441	-0.7562	0.2552
7106	-0.3865	0.6174
66005	-1.1614	0.0002
161	-0.7713	0.2164
4588	-2.2783	0.0519
101927503	0.0000	nan
107987157	0.0000	nan
4583	0.0000	nan
4586	15.1380	0.2722
727897	-13.2036	0.0267
112577518	0.0000	nan
102466725	0.0000	nan
54472	-1.4085	0.0424
105376512	-2.4650	0.0964
255512	-2.0127	0.0433
105376513	0.0000	nan
9024	-17.3228	0.2180
107984298	-14.7554	0.4950
105376514	-16.2476	0.0710
81532	-1.1792	0.1550
1850	-4.4421	0.0588
338651	-14.8929	0.2277
387264	-13.9605	0.4950
440021	-15.5568	0.3065
387266	0.0000	nan
387267	0.0000	nan
439915	0.0000	nan
387742	0.0000	nan
100132464	0.0000	nan
100505570	0.0000	nan
440023	0.0000	nan
402778	-1.7950	0.0082
1509	-2.2124	0.0235
105376517	0.0000	nan
90019	-12.5397	0.4950
7136	0.0000	nan
107984299	0.0000	nan
4046	2.9448	0.2989
100423021	0.0000	nan
102465993	1.7108	0.4705
101927624	0.0000	nan
7140	13.3347	0.2722
6150	0.3696	0.7323
106635549	-18.2587	0.2754
100133545	-16.3630	0.0109
104355220	-14.3793	0.4950
103344718	5.2600	0.2828
283120	4.7100	0.2880
100033819	5.6368	0.2803
3481	-2.7535	0.0797
723961	-2.6877	0.0817
619552	0.0000	nan
51214	-15.6586	0.3051
3630	0.0000	nan
7054	0.0000	nan
100616126	0.0000	nan
430	0.0000	nan
29125	-14.6965	0.0502
10077	-18.7960	0.0329
101927682	-1.7387	0.1591
105376520	-0.4636	0.7349
975	-1.1682	0.1381
10078	-0.1645	0.8690
29850	0.0000	nan
3784	-12.1069	0.4950
10984	-0.1415	0.8786
338653	-14.7742	0.2192
55539	-13.7462	0.4950
1028	-0.7794	0.4532
5003	-1.5088	0.0235
5002	-0.5521	0.3022
7262	-0.8333	0.4461
4676	-1.1037	0.0179
677833	0.0000	nan
833	-0.0362	0.9693
100852407	-1.0392	0.3504
114879	-1.2402	0.0551
107987158	-2.6561	0.4708
386746	0.0000	nan
283303	0.0000	nan
116534	-15.2087	0.4950
7748	-0.3987	0.2788
650368	-1.3642	0.2520
10821	0.3767	0.7269
105376525	1.7459	0.4642
105379880	-0.7775	0.0080
105376526	-14.8342	0.0056
101927708	0.0000	nan
107984301	15.0933	0.2722
7221	0.0000	nan
116969	-0.8033	0.2434
417	4.3881	0.2926
57053	-1.7589	0.0064
4928	-0.4412	0.0174
27315	0.1410	0.6964
391	0.2989	0.2170
105376527	-1.9108	0.1714
6786	-1.1884	0.0255
100616453	-3.3417	0.0010
6240	1.1722	0.2038
100506082	-1.5149	0.4504
143496	0.0000	nan
6737	0.9257	0.4131
119774	0.0000	nan
390036	0.0000	nan
119772	0.0000	nan
143502	-13.7525	0.4950
390037	-13.9459	0.4950
55128	-0.4792	0.1047
390038	0.0000	nan
143503	0.0000	nan
105376528	13.2602	0.2722
81285	-13.4108	0.2192
256892	0.0000	nan
119695	0.0000	nan
119694	0.0000	nan
119692	0.0000	nan
401663	0.0000	nan
401665	0.0000	nan
119687	0.0000	nan
81282	0.0000	nan
79324	0.0000	nan
401666	0.0000	nan
401667	0.0000	nan
56547	0.0000	nan
119682	0.0000	nan
119679	0.0000	nan
119678	0.0000	nan
79296	0.0000	nan
390054	0.0000	nan
23538	0.0000	nan
283110	0.0000	nan
283111	0.0000	nan
3043	0.0000	nan
3045	0.0000	nan
3044	0.0000	nan
103344929	0.0000	nan
3047	-14.6854	0.4950
3048	-14.6805	0.4950
3046	-16.4005	0.3066
79339	0.0000	nan
79345	0.0000	nan
282763	-13.9253	0.4950
390058	0.0000	nan
390059	-13.7930	0.4950
79470	0.0000	nan
390061	0.0000	nan
390063	0.0000	nan
390064	0.0000	nan
390066	-13.8185	0.4950
50613	0.0000	nan
143630	-4.5548	0.0419
101927763	-2.1649	0.0654
390067	-16.3009	0.4950
340980	0.3538	0.8735
85363	-0.4150	0.3078
117854	0.9264	0.4606
445372	0.2900	0.1701
53840	0.3670	0.1471
107984302	-2.2388	0.3810
10346	-1.5255	0.0080
390072	-17.2370	0.1568
387748	-14.6737	0.3033
390075	-15.1985	0.4950
79473	0.0000	nan
390077	-12.2441	0.4950
390078	0.0000	nan
390079	0.0000	nan
112268071	0.0000	nan
390081	0.0000	nan
390082	0.0000	nan
107984304	0.0000	nan
390083	0.0000	nan
390084	0.0000	nan
338751	0.0000	nan
120793	0.0000	nan
107984303	17.6002	0.2722
120796	16.7491	0.2722
196335	16.4162	0.2722
255725	0.0000	nan
120787	-13.9638	0.4950
160298	-3.1224	0.0796
84067	-0.7024	0.2182
1262	-2.3481	0.0254
887	-16.0764	0.0908
112464	0.1151	0.4640
101927825	0.3864	0.0417
6609	-1.5227	0.2936
322	-0.8441	0.3003
3263	1.0240	0.1597
10612	-0.9268	0.2135
23647	-0.3655	0.5663
26515	-0.6423	0.0144
144132	-2.5468	0.0028
23378	-0.5699	0.0770
3611	0.0612	0.9080
6881	0.2826	0.6533
1200	-0.6489	0.3028
8642	-1.2469	0.0638
63875	0.7462	0.2437
387751	0.2069	0.8742
338755	-15.7900	0.3065
144125	-15.2488	0.4950
8590	4.0680	0.2983
144124	0.0000	nan
341276	16.9809	0.2722
283297	0.0000	nan
120776	0.0000	nan
107984019	-0.3294	0.5093
120775	0.0000	nan
7762	0.2050	0.8424
102724711	0.6406	0.0782
7761	-0.5783	0.3262
338323	1.4411	0.5021
27288	0.0000	nan
100313774	0.0000	nan
143425	-3.4064	0.0322
100506258	-3.3624	0.0076
283298	-0.3897	0.6155
8495	-0.5946	0.4483
105376535	0.8927	0.6299
51700	0.2775	0.3845
341277	-3.0082	0.0070
105376533	-14.9932	0.2753
120065	0.0000	nan
120066	0.0000	nan
26343	-17.7573	0.1132
283299	-2.1747	0.2072
107984307	2.9496	0.2111
390093	-17.2172	0.3124
26496	-1.2899	0.4401
338322	0.1749	0.8810
8665	0.1354	0.8791
103581031	0.0000	nan
7275	-1.0249	0.0838
101927917	4.3309	0.2936
79608	0.0016	0.9979
101927936	17.7035	0.2722
4004	0.7758	0.6543
105376536	0.0000	nan
65975	1.9011	0.1871
9866	-1.0607	0.0436
6157	-0.1040	0.9279
619562	-3.2563	0.0189
677826	-1.9042	0.2260
6764	-1.7577	0.0041
107984308	-1.8090	0.1085
105376539	-16.4778	0.0659
102724784	4.0681	0.2983
56672	0.0477	0.8283
56673	-1.8427	0.3462
56676	-19.7056	0.2534
56674	-0.3058	0.6100
493900	-1.3723	0.1279
56675	0.7348	0.3113
105376541	-1.5180	0.0535
57758	-1.3116	0.0824
100847015	0.0000	nan
283102	-15.0303	0.3293
105376542	-0.4850	0.6606
23258	-1.0238	0.0344
100189370	0.0000	nan
440026	0.1157	0.9104
10527	0.1516	0.8761
677808	-1.8010	0.1096
644656	-2.7829	0.0291
7702	-0.3901	0.2442
7465	-0.5243	0.6275
23075	-0.7135	0.2144
440028	0.1696	0.8439
283104	-1.3897	0.3013
81846	-1.0701	0.0556
105369149	-0.7423	0.1855
101928008	-18.8804	0.0223
105376544	-2.7108	0.1285
133	-0.7507	0.4897
100130460	-1.3829	0.3714
272	-1.0323	0.2442
100463486	4.1910	0.2854
100616263	-20.4961	0.0502
50862	0.0024	0.9971
100129827	-3.5648	0.0892
10894	-14.0184	0.3066
10335	-2.4796	0.1417
9646	-1.1189	0.0237
1982	0.5179	0.6081
692223	0.2413	0.8564
101928053	-3.5002	0.1547
112268072	-3.9691	0.2198
105376547	-18.7308	0.0650
58486	-0.1490	0.8657
729013	-0.4654	0.3449
107984309	-17.1287	0.3065
105379882	-1.8010	0.1096
105376550	-13.9844	0.2219
107984310	0.0000	nan
105376548	0.0000	nan
374378	0.1148	0.8530
283106	-0.1024	0.6745
107983976	0.0000	nan
105376553	-17.6113	0.3552
100423026	-17.7052	0.4950
102465870	-17.3805	0.4950
107984311	-4.8591	0.0526
55031	-0.3957	0.5087
27122	0.1289	0.8922
105376554	0.0000	nan
9645	-0.4969	0.5447
102466906	-19.2840	0.3033
107984312	-15.0388	0.1082
84953	-0.7496	0.5447
55742	-0.5193	0.3917
105376556	-15.1635	0.4950
7003	-0.1462	0.8841
107984313	15.5978	0.0252
100506305	0.0000	nan
105376557	0.0000	nan
644943	0.0000	nan
105376558	0.0000	nan
406	-1.7789	0.0118
84280	-0.7049	0.0178
5741	0.0000	nan
84188	0.1063	0.9252
105376562	0.0000	nan
105376561	0.0000	nan
101928132	0.0000	nan
10418	-4.1152	0.3075
22800	-0.1279	0.8313
1315	0.3830	0.6124
5682	-0.2013	0.5272
5140	-1.3598	0.3831
107984315	15.9613	0.2722
120227	-1.8077	0.0641
796	0.0000	nan
797	-16.9481	0.4202
387755	-3.0814	0.3523
105376569	0.0000	nan
105376568	0.0000	nan
102724957	0.0000	nan
105376567	0.0000	nan
107984370	0.0000	nan
105376570	0.0000	nan
55553	-2.4758	0.4617
102464826	-18.7362	0.4950
105376572	0.0000	nan
112268084	0.0000	nan
105376571	-12.4070	0.4950
10944	-0.2618	0.4272
144100	-2.5446	0.1337
109623465	0.0000	nan
112268085	0.0000	nan
107984416	0.0000	nan
10819	-13.6615	0.4950
6207	0.0366	0.9579
26822	-2.3615	0.1339
85388	-0.2717	0.8082
5286	-0.1359	0.9006
4925	-0.1534	0.7870
105376576	-17.8860	0.0524
374383	-0.1650	0.8220
107984316	-0.9208	0.0712
3767	0.0000	nan
6833	-10.8410	0.4950
10083	0.0000	nan
340990	-10.6967	0.4950
102723330	0.0000	nan
4654	0.0000	nan
3746	15.3363	0.2722
26297	-0.2046	0.8051
107984317	-1.0810	0.5354
7166	0.5980	0.4608
107984318	-0.2863	0.8033
113174	0.8230	0.3598
6290	0.0000	nan
117195	-13.1176	0.4950
117196	0.0000	nan
494141	0.2276	0.2133
100528017	2.4755	0.3542
6291	1.9382	0.4328
6289	3.5196	0.3088
6288	2.4166	0.3574
11234	-1.1280	0.2514
2965	-0.1532	0.5932
105376577	-1.1991	0.1081
100423016	0.0000	nan
3939	1.7965	0.3489
3948	0.8462	0.6404
160287	0.3201	0.8114
7251	-0.1327	0.6714
55293	-0.6498	0.4038
112268073	-20.2136	0.0977
100506540	0.3190	0.7809
144108	-0.1641	0.8234
105376578	0.0000	nan
144110	0.1618	0.8420
283284	0.6294	0.5649
105376579	1.3571	0.3323
84867	-11.4021	0.4950
259249	0.0000	nan
117194	0.0000	nan
54503	-0.3895	0.4968
8048	0.0000	nan
105376580	3.1145	0.0773
79733	2.7221	0.2409
89797	-0.3021	0.7932
100874012	-14.6313	0.2220
399876	-16.5569	0.4202
100616118	0.0000	nan
100126784	0.1765	0.8851
100616426	0.0000	nan
100874014	-3.0341	0.2011
107984418	-0.4196	0.6833
120237	-15.7597	0.2276
105376583	18.0735	0.2722
10553	-0.2433	0.5808
10196	-0.0217	0.9754
105376584	0.0000	nan
9152	0.0000	nan
4745	0.0000	nan
105376586	0.0000	nan
105376585	0.0000	nan
107984320	0.0000	nan
102723370	14.5016	0.2722
105376587	0.0000	nan
203859	2.6017	0.3601
57084	0.0000	nan
102723378	-16.1033	0.4950
105376589	0.0000	nan
105376588	-15.2175	0.4950
2188	-0.4402	0.2430
2620	-0.5263	0.6989
258010	0.2237	0.8028
100500938	-15.0247	0.4950
105376591	0.6638	0.6647
105376592	0.5128	0.7557
102465860	0.0000	nan
105376593	1.7109	0.4705
107984378	0.0000	nan
105376594	0.0000	nan
105376595	0.0000	nan
338645	-3.4931	0.2890
105376596	15.6075	0.0017
63982	1.3868	0.4776
105376599	0.0000	nan
105376598	-14.5300	0.3802
143662	0.8927	0.6299
107987160	0.0000	nan
159963	-2.9228	0.1912
387758	-2.6434	0.0094
8424	-16.8907	0.0100
103695435	0.3442	0.5178
105376600	-3.1427	0.0102
105376601	-16.2572	0.0173
91057	1.8344	0.2063
55366	0.7466	0.4134
105376671	-1.8282	0.0297
55327	0.4240	0.6804
497258	-0.7037	0.0200
102465881	0.0000	nan
101410541	0.0000	nan
627	0.7640	0.2992
81930	2.5695	0.3209
693195	0.0000	nan
196074	0.2824	0.6478
102466876	-17.7877	0.4950
105376602	-15.3620	0.1082
105376604	0.0000	nan
105376603	0.0000	nan
105376605	-16.8378	0.1062
105376606	0.0000	nan
106456574	-5.8317	0.1307
3739	-3.4241	0.0841
107984321	-15.9895	0.3642
105376607	-16.1254	0.3642
2488	0.0000	nan
120534	-0.8100	0.0974
102723403	15.3994	0.2722
744	-13.3610	0.2754
105376609	0.0000	nan
101928316	0.0000	nan
101928338	5.1605	0.2837
107984419	0.0000	nan
341019	-12.9043	0.0007
105376611	0.0000	nan
120526	0.2792	0.8001
196294	0.6572	0.6356
26610	1.1209	0.1988
5080	0.4993	0.4071
440034	-2.3499	0.0313
103157000	0.0000	nan
107984420	0.0000	nan
100506675	0.0000	nan
105376613	18.0000	0.2722
101928385	-15.2276	0.4950
5954	0.5657	0.4512
107984322	0.0000	nan
106635521	0.0000	nan
7490	0.0000	nan
51352	0.0000	nan
107984351	17.1556	0.2722
10480	0.9209	0.1866
493860	0.1093	0.8573
79056	-2.5628	0.5330
79832	-0.0801	0.9400
105376615	-2.2242	0.0905
91614	-1.3502	0.0681
55346	-0.5461	0.3068
283267	-0.0011	0.9985
1479	0.8669	0.4471
338739	0.0000	nan
10114	-1.1410	0.2669
25758	0.0397	0.9762
105376617	0.4770	0.7318
100131378	-0.0057	0.9905
966	0.8203	0.4345
26273	-0.2871	0.5988
101928440	0.0000	nan
105376619	0.0000	nan
105376620	2.4881	0.3584
4005	0.6849	0.4329
105376621	0.0000	nan
101929918	-1.4222	0.2376
4076	0.4908	0.6351
55226	-0.2741	0.3525
25841	-1.7621	0.1538
102723539	-1.6871	0.0581
105376622	0.0000	nan
847	-0.0128	0.9619
2001	0.0000	nan
105376623	0.0000	nan
26298	4.3384	0.2934
102723568	0.0000	nan
105376625	0.0000	nan
105376624	-3.0135	0.0635
51074	-0.4922	0.2260
8050	0.0106	0.9683
100616437	0.0000	nan
105376626	-0.2595	0.8661
105376627	1.7934	0.4297
100507144	-3.1315	0.1049
960	0.5765	0.6131
109623487	-17.9093	0.4950
6506	-1.1513	0.5924
107984324	-14.3930	0.4950
25891	1.2535	0.2356
24147	0.6921	0.2928
54765	-1.0424	0.0248
143458	-1.1880	0.2212
100616311	0.0000	nan
101928510	4.3017	0.2940
29099	0.6025	0.4495
79899	-0.5954	0.4533
7189	-0.5527	0.2958
5896	-1.1105	0.4555
5897	0.8105	0.6046
119710	0.3450	0.4277
107984325	-16.3720	0.0524
107984326	-13.4522	0.4950
105376631	-14.6356	0.4950
105376632	0.0000	nan
105376633	0.0000	nan
105376634	0.0000	nan
103312105	0.0000	nan
105376635	-12.1688	0.4950
101928536	0.0000	nan
101928563	-15.7781	0.0990
107984362	0.0000	nan
105376636	0.0000	nan
105376637	0.0000	nan
57689	0.0000	nan
105376640	0.0000	nan
102723644	0.0000	nan
105376639	-13.9850	0.4950
101928591	0.0000	nan
105376641	0.0000	nan
100507205	0.0000	nan
105376642	0.0000	nan
399881	15.7086	0.2722
8539	0.2339	0.8130
55761	-0.8767	0.0115
100313777	0.0000	nan
100507261	0.0000	nan
51144	-0.2213	0.8453
406918	0.0000	nan
107984328	0.1622	0.8998
105376644	0.0000	nan
221120	0.3838	0.6272
729799	-0.6719	0.2830
100507300	-2.6633	0.0186
387763	-1.2870	0.4441
390110	-14.8268	0.3033
84680	-0.8276	0.3377
2132	-0.6606	0.0333
60529	-2.9463	0.2133
105376645	0.0000	nan
105376646	-12.5087	0.4950
3732	-1.5642	0.3548
105376647	0.0000	nan
90139	-1.1029	0.3732
9537	-2.2787	0.1235
105376649	0.0000	nan
221122	0.0000	nan
105376650	0.0000	nan
56981	-1.9937	0.0479
105376652	-15.0003	0.2729
101060179	-0.9360	0.2976
57586	14.8347	0.2722
101928812	16.6046	0.2722
399886	0.0000	nan
105376654	-11.9745	0.4950
105376655	0.0000	nan
105376656	0.0000	nan
8534	3.4806	0.1984
102465691	0.0000	nan
100507384	0.0000	nan
105376658	0.0000	nan
374387	-19.2004	0.0145
55343	-1.2391	0.0723
1408	-1.6963	0.0598
9479	-0.4283	0.6583
143678	-19.2071	0.2805
9409	-0.1904	0.8221
120071	0.0000	nan
51317	-0.9078	0.0059
105376661	-13.3126	0.4950
101928894	0.0000	nan
105376662	0.0000	nan
101928919	-17.9414	0.0790
90993	-0.3159	0.1786
8525	-1.0070	0.1974
100616368	0.0000	nan
4192	0.0461	0.9007
1132	-0.0279	0.9731
55626	-0.5328	0.2099
100422827	0.0000	nan
100422825	0.0000	nan
283254	-0.7537	0.1146
9776	-0.0512	0.9194
392	-0.3779	0.2702
79797	-0.9821	0.2483
2147	-15.6089	0.0709
9793	0.1767	0.7936
100847020	-19.6059	0.3033
692108	-0.0865	0.9601
100507401	-0.6637	0.2171
4038	-0.0690	0.9398
79096	-0.4862	0.3252
107984329	-0.5455	0.0734
84364	-0.6671	0.3381
29763	-1.1397	0.1383
102466726	-17.8689	0.2192
1643	-1.3832	0.0918
53	-0.7301	0.3854
10062	0.3554	0.7746
8567	-1.1846	0.0210
101928943	-16.9799	0.1083
4607	13.5442	0.2722
6688	0.5057	0.6089
100616222	0.0000	nan
91252	-1.4178	0.1030
5702	0.7183	0.5169
5913	-1.7220	0.1113
10658	-0.6066	0.1185
114971	-0.0592	0.9123
55709	-0.5242	0.1902
4722	0.7867	0.1034
399888	-2.2939	0.3897
114900	-3.8223	0.0034
23788	0.3757	0.4064
79841	-0.8024	0.1461
23360	-0.9822	0.1644
23279	-0.4795	0.5036
5795	-0.7603	0.0416
100423000	0.0000	nan
119765	0.0000	nan
119764	0.0000	nan
390113	0.0000	nan
256148	0.0000	nan
256144	0.0000	nan
79346	0.0000	nan
403253	0.0000	nan
283116	0.0000	nan
646754	0.0000	nan
2346	16.5160	0.2166
440040	0.0000	nan
283092	0.0000	nan
283093	0.0000	nan
403257	0.0000	nan
101060224	0.0000	nan
107984330	0.0000	nan
441601	-0.6526	0.6257
105369150	15.1964	0.2722
646813	0.0000	nan
119749	0.0000	nan
81318	0.0000	nan
79097	0.0000	nan
440041	0.0000	nan
81327	0.0000	nan
81328	0.0000	nan
81309	0.0000	nan
219428	0.0000	nan
219429	0.0000	nan
81300	0.0000	nan
219431	0.0000	nan
219432	0.0000	nan
390142	0.0000	nan
219436	0.0000	nan
219437	0.0000	nan
219438	0.0000	nan
26338	0.0000	nan
390144	0.0000	nan
84767	0.0000	nan
390148	17.5330	0.2722
10798	0.0000	nan
282770	0.0000	nan
219445	17.0894	0.2722
338674	0.0000	nan
219447	0.0000	nan
120586	0.0000	nan
390151	0.0000	nan
390152	0.0000	nan
81168	0.0000	nan
219453	0.0000	nan
282775	0.0000	nan
219464	0.0000	nan
390154	0.0000	nan
390155	0.0000	nan
219469	0.0000	nan
219473	0.0000	nan
390157	0.0000	nan
219477	19.5175	0.2722
219417	0.0000	nan
79482	0.0000	nan
219479	0.0000	nan
390162	0.0000	nan
219482	0.0000	nan
219484	0.0000	nan
219487	0.0000	nan
390167	0.0000	nan
390168	0.0000	nan
338675	15.3355	0.2722
219493	0.0000	nan
390174	0.0000	nan
283189	0.0000	nan
102465135	0.0000	nan
101927120	0.0000	nan
105369310	0.0000	nan
390181	0.0000	nan
219525	0.0000	nan
105369309	14.4432	0.2722
219527	0.0000	nan
187	-0.7361	0.6476
107984364	17.7789	0.2722
85456	-1.1724	0.1529
6749	0.3530	0.6250
5024	2.5497	0.3546
10394	0.0000	nan
5553	1.6792	0.0159
105369312	-0.9520	0.4627
29015	1.5948	0.1216
349667	-1.1723	0.3170
8501	0.0902	0.9280
26519	0.9006	0.3934
219537	-16.6078	0.0007
9246	1.2220	0.4183
710	-1.5258	0.0148
406919	-17.3993	0.4950
219539	-1.5776	0.0717
10978	-0.6271	0.0385
25921	-0.8514	0.0297
219541	0.3721	0.5439
100528016	0.1167	0.8609
51075	-0.3719	0.0238
280636	-0.4047	0.4776
643376	-0.7545	0.6709
1500	0.0896	0.8961
107984331	0.0000	nan
219956	17.4716	0.2722
219952	0.0000	nan
219954	0.0000	nan
219957	0.0000	nan
219958	0.0000	nan
219959	0.0000	nan
219960	0.0000	nan
81341	0.0000	nan
219965	0.0000	nan
441608	0.0000	nan
390190	0.0000	nan
390191	-13.8335	0.4950
105369313	1.5686	0.4546
219968	2.4258	0.0435
9404	1.4912	0.2552
80829	0.3969	0.7004
386607	-1.1455	0.0446
1270	0.3560	0.7480
10249	-4.2634	0.2812
219970	0.9513	0.4386
92292	1.4790	0.0649
283194	14.2401	0.2722
100287520	0.0000	nan
105369315	-0.4671	0.7665
374393	2.6517	0.2899
101927204	0.1996	0.7671
63901	-0.2070	0.7728
23220	-2.8031	0.0150
219972	-11.7667	0.4950
390195	0.0000	nan
219981	0.0000	nan
219982	0.0000	nan
219983	0.0000	nan
390197	0.0000	nan
219986	16.9431	0.2722
390199	0.0000	nan
102723575	0.2316	0.6872
100188993	-0.1070	0.9506
100189283	0.0000	nan
100189115	-18.6500	0.4950
100189240	-18.8372	0.4950
100189238	0.0000	nan
100189415	0.0000	nan
105369317	-2.1340	0.0652
100049613	-19.2468	0.2691
100009605	0.0000	nan
5007	-0.5231	0.0783
100422880	0.0000	nan
101927226	-2.0946	0.0876
219988	0.0516	0.9490
105369318	-16.5736	0.0313
390201	0.0000	nan
81343	-15.8599	0.2754
6809	-0.7425	0.1672
54948	-0.2024	0.4567
2694	0.0000	nan
6947	0.0000	nan
255649	0.0000	nan
107987155	0.0000	nan
219990	0.0000	nan
932	0.0000	nan
2206	0.0000	nan
105369319	-11.7694	0.4950
64231	17.3971	0.2722
643680	0.0000	nan
102465250	0.0000	nan
51338	0.0000	nan
245802	0.0000	nan
58475	15.6732	0.2722
84689	-12.0727	0.4950
64232	0.0000	nan
931	0.0000	nan
54860	0.0000	nan
105369320	0.0000	nan
503497	14.2360	0.2722
105369321	16.8882	0.2722
283197	14.4941	0.2722
83661	0.0000	nan
728588	15.4768	0.2722
219995	0.0000	nan
341116	0.0000	nan
105369322	-15.2129	0.3065
79080	-0.1022	0.7635
11251	-0.5686	0.4171
22917	0.7370	0.6875
27339	-0.6522	0.2659
107984333	-0.1879	0.8431
105369323	-19.6670	0.1075
79073	-0.6748	0.2239
54972	-0.3457	0.7465
51296	0.1870	0.8745
923	0.0000	nan
105369326	0.0000	nan
105369325	3.3306	0.3194
921	-15.5831	0.4381
55048	-1.4507	0.0121
643834	0.4309	0.7056
643847	0.2592	0.8242
5222	0.5682	0.6052
220001	-1.6261	0.0571
1642	-0.1917	0.7581
26007	-0.7409	0.1972
220002	-1.6490	0.0068
51524	-0.2257	0.5179
51259	-0.6268	0.4181
79869	-1.2544	0.0074
54949	-0.5730	0.2278
220004	-1.8791	0.0378
105369329	-15.6103	0.0502
100616470	0.0000	nan
390205	-14.0638	0.4950
9066	-3.7892	0.4160
105369331	2.8415	0.1523
101927495	-0.6317	0.6615
113157	1.6707	0.4270
747	-0.8673	0.0303
745	-3.4063	0.0501
26070	0.0000	nan
746	-0.5414	0.5612
693196	-0.1843	0.8561
2237	0.4477	0.4329
3992	0.0567	0.8220
100302263	-19.7241	0.1083
9415	-0.6174	0.6658
3995	-0.5925	0.3513
102465446	-22.3198	0.0035
5866	-0.7620	0.3687
7439	0.0050	0.9956
107984334	-2.5407	0.0121
2495	-0.1055	0.9032
399900	-1.0634	0.2781
100507521	-13.4878	0.2192
3619	0.0535	0.9436
10648	0.0000	nan
4246	0.0000	nan
10647	0.0000	nan
4250	0.0000	nan
404552	0.0000	nan
80150	-0.2824	0.8159
107984335	-15.6729	0.2192
102723765	-1.4678	0.5735
7356	0.8422	0.6041
79026	-0.9292	0.3599
1937	-0.1233	0.8922
102465447	-5.3729	0.4824
64852	-0.8644	0.0202
9219	0.4419	0.1183
256364	-2.5831	0.0129
6094	-1.1819	0.0448
26229	-1.2015	0.0603
23193	-0.9709	0.0307
80789	-0.3498	0.6348
79081	0.2030	0.7239
102288414	0.5212	0.4361
751071	-0.7738	0.2143
692158	-2.2327	0.0727
790955	-0.1525	0.8480
51035	0.8572	0.5571
221091	-2.8597	0.2096
100534595	-0.5822	0.1941
26580	-0.0931	0.8791
2785	-0.4299	0.3698
221092	-0.8860	0.1902
283237	-0.9415	0.0303
79842	-1.2357	0.0344
5436	-0.5176	0.4284
10629	-0.6827	0.3354
374395	1.2218	0.0015
102465448	0.3010	0.5889
79064	0.4025	0.2060
10482	-1.0640	0.0876
102465257	-0.2882	0.8449
6811	-0.0738	0.9414
105369332	0.8837	0.4380
54663	0.2417	0.7877
23642	0.5086	0.6713
9304	0.0852	0.9483
9298	-1.1929	0.3364
9299	-1.6139	0.2234
9297	-1.4323	0.2962
9300	0.0859	0.9475
9301	0.3138	0.8222
9302	-0.9425	0.4277
9303	-2.6989	0.1595
6520	0.1839	0.8754
1128	0.0000	nan
105369333	0.0000	nan
9356	3.7106	0.3069
9376	0.0000	nan
283238	0.0000	nan
387601	0.0000	nan
105369334	15.9488	0.2722
387775	0.0000	nan
114571	0.0000	nan
117245	-14.3605	0.2277
85329	0.0000	nan
5920	0.1803	0.8999
54979	3.4409	0.3153
11145	-0.5212	0.5930
105369335	-16.7202	0.4950
107984336	-0.7235	0.4767
25923	-0.1421	0.8011
10313	0.0109	0.9858
65998	-2.2162	0.0284
144097	-0.5653	0.4714
2011	-1.0227	0.0421
283248	0.3667	0.7146
79829	-0.6786	0.1239
1351	0.6084	0.2591
55611	-0.2852	0.6223
28992	0.2722	0.8240
101927673	-18.7481	0.0096
23769	-1.8564	0.1845
105369339	-0.6421	0.5156
10963	0.3428	0.4859
83706	-1.4655	0.0604
83707	0.1510	0.8777
84304	-0.2471	0.7695
3338	-1.0922	0.0662
7423	-2.7028	0.2167
2286	1.3452	0.0749
114841035	1.3167	0.0767
26472	0.3341	0.7469
105369340	-0.5390	0.1094
5331	-0.6476	0.4795
572	-0.7438	0.1794
56834	-1.0775	0.1189
50801	-16.0506	0.2242
106780802	0.3216	0.7176
25858	0.9911	0.4179
2101	-1.0425	0.0264
51504	0.4380	0.3144
25824	0.7061	0.3030
102723878	-16.4372	0.0524
283234	-1.9931	0.1227
102466815	0.0000	nan
8986	-0.5110	0.5748
100302280	1.6926	0.4367
107984366	0.0000	nan
105369341	0.0000	nan
100996455	5.3536	0.2822
55867	-0.9795	0.4107
116085	-11.8102	0.4950
9379	-2.6934	0.2053
107984337	-3.2056	0.0438
10235	-1.1287	0.2957
5837	0.6349	0.6730
7536	-1.7524	0.0014
5871	-1.3559	0.1667
4221	-0.6286	0.0280
55561	1.2349	0.4627
10938	-1.8613	0.2481
113218486	-3.7425	0.3267
105369343	-13.9505	0.3066
406967	0.0000	nan
406970	0.0000	nan
23130	-1.5439	0.0414
102466192	-17.6462	0.4950
102466727	-20.3584	0.3886
5526	-1.6224	0.1082
170589	2.7460	0.3497
283129	17.5269	0.2722
116071	3.2480	0.3022
100528018	-0.1056	0.8909
402	0.0473	0.9620
102466756	0.0000	nan
29907	0.1718	0.7403
29901	0.3569	0.5209
10004	0.0060	0.9937
113130	2.0123	0.1035
7542	0.4665	0.6341
100130348	1.2841	0.1255
738	0.0972	0.9312
7108	-0.6389	0.5561
741	-0.4111	0.6249
2197	0.2628	0.7644
740	-0.1097	0.8477
84447	-1.4847	0.0223
102465449	-21.1388	0.0115
387778	-15.3009	0.2219
728975	-1.1728	0.1222
823	-0.7769	0.3596
440044	-0.4180	0.7154
23649	0.8496	0.2066
105369344	-3.1801	0.0587
10435	-0.6738	0.3009
5977	-0.1678	0.4380
220359	-1.7173	0.1806
283130	-1.1663	0.0708
83786	-0.9623	0.1539
107984338	-5.8995	0.1274
283131	-2.8110	0.1318
693197	-2.6914	0.1114
101927789	-2.6057	0.2211
105369346	-18.3179	0.3774
378938	1.9334	0.3966
109136579	1.7273	0.4205
109136578	-1.9058	0.0612
57410	-0.3757	0.6539
4054	-3.1036	0.0744
254100	-3.0899	0.0347
10534	0.4822	0.4633
23625	-0.5285	0.4345
254102	-1.8354	0.1766
10089	-1.2342	0.4870
4296	-0.7281	0.1854
399909	-0.8237	0.1262
100616292	-0.4599	0.7222
6494	-1.2727	0.2741
100616284	-19.9034	0.2192
5970	-0.8707	0.0225
105369347	0.2487	0.7858
10524	-0.6226	0.2346
84153	0.4454	0.4123
91056	-0.9202	0.0328
5017	-13.0291	0.2753
101927828	-14.7526	0.4950
254122	0.8103	0.5155
1072	0.0879	0.9138
80198	-0.8840	0.1528
30008	-1.2714	0.1501
1521	-2.6662	0.3366
9158	0.9088	0.4192
11007	-0.0205	0.9830
8061	0.7361	0.3737
83638	-0.8161	0.0449
10589	0.6712	0.6025
105369349	2.6434	0.3419
105369350	15.6746	0.2722
254187	1.3385	0.5512
9092	0.0863	0.9074
84285	-0.1076	0.7911
8815	0.4168	0.1667
1474	-0.2617	0.7020
117144	-0.8439	0.2960
89792	0.1235	0.9373
10992	-0.0794	0.7520
109616986	-0.8812	0.6989
55690	-1.0559	0.1076
105369354	-2.1019	0.3907
64837	-2.1058	0.0539
105369352	-2.7402	0.0335
105369351	-1.4719	0.1690
81876	-0.1592	0.7764
107984340	-1.2742	0.1340
254263	-19.3380	0.3073
10897	0.1332	0.8783
256472	-0.5763	0.6633
57124	-0.2988	0.5772
9610	-0.4645	0.4221
25855	0.2356	0.8137
11041	-1.5976	0.0118
102724064	-0.6318	0.4788
100189285	-1.5211	0.2122
3177	-0.6109	0.4267
266743	-1.3744	0.3331
65003	0.5456	0.6411
246330	-1.4720	0.1431
101928069	-0.9696	0.2324
10072	-0.0899	0.7956
582	-1.5722	0.0069
254359	-0.4646	0.3639
89	0.6443	0.7229
8722	-1.9851	0.0608
55231	-1.3015	0.0756
9973	-0.5454	0.4169
100526737	0.0336	0.9238
10432	-0.9986	0.2249
5936	-0.3551	0.2711
83759	-0.7474	0.0384
6712	-2.4367	0.3531
79703	-0.0142	0.9699
9986	-0.2778	0.6957
5091	-1.2073	0.2467
78999	-0.5037	0.1823
100423029	0.0000	nan
105369355	-16.2561	0.2729
254439	0.0000	nan
91683	0.3704	0.8170
102465518	0.0000	nan
29984	-0.9495	0.1333
107984341	-1.7685	0.3286
22992	-1.2759	0.0110
156	-1.7047	0.0406
338692	-1.9558	0.0317
54961	-1.7992	0.0828
100130987	-2.7232	0.0091
57804	-0.1034	0.9129
23529	-0.7115	0.2568
5883	0.2605	0.7501
5499	0.6858	0.2727
374403	-4.2725	0.0069
57571	-1.2442	0.0276
6199	-0.1871	0.5853
57175	-0.2715	0.7856
5790	-1.5232	0.1084
390212	0.0000	nan
57010	2.8973	0.3296
80194	-1.1065	0.0832
9049	-0.5572	0.4800
102465450	-20.8050	0.0007
9600	-1.7480	0.0480
10263	-0.2437	0.6676
51475	0.0000	nan
2950	0.5999	0.5352
100505621	-14.4362	0.3066
4723	0.2095	0.8272
390213	-18.8066	0.0147
254552	-0.9306	0.0756
347853	1.3732	0.5427
91703	-16.1049	0.3065
222	0.0000	nan
105369358	-13.6905	0.4950
105379406	-16.2531	0.4950
645332	-0.1539	0.6266
105369360	1.6314	0.3755
112268076	-14.2767	0.3642
81622	-0.7328	0.3315
221	-0.2921	0.5020
4728	0.7907	0.5390
102465669	-2.9040	0.1062
100616403	-2.1482	0.1655
10312	-0.7159	0.2383
102465451	-21.5025	0.2761
1119	-0.7871	0.0751
105369362	2.1688	0.3754
51111	-0.8581	0.1483
53838	-0.2300	0.5266
105369363	-2.7454	0.0511
4041	-3.6334	0.0585
55291	-0.1979	0.5631
107984343	2.9588	0.3367
51083	4.7958	0.2867
9633	-0.1940	0.9093
1374	-0.3805	0.1276
105369364	0.7050	0.6144
219927	0.2307	0.7964
3508	-1.6900	0.0465
116512	-16.8617	0.0078
116535	-2.5877	0.1561
101928200	-20.3737	0.0291
219931	-1.7310	0.0075
100422846	-20.4028	0.0078
107984344	0.0197	0.9831
338694	0.0000	nan
107984345	-1.5344	0.3109
105369366	-15.6983	0.4950
105369367	0.0000	nan
105369368	0.0000	nan
26579	-16.4695	0.4028
105369370	0.2902	0.8354
102724265	-0.6263	0.8149
105379407	0.0000	nan
101928292	0.0000	nan
595	2.2256	0.3553
220064	-0.9241	0.0303
9965	0.0000	nan
2249	0.0000	nan
2248	0.0000	nan
107984368	0.0000	nan
107984355	0.0000	nan
101928443	0.0000	nan
105369371	0.0000	nan
100009613	0.0000	nan
55107	-14.7456	0.3124
105369372	16.1576	0.2722
101928473	0.0000	nan
8772	-0.3696	0.2413
8500	-1.0394	0.0358
100313770	0.0000	nan
107984346	-16.4795	0.1082
105369373	-0.7457	0.2401
107984347	-1.1397	0.0317
2017	-0.7295	0.0951
22941	-2.0186	0.1888
100874198	15.0918	0.2722
220070	0.0000	nan
100500844	0.0000	nan
399923	0.0000	nan
1717	-0.5690	0.6463
55191	-0.1303	0.8757
102466728	0.0000	nan
440050	-3.0484	0.1850
57830	-17.6099	0.0870
3846	-18.3366	0.1071
387273	3.9383	0.3011
440051	0.0000	nan
105379409	-16.9759	0.2530
55199	0.0455	0.9208
285407	-0.9369	0.0617
100131539	-0.4395	0.6974
245911	17.0548	0.2722
100133315	0.4398	0.3859
100129216	-0.5529	0.6407
55298	-0.8162	0.2112
10068	-2.0099	0.0164
4926	-1.0497	0.1178
100128494	-1.9118	0.0350
100422953	0.0000	nan
220074	-0.0259	0.9635
55004	0.6521	0.5827
25906	0.2820	0.6863
2352	0.2358	0.8356
2348	-20.1126	0.3265
2350	-14.8904	0.4950
3636	-1.5813	0.0313
401	0.7328	0.6733
81570	0.0989	0.7484
112268077	4.5528	0.2902
105369376	-18.4452	0.3328
101928555	-13.6186	0.4950
5138	1.4077	0.0814
105369378	-14.8700	0.4950
105369377	0.0000	nan
406931	0.0000	nan
105369379	1.6930	0.4367
116985	-1.7403	0.1000
100506020	-3.5315	0.0015
10809	0.3128	0.7811
100616410	0.0000	nan
105369380	-1.4900	0.1120
107984421	-1.7609	0.0025
89849	-1.3563	0.0849
9873	-1.0497	0.2813
105369381	-14.6827	0.1419
5029	-15.6986	0.2430
105369382	0.0000	nan
5031	-0.9434	0.5960
9828	-2.4051	0.0160
100287837	-3.7619	0.0390
84957	-0.5975	0.1602
23201	-1.0086	0.0864
58473	-4.7617	0.2800
5870	1.1753	0.4460
51642	-0.3958	0.3289
51287	0.0621	0.9308
80227	-0.1739	0.5086
374407	-2.3470	0.3543
7351	2.1059	0.1227
7352	-3.3036	0.1780
26005	-1.9509	0.3828
51400	-0.5701	0.3886
105369383	0.7126	0.1872
283208	0.0162	0.9898
101928580	-0.9613	0.4830
112268078	-14.3556	0.4950
283209	-1.4029	0.5371
100616215	0.0000	nan
10008	-0.1983	0.8804
387787	-0.2601	0.4966
100287896	-1.0406	0.2504
105369386	0.0000	nan
10714	-0.0250	0.9517
25884	-0.8692	0.6947
100616402	0.0000	nan
254225	-0.6881	0.1434
143570	-0.5466	0.3752
107984352	-14.4654	0.2691
9789	-0.5106	0.3147
10825	0.1240	0.8133
341152	15.6523	0.2722
107984358	19.2535	0.2722
11309	0.0000	nan
105369388	13.2063	0.2722
100507050	-13.9198	0.2691
408	-1.7636	0.4309
442900	0.0000	nan
6188	0.9512	0.4905
6079	-20.8621	0.0777
114599	2.5934	0.3487
283212	0.5181	0.6231
81544	-1.6860	0.0383
105369389	-14.4645	0.2684
871	-0.4871	0.6540
105369391	-1.3461	0.1957
4135	-1.6417	0.0593
105369392	0.0000	nan
80168	0.0000	nan
105369393	0.0000	nan
283214	15.9959	0.2722
84649	1.7310	0.3566
100506113	-16.9129	0.0502
7405	-0.6976	0.0633
7481	-0.4464	0.7039
112268079	0.2596	0.8724
107984359	-13.9364	0.4950
100189072	0.0000	nan
100189224	0.0000	nan
105369395	0.0000	nan
5612	-0.2300	0.7333
100506127	-0.9599	0.2472
56946	-0.8198	0.0653
101928813	-0.2128	0.8897
2615	-1.2402	0.2160
107984360	-1.8708	0.0647
390226	0.0000	nan
105369397	-14.5911	0.4950
25987	-0.6994	0.2934
101928837	-0.8950	0.3454
55331	-0.3818	0.7108
192134	0.0000	nan
105369399	0.0000	nan
105369400	0.0000	nan
726	-0.7288	0.3811
4975	-18.5773	0.1581
4647	-12.9007	0.1082
220032	-14.6753	0.3802
5058	-0.0500	0.9093
646029	-16.9899	0.3586
282679	-1.3934	0.2070
1207	-0.0436	0.8799
107984369	0.0000	nan
51773	-0.6325	0.3475
28971	0.0306	0.8641
92105	0.0145	0.9669
100532726	0.2240	0.6014
65987	0.2390	0.8511
7069	-16.1317	0.0502
4718	-0.1007	0.8244
105369401	-0.8364	0.5675
79053	0.8832	0.4079
100289388	-1.0569	0.0585
283219	-0.2192	0.3425
57558	-1.9924	0.0029
9846	-1.1694	0.0236
105369402	-1.4546	0.5126
101928865	-17.5018	0.2418
79731	-0.5724	0.0631
105369403	1.3556	0.2818
101928896	0.0000	nan
26011	0.2557	0.8264
100126333	0.7287	0.6694
100847000	0.0000	nan
105369405	17.6519	0.2722
107984424	-12.6738	0.4950
105369406	0.0000	nan
105369408	-15.6545	0.3065
105369409	0.0000	nan
101928944	0.0000	nan
101928989	0.0000	nan
100422823	0.0000	nan
107984423	0.0000	nan
105369410	0.0000	nan
220382	-13.4865	0.4950
105369413	-13.5676	0.4950
5547	-0.8649	0.0507
220042	3.0437	0.2857
27314	-0.3820	0.5724
100379250	0.0000	nan
100506233	-0.2475	0.6827
51585	-0.4628	0.4949
100506282	-0.8399	0.2027
106736475	-0.3495	0.7375
338699	-0.5369	0.2732
60492	-0.0766	0.8995
105369420	-13.6451	0.4950
1740	-1.8780	0.3250
107984425	1.1377	0.5534
101929043	-11.0407	0.2192
105369416	0.0000	nan
55863	-0.0453	0.9090
84233	1.1390	0.2156
58487	-1.3407	0.1059
220388	-0.1258	0.9028
54843	-2.4617	0.0040
220047	14.2769	0.2722
8301	-0.0509	0.9542
107984426	0.0000	nan
8726	-0.8670	0.1273
102465452	-21.4809	0.1880
51501	0.2856	0.2403
105369421	-15.8942	0.3066
60494	-0.2236	0.8453
10873	-0.7203	0.4630
107984427	-1.1859	0.0747
102724775	-17.3059	0.0039
11098	-1.1747	0.1432
8587	-16.4544	0.3876
112268086	-2.5053	0.0292
107984429	-16.7490	0.0371
107984428	-1.2727	0.0903
8322	-0.8873	0.3715
100506368	-4.2647	0.0443
105369422	-15.6298	0.1577
65084	-0.6667	0.2928
107984361	-2.6513	0.2572
105369423	0.0000	nan
23682	0.4395	0.5760
100423040	0.0000	nan
1075	-0.0877	0.9372
101929174	-0.4095	0.5878
2915	-1.6721	0.1011
100873989	-15.1609	0.1602
107984363	-15.3943	0.2514
7299	-12.6076	0.4950
50507	-2.0995	0.3128
219595	15.4902	0.2722
390231	0.0000	nan
57093	0.0000	nan
105369176	0.0000	nan
642446	0.0000	nan
399939	0.0000	nan
729384	0.0000	nan
120146	0.0000	nan
399940	0.0000	nan
642569	3.3884	0.3172
642612	0.0000	nan
642623	0.0000	nan
10003	-2.2593	0.2870
26973	-0.0521	0.9536
101929222	0.0000	nan
100616186	0.0000	nan
100302228	0.0000	nan
105369427	0.0000	nan
107984371	0.0000	nan
105369428	0.0000	nan
105369429	0.0000	nan
120114	2.5656	0.2968
105369431	0.0000	nan
4544	0.0000	nan
120103	-0.3396	0.7114
112268080	0.0000	nan
159989	-17.0529	0.3046
56935	-1.3456	0.0265
85459	-0.7141	0.4278
619383	0.7583	0.5545
79101	0.7762	0.5311
684959	0.2278	0.8789
692063	0.6707	0.6537
692075	0.6606	0.6964
677792	-0.6234	0.5854
654320	0.5842	0.6423
692072	0.5368	0.7190
677805	-0.3231	0.7432
100302240	-0.4799	0.7161
677822	-1.1298	0.2518
28970	-1.2746	0.0593
9440	-0.6702	0.2827
387804	0.9671	0.1399
341208	-18.4038	0.3532
24145	-0.6283	0.1587
105369435	-1.2920	0.2048
390243	0.0000	nan
10888	2.1131	0.2034
4361	-0.6986	0.2901
100302275	-19.2671	0.3033
54851	-0.4015	0.3558
643037	0.0000	nan
2526	-0.5535	0.4625
105369438	-0.7122	0.2868
143689	-0.8469	0.1231
105369436	-13.7794	0.0664
154810	-1.0440	0.2378
107984376	-12.7508	0.2261
51503	0.7098	0.3257
55693	0.2613	0.3766
390245	-12.6486	0.4950
107984375	-14.5067	0.4950
10929	-0.0890	0.5492
23052	0.4432	0.6739
101929295	-1.4897	0.1642
143686	-1.3003	0.4773
100129203	-1.9812	0.0954
105369439	0.0000	nan
105369440	0.0000	nan
105369441	0.0000	nan
107984377	-14.9703	0.4950
143684	-0.2561	0.7932
9702	-0.3850	0.4677
8898	0.5848	0.5139
84441	-0.3680	0.6286
100422991	-2.8290	0.0145
79780	0.0035	0.9974
8690	-0.4429	0.4826
100874053	-14.5002	0.4950
105369443	0.0000	nan
105369448	0.0000	nan
105369450	0.0000	nan
105369451	0.0000	nan
105369452	14.2516	0.2722
105369453	0.0000	nan
105369454	0.0000	nan
105369455	17.4556	0.2722
53942	-1.5458	0.6103
107984430	0.0000	nan
107984431	0.0000	nan
105369456	15.0319	0.2722
100128386	-2.1450	0.1560
143872	-1.3069	0.4258
105369457	0.0000	nan
109616988	0.0000	nan
5241	-2.5917	0.2774
101054525	-16.0663	0.2219
105369458	3.8743	0.3026
7225	-6.7451	0.0687
100500823	0.0000	nan
253935	-1.0554	0.3594
57562	-1.7677	0.1447
85016	-0.4202	0.6156
10413	-1.2939	0.1212
105369460	-1.2693	0.5324
330	-0.0519	0.9571
329	0.1520	0.8825
114908	0.3934	0.7538
101928424	-2.3934	0.1605
102723838	0.0000	nan
4316	0.0000	nan
9313	14.8778	0.2722
101928477	-16.1566	0.3973
64066	-2.4021	0.2636
4317	-18.1101	0.0259
4319	2.0275	0.3869
100288077	-0.3918	0.8299
4312	-0.1208	0.9355
4314	2.8790	0.1765
4321	4.4262	0.2698
4322	0.5556	0.7033
84259	-0.6282	0.1664
79659	-0.6688	0.3297
105369463	3.2662	0.2068
102723862	1.3735	0.4926
100616457	0.0000	nan
105369464	-6.2221	0.0925
80310	-3.5832	0.1845
414301	-17.2425	0.1495
102723879	-16.7890	0.2729
102723895	0.0000	nan
105369466	0.0000	nan
107984380	-17.1272	0.2772
100506742	-19.6593	0.2668
643733	-1.1147	0.1843
837	0.7828	0.4943
838	-15.6504	0.0056
834	0.5916	0.6326
114769	0.6304	0.5955
107984381	0.0000	nan
440067	15.9362	0.2722
440068	-12.1532	0.2691
59082	0.0000	nan
105369469	0.0000	nan
105369468	0.0000	nan
2893	-1.2734	0.3468
84437	-0.6998	0.0662
143879	-2.0088	0.0534
60496	-0.2854	0.7418
105369473	0.0000	nan
101928535	0.6010	0.7830
105369474	-18.5236	0.3066
2977	-2.2827	0.1888
112268081	1.0163	0.6419
105369475	-17.2319	0.3862
105369477	-0.6518	0.5481
143884	0.3786	0.3572
91801	-0.6014	0.2655
55531	-17.7985	0.2207
112267904	0.0000	nan
6588	-17.9009	0.2684
54733	-0.1649	0.8331
54734	-12.9599	0.4950
8065	-0.4495	0.5534
38	-0.1732	0.7396
4863	-0.3614	0.6885
472	-0.8104	0.3490
160140	-0.1345	0.8640
143888	-0.7227	0.5961
112267909	-0.5332	0.6190
23086	-5.3713	0.4249
101928561	-1.8199	0.3739
1662	0.4148	0.0072
399947	-0.4604	0.7160
105369482	0.0000	nan
105369483	0.0000	nan
107984384	-13.6063	0.4950
105369484	4.6607	0.1795
85463	-0.6787	0.2934
5962	0.7672	0.5093
105369486	0.0000	nan
107984385	0.0000	nan
2230	-0.1274	0.6550
105369487	-2.4178	0.3845
57569	-2.3174	0.1658
105369488	-14.5318	0.4950
105369489	0.0000	nan
105369490	0.9971	0.5703
102723966	-15.5749	0.0502
341032	0.0000	nan
399948	2.3998	0.2599
120376	-1.1967	0.4116
105369491	0.0000	nan
100616330	0.0000	nan
5450	2.5852	0.2152
54766	-0.2804	0.8779
100132078	0.0000	nan
107984386	0.0000	nan
644277	0.0000	nan
728196	-16.8646	0.2691
407041	-17.4828	0.4950
407042	-17.5734	0.4950
399949	-3.1157	0.1545
143903	-0.4038	0.3950
23235	-1.0877	0.0603
5519	0.0449	0.9524
79796	0.1410	0.5953
91893	-0.9485	0.1490
64776	0.0464	0.9018
1410	-0.3097	0.6511
3316	-0.3469	0.6660
100528019	-0.7620	0.4030
91894	-1.7239	0.0997
85458	-0.9108	0.2962
1737	0.3988	0.5702
120379	1.0497	0.4772
55216	-0.2379	0.5733
26521	0.4669	0.4599
6392	0.1618	0.8234
3606	0.4992	0.7684
107987164	-15.5598	0.4950
56158	0.2875	0.8288
83875	-4.3329	0.0008
5805	0.2123	0.7098
349633	-17.0304	0.0430
100132686	-17.5790	0.0636
283140	-2.2455	0.0458
107984388	1.4371	0.2976
107984387	-3.5017	0.0356
107984389	-14.1531	0.2192
101928823	-17.4804	0.3699
387810	-14.1990	0.4950
105369496	0.0000	nan
105369498	0.0000	nan
101928847	-2.6169	0.4357
4684	-3.4024	0.4378
100288346	-1.8591	0.5397
54970	-0.2465	0.7299
255239	-4.6883	0.2182
1813	3.8981	0.3001
100422855	0.0000	nan
105369501	0.0000	nan
107984390	-1.3394	0.1863
80975	-1.4352	0.0368
9183	0.1792	0.1389
644672	0.0000	nan
57646	-0.4531	0.0621
9177	13.4932	0.2722
3359	0.0000	nan
7704	0.8597	0.6277
101928875	0.0000	nan
4837	-0.2619	0.8033
101928940	-17.1017	0.1248
107984391	-2.7005	0.1377
54494	-0.6763	0.2380
10179	-0.3680	0.5712
25996	-0.2784	0.1948
120406	-1.1230	0.4276
120400	-1.7802	0.5203
54827	-19.2344	0.4795
105369504	0.0000	nan
105369506	0.0000	nan
105369505	0.0000	nan
23705	-1.3413	0.0063
105369509	0.0000	nan
105369507	0.0000	nan
105369511	0.0000	nan
105369512	-15.4544	0.1083
101928985	0.0000	nan
283143	-1.5646	0.2199
107987165	-13.0764	0.4950
102724165	0.3535	0.8736
112268082	0.0000	nan
105369513	0.0000	nan
107984393	0.0000	nan
107987166	0.0000	nan
107984372	0.0000	nan
101929011	0.0000	nan
84811	-0.2870	0.6235
8882	0.3982	0.6139
116519	3.1607	0.3265
337	0.0000	nan
345	0.0000	nan
335	-16.2221	0.0028
104326055	-19.1193	0.0154
23387	-1.1501	0.0696
5049	0.1678	0.7501
51092	-0.7619	0.0883
100652768	-0.9922	0.0633
6876	-0.1358	0.8885
9159	0.4478	0.6854
257160	-0.5983	0.1747
23621	0.0739	0.9264
100379571	-0.4913	0.4874
22897	-0.8795	0.0471
57453	12.3151	0.2722
105369515	0.0000	nan
107984394	0.0000	nan
486	0.0000	nan
100533181	-14.1004	0.4950
53826	0.0234	0.9838
84000	0.0000	nan
3587	-11.4579	0.4950
100526771	-10.4447	0.4950
56649	-13.5927	0.4950
105369517	0.0000	nan
6330	-11.6518	0.4950
6327	0.0000	nan
120425	-12.6305	0.4950
196264	-0.6400	0.6331
10205	-13.2370	0.4950
916	0.0000	nan
915	0.0000	nan
917	17.9567	0.0196
9354	-0.1205	0.8504
100131626	0.2923	0.7843
10632	0.2313	0.4992
4297	-0.7288	0.3162
101929089	-1.9913	0.0241
143941	-3.0029	0.2797
84866	-1.0846	0.5031
56912	-0.5340	0.2427
372	1.1408	0.4080
23187	-1.5129	0.1401
102466719	-1.9449	0.0999
11181	-0.4609	0.4853
105369519	-12.6022	0.4950
1656	-0.7149	0.2817
643	-0.9309	0.0639
283149	-2.1057	0.0096
100616376	-21.8429	0.1987
7379	1.2057	0.5293
283150	-12.7414	0.4950
107984396	-1.8455	0.0415
338657	0.5500	0.0700
649946	-2.7574	0.0477
6230	0.1814	0.7686
51399	-0.2422	0.4635
2542	-0.2185	0.6893
10525	0.3474	0.5035
55823	0.1386	0.6749
3145	-0.5303	0.2754
3014	0.9428	0.2393
1798	0.2476	0.2208
107984397	-1.2817	0.2841
9854	-1.6623	0.0544
25988	-0.5870	0.2616
64137	-1.6047	0.4946
79671	-0.7705	0.2283
79849	-12.2735	0.4950
283152	1.1682	0.4854
109623467	0.0000	nan
867	0.1601	0.8934
4162	0.9847	0.2377
102465453	0.0000	nan
79102	-0.5389	0.1703
114902	-2.5943	0.3816
83552	-2.5943	0.3816
9099	-2.1365	0.1904
100499227	-19.6587	0.0033
7070	-1.5491	0.2580
107984398	-3.7342	0.1684
105369520	0.0000	nan
5818	-1.2318	0.1909
105369525	0.0000	nan
102724301	-1.6333	0.3154
105369526	0.0000	nan
105369528	0.0000	nan
105369527	20.0184	0.2722
105378956	0.0000	nan
23650	0.7388	0.6429
105369529	-13.9129	0.4950
107984399	0.0000	nan
105369530	0.0000	nan
220323	0.3330	0.6677
25833	2.2214	0.3710
649133	0.0000	nan
105369531	0.0000	nan
219902	-0.5000	0.3647
23365	-0.3099	0.7415
2900	-15.1423	0.0333
107984400	4.5587	0.2902
105369532	-17.6252	0.0502
101929227	11.6048	0.2722
101929208	0.0000	nan
219899	-0.8990	0.1823
7007	-0.4609	0.5820
105369533	0.0000	nan
105369534	0.0000	nan
6309	-0.4731	0.6722
105369536	11.2143	0.2722
6653	-0.6505	0.7652
105369535	0.0000	nan
107984402	-0.4716	0.8203
399959	1.1285	0.3841
406911	-1.2630	0.3865
414899	-1.0574	0.3041
406882	3.1810	0.3256
113218492	-19.9387	0.3033
406892	0.0000	nan
100189294	0.0000	nan
84959	-0.1599	0.9172
56253	-16.2942	0.2821
79864	-1.4871	0.0548
390259	0.0000	nan
341056	-0.1491	0.4530
3312	0.7681	0.0564
85391	-2.1163	0.0831
85390	-1.2528	0.0060
85389	-0.0695	0.9526
101929289	-2.0285	0.1623
79827	0.2141	0.8083
105369540	0.0000	nan
105369539	0.0000	nan
105369541	14.9762	0.2722
57476	-0.2768	0.8234
100616319	0.0000	nan
55800	-0.6881	0.4933
105369543	-13.2621	0.2192
7753	-0.9494	0.0731
390260	0.0000	nan
105369544	0.0000	nan
390261	0.0000	nan
338661	0.0000	nan
338662	0.0000	nan
219875	0.0000	nan
219874	0.0000	nan
219873	0.0000	nan
79490	0.0000	nan
390264	0.0000	nan
219870	0.0000	nan
219869	0.0000	nan
390265	0.0000	nan
107984403	0.0000	nan
105369545	0.0000	nan
4013	-1.1324	0.1530
26497	0.0000	nan
102724410	16.0858	0.2722
26492	0.0000	nan
112267863	0.0000	nan
26494	0.0000	nan
219865	0.0000	nan
283159	0.0000	nan
112268069	0.0000	nan
283160	0.0000	nan
26595	0.0000	nan
390271	0.0000	nan
107984404	0.0000	nan
283162	0.0000	nan
26493	0.0000	nan
219858	0.0000	nan
390275	0.0000	nan
116337	0.0000	nan
84897	-0.6635	0.1001
54414	-0.6442	0.3519
53340	1.2286	0.0042
107984405	0.0000	nan
4900	1.8332	0.4493
23584	-13.3412	0.4950
90952	-2.1010	0.0994
101929340	-2.9510	0.0230
79684	-0.4324	0.5570
100507283	-1.0564	0.1057
64221	-0.1828	0.8342
54538	0.0215	0.9804
107984406	-0.4595	0.7224
220296	-13.8125	0.3065
641654	-15.2037	0.3065
105369547	-0.5692	0.6533
80071	0.2479	0.8429
219855	1.1264	0.0221
219854	-0.9025	0.0122
103695364	0.0000	nan
63876	-2.5382	0.1613
105369549	-14.2251	0.4950
9638	-0.5753	0.0765
403312	-0.9793	0.3190
105369550	1.2475	0.2777
9538	-0.0008	0.9974
3703	0.4390	0.0630
1111	1.3307	0.3062
56	0.9026	0.6274
105369551	14.6842	0.2722
160065	0.0000	nan
399967	-14.5102	0.4950
100169851	-13.5146	0.3033
105369552	-0.0971	0.9554
399968	-14.2567	0.4950
219844	0.2189	0.7163
83480	0.7882	0.2538
29118	-0.8808	0.6990
338667	-13.9882	0.1081
50937	-1.5177	0.0833
107984407	0.0000	nan
105369591	-1.0416	0.4878
84881	0.4074	0.3622
79607	0.3417	0.4163
6734	-0.3268	0.1917
55572	-0.5710	0.2137
114609	-1.4372	0.0488
105369557	-0.4200	0.5884
28960	0.0560	0.7896
399972	-0.7143	0.3740
6484	-0.3854	0.4262
84623	-0.8850	0.1269
101929427	-1.9820	0.0714
105369561	0.3519	0.8246
105369559	-0.5470	0.6191
100874251	0.9363	0.4638
100422918	19.1765	0.2722
105369558	0.5871	0.5632
283165	-14.4244	0.4950
101929473	0.0000	nan
105369562	0.0000	nan
107984379	0.0000	nan
101929497	0.0000	nan
107984373	0.0000	nan
107984374	0.0000	nan
105369563	-14.7692	0.0710
105369564	0.0000	nan
107984408	-14.4641	0.4950
2113	-0.1216	0.8968
102466104	1.7109	0.4705
101929517	0.0000	nan
105369565	-13.1991	0.4950
105369568	-13.6814	0.2372
101929538	-14.3083	0.4950
2313	-0.8692	0.1368
100507392	-0.5807	0.5441
3758	-3.5807	0.3644
107984409	-16.0284	0.4181
3762	-0.1775	0.9128
219833	-1.6666	0.2979
63970	-14.4168	0.1543
9743	-0.9482	0.1154
399975	1.4201	0.2552
105369571	0.0000	nan
105369572	0.0000	nan
8538	2.1860	0.4001
107984410	14.7390	0.2722
101929557	0.0000	nan
120224	0.8871	0.5820
4798	-1.0204	0.0402
56980	-1.3476	0.0949
440072	-3.2203	0.0815
107984432	0.2491	0.8782
334	-0.5214	0.6350
6768	-1.0974	0.5897
29068	-1.3463	0.0176
646383	-16.7485	0.2314
11095	-5.9115	0.2049
170689	-0.2223	0.8899
105369574	-15.3939	0.0243
102466873	0.0000	nan
283171	-13.4201	0.4950
105369575	-14.3220	0.4950
105369576	13.7149	0.2722
100507431	-14.3703	0.4950
103611081	-0.6635	0.0761
399979	-0.7869	0.0360
105369577	0.0000	nan
107984411	-12.5248	0.2192
105369579	-12.4498	0.4950
105369578	-13.7229	0.3033
107984412	18.2514	0.2722
50863	-1.8680	0.4235
101929653	4.0039	0.1277
101929637	-14.4700	0.4950
107984413	-4.5513	0.4461
100874281	17.8213	0.2722
4978	-3.9785	0.4268
105369580	0.0000	nan
646522	0.0000	nan
219938	0.0000	nan
283174	-2.4420	0.2502
100616119	1.7464	0.4641
22997	-15.6718	0.0605
107984414	0.0000	nan
100128239	-1.5711	0.1927
83700	-0.1330	0.5760
107984040	-14.6938	0.2691
23310	-0.0413	0.9284
109623486	1.1923	0.3203
112936	-0.8306	0.1634
29087	0.5400	0.5831
27034	-0.6267	0.1673
112937	3.6925	0.2242
89944	3.0887	0.3299
27087	0.0000	nan
283177	15.6183	0.2722
105369583	-11.6659	0.4950
105369584	0.0000	nan
729305	-13.1364	0.4950
105369586	-15.7421	0.3033
100507548	0.0000	nan
105369588	0.0000	nan
105369587	0.0000	nan
105369589	0.0000	nan
107987373	0.2978	0.7775
107987374	-16.2896	0.2354
107987375	-12.8140	0.4950
112267876	5.2631	0.2827
102724852	4.8473	0.2865
100288778	-0.9104	0.3646
107987170	-16.0991	0.0028
677784	16.0920	0.2722
440073	-11.8248	0.4950
105369593	0.0000	nan
574538	0.0000	nan
105369592	4.1606	0.2965
6539	0.0000	nan
101929384	0.0000	nan
6540	0.0000	nan
102723544	0.0000	nan
5927	-0.4603	0.0379
84318	0.0205	0.8685
105369594	1.4063	0.3576
283358	-13.7528	0.2372
4815	-0.1089	0.8521
105369595	-14.7634	0.4950
100049716	-0.5007	0.5150
105369597	0.0000	nan
101929432	0.0000	nan
65125	-0.3827	0.6606
5893	-0.4247	0.2842
23085	-0.0423	0.9470
107987182	3.6670	0.3054
100292680	-0.7055	0.1521
107984507	-1.9644	0.1357
81029	-0.5776	0.1722
144699	-0.7053	0.1044
100500816	-2.6333	0.3112
79602	-1.1521	0.0028
93589	-0.9385	0.2081
105369602	-15.4962	0.3033
105369601	0.8672	0.6389
654429	15.4752	0.2722
112268103	0.0000	nan
100271702	0.0000	nan
196513	0.1772	0.5070
775	-2.4728	0.0300
107984540	2.8080	0.3361
100874369	-16.4814	0.3065
107984131	0.4409	0.7093
100874234	-16.9474	0.3862
100874370	-15.1264	0.4950
100874235	-2.1293	0.0341
100652846	-1.9237	0.0468
107984539	-2.5142	0.0601
283440	-2.3037	0.0131
2288	0.0842	0.8022
55846	-0.2830	0.0549
83714	-1.9027	0.0335
101929469	-2.9597	0.0412
2305	1.2971	0.3091
83695	0.4260	0.0410
7289	-0.1786	0.6318
7004	-0.3536	0.6861
10867	-3.1041	0.0137
105369606	-2.6584	0.3637
100128253	-1.9929	0.4715
101930162	0.0000	nan
56341	-12.2569	0.4950
105369607	0.0000	nan
100129223	0.0000	nan
84766	-2.4331	0.0980
107984495	-2.7931	0.2624
57097	-0.2841	0.7482
105369609	-16.6228	0.0792
105369608	15.4806	0.2722
105369611	-15.5091	0.4950
105369612	0.0000	nan
103752584	-2.4064	0.0024
894	-0.8261	0.2870
57103	-1.6498	0.0217
8074	0.0000	nan
2251	0.0000	nan
57102	-0.2050	0.7475
10635	3.0162	0.2841
8798	0.9224	0.3215
10566	-0.7175	0.3971
4704	0.5491	0.2132
101929549	-15.4069	0.3033
26290	-0.0975	0.9552
105369614	-12.6022	0.4950
3742	1.9740	0.4276
3736	0.0000	nan
100507560	0.0000	nan
3741	-12.3684	0.4950
105369617	-1.3446	0.6132
105369616	0.0000	nan
101929584	0.0000	nan
105369618	-3.3307	0.5158
4908	-2.8666	0.2194
57101	-3.5098	0.4592
105369621	-11.3687	0.4950
7450	-17.1351	0.2641
109729112	0.0000	nan
105369623	-16.4595	0.3065
105369622	0.0000	nan
928	-1.5972	0.5232
105369625	-14.9684	0.3065
105369624	0.0000	nan
55200	-0.9778	0.3001
7132	-0.6118	0.2857
112268088	-16.7158	0.0151
6337	-3.0254	0.0308
107984500	-0.6199	0.7442
105369626	-15.6587	0.2261
4055	-1.7967	0.0556
678655	-1.1637	0.0457
939	-3.1181	0.0287
55080	-0.0614	0.9426
6843	-1.7934	0.1164
51258	0.8474	0.0807
9918	0.0657	0.7557
692148	2.4878	0.3584
112268089	1.2778	0.0019
2597	0.6816	0.3581
25900	-2.3504	0.1399
4839	-0.3160	0.3122
1108	-0.1825	0.6852
677780	1.3888	0.5389
105369631	0.0000	nan
57121	0.0000	nan
84519	-2.6023	0.0274
51147	-0.7209	0.4835
171017	-0.8046	0.0252
196500	1.1934	0.0680
50813	-0.0821	0.6083
8079	-0.0997	0.7766
5763	-0.2498	0.5228
3902	-0.7936	0.2258
920	-3.1219	0.1020
27239	-1.5225	0.0768
10536	-1.8518	0.0669
2784	-2.7184	0.0167
83461	1.9411	0.2718
8078	-0.0183	0.9724
7167	-0.4059	0.5885
84727	-0.8917	0.2471
105369632	0.3470	0.7533
283345	0.1068	0.9232
171220	0.4533	0.2518
10233	-0.1722	0.8467
2026	-1.5743	0.0338
1822	-1.9451	0.0776
113246	0.2236	0.8404
100147744	-2.7764	0.0541
5777	1.3605	0.2526
105369634	0.0000	nan
105369635	0.0000	nan
406985	0.0000	nan
406933	0.0000	nan
11331	0.4179	0.6708
677777	-1.1685	0.2566
10436	-0.3879	0.4048
10162	-0.4424	0.3059
716	-2.3763	0.0176
715	-2.2772	0.0775
51279	-1.2075	0.1476
283314	-2.4993	0.0252
83758	-3.1871	0.0557
9746	-2.6471	0.0692
5830	-1.0645	0.0511
341392	-14.6694	0.2691
283316	0.3093	0.6899
101927882	-13.9758	0.4950
9332	-0.9348	0.4970
339	15.7602	0.2722
9573	0.0000	nan
359787	0.0000	nan
170482	-13.0720	0.4950
360030	18.4913	0.2722
79923	-0.0240	0.9814
144195	0.3699	0.5646
6515	-0.2557	0.5721
55810	-0.7214	0.2047
719	0.6351	0.6729
25977	-0.7548	0.0234
50856	-1.3673	0.1299
642559	-18.6700	0.0366
440077	-1.2900	0.4401
440078	-2.3083	0.0398
55138	-2.0187	0.0517
653113	-0.0790	0.9220
101927905	-0.6657	0.2295
112268090	-1.9132	0.0399
107987171	0.0000	nan
389634	-16.4867	0.2192
101927966	-1.2199	0.5350
93978	0.0000	nan
338339	0.0000	nan
26253	0.0000	nan
105369645	0.0000	nan
57379	-1.2329	0.4143
8076	-1.9912	0.3268
57494	-1.1635	0.0993
144568	-0.6123	0.4719
1911	-0.8823	0.0305
4074	-0.2312	0.4407
10219	0.1525	0.7930
253128	-1.9895	0.1652
144571	-0.0276	0.9838
2	-8.7365	0.2669
5858	-14.2696	0.2193
3	0.0000	nan
100422872	1.5350	0.4399
100499405	0.9306	0.1329
642846	-0.1540	0.8772
107984489	0.1492	0.9279
105369649	0.0000	nan
101930452	1.8490	0.2331
101928030	0.0000	nan
728715	2.7102	0.3439
105369647	-14.0869	0.4950
107987172	18.7389	0.2722
440081	0.4664	0.6593
105376678	-17.5032	0.2255
408186	-0.1562	0.9027
3820	3.3485	0.1787
107987174	3.1958	0.3250
374443	-1.3539	0.2564
105369728	-15.8577	0.2192
29121	-0.2064	0.8126
105369652	-13.6040	0.4950
160365	-14.1536	0.4950
969	-15.6118	0.2219
51348	-1.3177	0.3933
9976	-2.1162	0.0801
100431172	-3.0644	0.3504
387836	-4.2120	0.3188
100506159	-5.7651	0.3558
400002	-4.0286	0.2261
160364	-5.6257	0.1673
51266	-5.4898	0.2584
387837	-6.4561	0.2784
102724020	-4.0932	0.2344
112268091	-21.5391	0.2705
283420	0.0000	nan
51267	-2.5214	0.2274
105369655	0.0000	nan
64581	0.0000	nan
4973	0.2341	0.8670
120939	1.4509	0.2738
107984509	0.0000	nan
23710	-1.4875	0.0423
3824	-1.8764	0.2105
105369656	-15.8409	0.2192
113523642	-16.3392	0.3065
101928100	-2.4711	0.2489
100528032	-2.0422	0.2300
22914	-1.7427	0.1665
8302	-16.3541	0.4950
3823	-15.0505	0.4950
3822	-13.6213	0.4950
3821	-14.0550	0.4950
105369657	-11.4037	0.4950
255308	-0.8098	0.3230
105369658	0.0000	nan
101060038	15.8606	0.2722
105376675	15.0172	0.2722
10748	-0.2379	0.8305
55110	0.3217	0.1018
55359	-0.6409	0.2677
8531	0.4693	0.2589
112268104	-1.6728	0.1091
101928162	0.0000	nan
50837	-15.1142	0.4950
50836	0.0000	nan
50835	15.5161	0.2722
107984459	-0.1693	0.8929
50839	0.2284	0.8596
100533464	-1.0082	0.1241
11272	-1.9740	0.1851
5554	-0.6532	0.1114
50838	-13.1634	0.4950
5555	-2.2455	0.1552
106707243	-0.8179	0.0591
50840	-2.6684	0.0153
259296	-16.3570	0.2220
259295	0.1247	0.6724
259294	-0.9277	0.3250
259290	-2.6900	0.1090
259292	0.7281	0.6697
259289	-13.8708	0.4950
259293	-16.1391	0.1083
100129361	-0.5612	0.1825
353164	-13.9559	0.4950
5544	-17.8610	0.1438
107987183	-1.0613	0.5546
5545	1.7116	0.4704
5542	-16.8464	0.4950
653247	-16.2106	0.3033
440084	-16.7185	0.4950
338817	-1.5915	0.1514
2120	-0.7471	0.0191
79370	-0.9878	0.6094
103504734	2.1569	0.3681
4040	-1.4744	0.0797
54682	-0.5576	0.4840
503693	1.5086	0.1915
118426	-0.5522	0.0118
107984485	0.2171	0.7947
80824	-0.8324	0.0687
107984486	15.6759	0.2722
1389	-0.9698	0.0222
2842	-1.2222	0.0038
1027	0.1795	0.7830
105369663	1.0251	0.4754
81575	-1.5924	0.4007
107984129	0.9077	0.5750
693198	1.1494	0.5494
51202	0.0202	0.9310
107984492	1.4580	0.3625
112267864	5.9944	0.2785
387841	0.7242	0.5714
9052	-1.0800	0.4309
693199	-18.3481	0.4950
100506314	-0.5075	0.4697
55507	2.0611	0.3495
50865	-1.2943	0.0208
93164	-0.6079	0.1463
57613	-1.4114	0.1000
83445	-2.0250	0.3736
105369666	0.0000	nan
2012	-0.4250	0.5752
283422	0.3737	0.8662
2904	-1.6278	0.3985
105369668	0.0000	nan
105369667	15.3979	0.2722
55729	-0.7327	0.3992
79887	-2.9162	0.1574
101928317	-16.7999	0.3203
101928290	-17.4937	0.2729
144608	-0.8140	0.0356
2984	-1.5081	0.4917
105369669	-1.6603	0.2789
121504	-20.4187	0.0693
55766	-0.4609	0.6059
51729	-0.1892	0.7674
440087	3.2955	0.3208
420	16.0200	0.2722
4256	-1.8639	0.2922
121506	0.0000	nan
397	-1.4104	0.5724
105369670	0.0000	nan
5149	0.0000	nan
101928340	0.0000	nan
107984506	-16.1156	0.4950
85004	-22.8099	0.4869
100873980	-16.8155	0.4950
5800	-3.8343	0.2182
105369673	0.0000	nan
105369672	-0.4953	0.6273
2059	-0.4871	0.1445
102724146	-1.3414	0.0922
11171	0.3248	0.5810
51071	0.2640	0.2874
101928362	-13.2879	0.2692
729025	-13.3444	0.2192
4257	0.2632	0.7422
107984494	1.3131	0.4354
55885	0.8259	0.4537
105369677	0.0000	nan
728622	-0.5349	0.3328
105369678	0.0000	nan
100616279	0.0000	nan
79785	-0.9104	0.3553
5288	-0.1073	0.9505
89869	0.1949	0.9226
93661	0.0000	nan
102724227	13.0389	0.2722
107984527	0.0000	nan
54477	-0.8217	0.0743
112268092	0.5984	0.2835
121536	-0.6866	0.4293
101928387	0.2239	0.5119
105369682	0.0000	nan
100506393	-17.0069	0.1082
105369685	0.0000	nan
105369684	0.0000	nan
105369686	0.0000	nan
105369687	0.0000	nan
105369688	0.0000	nan
5139	-2.8961	0.0557
53919	-3.3211	0.0584
28234	0.0000	nan
115072896	0.0000	nan
338821	0.0000	nan
10599	0.0000	nan
6579	-1.9832	0.6070
3375	0.0000	nan
79912	0.0908	0.9171
5965	-0.0438	0.9634
51026	0.0767	0.9426
80763	0.6556	0.5568
2998	-15.0750	0.0501
3945	0.7827	0.0526
105369689	-16.6704	0.2273
102724261	2.0105	0.0367
3764	0.0602	0.9716
10060	-0.9915	0.6595
55907	0.0857	0.8957
105369690	-0.4763	0.0304
107984497	-14.8365	0.3065
6489	-2.8708	0.0581
112268093	-1.2943	0.4383
105369151	-2.5435	0.1669
9847	-0.9919	0.1827
105369692	-16.1304	0.4950
105369691	-14.2740	0.4950
55500	-0.5673	0.5392
107984516	3.7713	0.3052
101928441	0.0000	nan
6660	0.3885	0.8607
105369697	0.0000	nan
105369696	0.0000	nan
100126320	0.0000	nan
101928471	0.0000	nan
144360	0.0000	nan
105369698	0.0000	nan
586	0.7228	0.4269
105369699	0.4140	0.4139
107984475	0.0000	nan
196415	16.2540	0.2722
645177	0.0000	nan
4033	0.0000	nan
55259	0.3949	0.1846
144363	-0.6259	0.4159
3845	0.1851	0.8532
105369701	0.0000	nan
160492	0.4684	0.8178
100422897	0.0000	nan
100506451	-1.0771	0.1754
11228	-0.6914	0.5144
107984501	0.5404	0.7237
79365	0.5584	0.6449
8082	-0.0604	0.9542
101928554	-0.7850	0.5636
105369705	3.7975	0.3022
105369704	0.0000	nan
107984482	0.0000	nan
3709	-0.4166	0.6069
105369706	0.0000	nan
55726	-0.2908	0.0772
26127	-0.0236	0.9424
51768	-0.1374	0.8198
9412	0.1577	0.8067
728858	0.4571	0.6778
23012	-1.3666	0.0471
56938	1.8073	0.3608
101928646	1.8933	0.4051
341346	-0.0765	0.9608
8496	-0.8298	0.4874
107984461	-2.8105	0.2063
387849	-2.8080	0.1647
60488	-0.6252	0.0327
100287284	-3.4884	0.0096
57542	0.0725	0.9411
105369709	0.0000	nan
5744	-1.5036	0.3084
105369710	-2.2893	0.2841
107984462	-16.7185	0.2276
729291	-0.0028	0.9976
55297	0.4544	0.6317
101928705	-1.1756	0.1120
105369711	0.0000	nan
101928735	-15.8013	0.0870
55711	-0.4896	0.6998
100506606	-0.6425	0.4213
51290	0.4449	0.6941
101055625	-16.3665	0.0792
341350	-2.4144	0.4434
83857	-4.4001	0.2913
105369714	-18.1854	0.3363
105369715	0.0000	nan
105369716	0.0000	nan
105369717	0.0000	nan
105369718	0.0000	nan
105369719	0.0000	nan
105369720	-13.8292	0.1083
10526	-0.9613	0.1626
65981	-0.5460	0.3353
645485	-17.6635	0.0548
100287314	1.1439	0.0588
107984476	0.0000	nan
441631	-1.8501	0.2952
100506660	-0.0930	0.9455
1663	0.5326	0.3906
144203	-1.2896	0.4402
58516	0.0227	0.9823
79857	-14.7545	0.4950
101929027	0.0000	nan
160518	-1.1195	0.1448
100874249	-1.0911	0.2288
254013	-0.5103	0.2418
196394	-0.6645	0.2986
105369722	-16.0586	0.3033
105369724	17.8697	0.2722
107984470	0.0000	nan
440093	0.9206	0.1886
107984532	0.0000	nan
105369723	0.0000	nan
105369725	1.7650	0.0705
55196	-1.4773	0.0471
102724618	-16.5849	0.4950
107984473	0.0000	nan
636	-0.3195	0.6841
121512	-1.1934	0.0787
10059	-0.1369	0.8610
51067	-0.1184	0.6860
5318	1.2397	0.5281
341359	14.6649	0.2722
105369726	0.0000	nan
84920	0.3366	0.7951
107984469	0.0000	nan
144245	-0.4989	0.6143
144402	-3.7366	0.2490
107984504	-18.7421	0.1539
107984484	0.0000	nan
105369730	0.0000	nan
55605	-0.5461	0.6660
101927019	-17.5903	0.1083
225	-1.6775	0.4188
283461	-0.7816	0.0478
114134	-0.2835	0.7877
112268095	-13.2154	0.4950
101930164	0.0000	nan
105369734	17.9373	0.2722
107984474	-14.2366	0.4950
105369735	-13.7784	0.2192
120892	-1.9836	0.0279
105369736	-13.1550	0.4950
283463	-3.1349	0.3328
1272	-3.7035	0.4345
107984496	0.0000	nan
29951	-12.7449	0.4950
107984499	0.0000	nan
107984498	0.0000	nan
101927038	0.0000	nan
105378247	-15.2745	0.4950
283464	0.2639	0.8133
10138	0.1017	0.8925
85437	0.5851	0.1716
102467003	-17.5359	0.2192
51535	0.1392	0.8292
144165	-2.2878	0.2358
101927058	0.0000	nan
105369738	0.0000	nan
105369739	1.3535	0.5475
105369740	-15.9860	0.3033
80070	1.3524	0.5074
83448	0.0817	0.9453
51135	-0.6016	0.3027
5756	0.2535	0.8085
84216	-0.2114	0.7861
4753	-11.7218	0.4950
440097	0.0000	nan
105369742	0.0000	nan
83956	2.6771	0.1511
51054	-0.6593	0.2453
196527	-0.8745	0.3171
105369743	0.8101	0.5274
105369744	3.8132	0.3041
400027	-1.0985	0.1901
196528	-1.0298	0.0794
105369745	-0.8594	0.3918
9169	-0.4599	0.5628
81539	-0.6641	0.4006
105378248	0.7802	0.6282
54407	0.9983	0.5145
102723757	-2.3323	0.0732
100288798	0.0319	0.9757
55089	-1.8746	0.2900
107984466	-17.3291	0.3699
347902	-2.7745	0.2317
91523	-1.6701	0.2099
100616486	0.0000	nan
100233209	-3.4473	0.2766
105369746	-16.0974	0.4040
105369747	-15.7375	0.4950
107984528	0.0000	nan
100616478	0.0000	nan
111082992	0.0000	nan
79657	-0.2248	0.7629
105369748	-1.2312	0.0211
8909	-2.9519	0.0084
10411	-3.3709	0.1777
55652	0.3057	0.2927
51564	-1.5587	0.0235
107984503	-4.8916	0.0142
7421	-1.1022	0.2090
79022	-0.8274	0.2475
1280	-11.3085	0.4950
105369752	0.0000	nan
105369750	0.0000	nan
29843	-0.0279	0.9625
5213	-0.7909	0.2282
102466657	-20.9625	0.0092
140461	-0.0200	0.9524
387856	-0.5541	0.4506
102725258	1.3704	0.4922
121275	-16.5693	0.3886
105369753	15.9815	0.2722
341567	-13.4957	0.4950
121274	-0.5047	0.3854
121273	-0.5448	0.7794
23519	-13.8199	0.4950
341568	18.1519	0.2722
3906	-15.4405	0.4950
54934	-0.4813	0.2036
677815	-19.6846	0.1132
100302221	-19.8920	0.0524
677793	-20.3159	0.0740
677794	-19.0853	0.2418
904	-0.4844	0.3471
255411	-1.9844	0.0028
112	-2.5798	0.0186
100616262	-21.8549	0.0965
100506125	-16.3466	0.4950
101927241	-3.8782	0.2089
784	-1.0135	0.1255
9416	-0.7318	0.1805
105369755	-1.1314	0.0315
27289	0.6693	0.6947
85478	-0.6508	0.0631
51303	0.0997	0.8064
377	0.3113	0.5459
7480	1.4447	0.0132
7471	0.0000	nan
105369757	0.0000	nan
105369756	19.0925	0.2722
23109	0.2906	0.5432
105369758	-0.9750	0.1749
5571	0.0204	0.9316
8085	-2.1481	0.1087
121268	1.4439	0.2534
50846	-11.4552	0.4950
105369759	-14.0536	0.4950
55716	-0.7466	0.3910
10376	2.5627	0.0807
105369760	1.9549	0.1547
7846	0.9514	0.0009
84790	1.5188	0.0037
101927267	1.9329	0.2467
5630	-14.9388	0.3293
10024	2.0047	0.1589
338761	-12.8180	0.4950
79962	2.9869	0.1312
65244	-0.0255	0.9345
100335030	2.0644	0.3845
23416	0.1626	0.4049
105369761	-18.1720	0.0269
10445	-0.0095	0.9897
84070	-0.7813	0.4307
25766	-0.6130	0.2529
91010	-0.0586	0.6283
7009	0.2421	0.3217
57701	-1.8378	0.0367
100286844	-0.6938	0.2046
144233	-0.3338	0.5815
23017	-0.4450	0.5793
283332	0.0000	nan
101927292	0.0000	nan
105369763	0.0000	nan
359	0.0000	nan
101927318	0.0000	nan
362	-14.6179	0.4950
105369764	-11.8498	0.4950
363	0.7284	0.6695
102723963	-15.6607	0.4950
29127	2.0985	0.2858
41	-1.6854	0.2407
6602	-0.6871	0.0272
2819	1.4039	0.4655
84987	-0.0120	0.9816
91012	-0.2715	0.2735
51474	0.0301	0.9728
100302220	0.0000	nan
107984505	-1.2154	0.3319
121006	-14.6153	0.1579
113251	-0.1765	0.8706
106633800	-20.0774	0.0965
57609	-0.7144	0.3370
466	0.1118	0.7952
283471	-13.3314	0.4950
25840	-0.7743	0.5269
613227	-18.1694	0.0435
4891	-0.6061	0.1040
25875	-0.7652	0.1288
81566	-0.1594	0.5898
7024	-0.2647	0.5113
5463	-0.7560	0.1177
9802	-0.0936	0.7606
57228	0.3505	0.6642
102723983	-0.5750	0.3732
51411	-16.1700	0.4950
105369767	0.0000	nan
1990	-1.8003	0.6238
11226	0.3966	0.7185
9498	0.0490	0.9676
107984508	14.9840	0.2722
105369768	18.6913	0.2722
6334	-1.2657	0.1019
401720	-3.8242	0.0682
105369971	-16.9552	0.3033
341405	0.0000	nan
94	-0.5113	0.6040
91	-0.7134	0.0172
692159	-18.8395	0.0847
160622	-0.9771	0.3454
3164	-3.0370	0.0477
107984510	-19.3258	0.2059
60673	0.3440	0.7258
113523638	1.3475	0.5037
26628	1.9903	0.3939
112268096	-12.6168	0.4950
105369771	3.5587	0.3113
144501	-1.3635	0.4010
283403	0.0000	nan
283404	0.9134	0.6237
3855	1.0627	0.5220
109729127	1.5168	0.4335
85349	-4.5906	0.1488
3892	-1.5605	0.1643
3887	0.6550	0.1980
3889	-13.0028	0.4950
3891	14.1858	0.2722
3890	0.0000	nan
3888	0.0000	nan
9119	-12.7918	0.4950
3854	0.0000	nan
286887	0.0000	nan
3853	0.0000	nan
3852	0.0000	nan
112802	0.0000	nan
121391	0.0000	nan
140807	0.0000	nan
319101	0.0000	nan
100127967	0.0000	nan
105369772	0.0000	nan
3849	0.0000	nan
3848	0.0000	nan
374454	0.0000	nan
51350	0.0000	nan
3850	0.0000	nan
3851	-3.0972	0.2120
338785	-12.8233	0.4950
196374	15.6773	0.2722
3856	0.2306	0.8049
113218482	-18.2728	0.2192
3875	-1.1501	0.4133
1975	-0.2319	0.7338
283335	-1.0507	0.0526
23371	-0.9536	0.2168
102466193	-1.5338	0.2505
84926	-0.4146	0.2736
3489	0.5150	0.6126
8435	2.2670	0.0025
51380	-1.6437	0.0263
283337	-0.8593	0.2361
3695	-0.1990	0.6389
5916	-1.1395	0.0133
84975	-0.4312	0.0373
9700	1.1570	0.3581
5204	-0.1427	0.8732
112268097	0.5657	0.5693
60314	0.5250	0.0359
8086	1.0643	0.1382
121340	-13.9114	0.3065
6667	-0.2976	0.4150
269	2.5452	0.3544
54458	0.2593	0.5066
5094	-0.7002	0.1186
102157401	-0.3649	0.3121
7786	-0.6999	0.0495
6895	-0.5461	0.3424
114108587	-1.4514	0.0148
8620	-1.8828	0.0203
11016	-0.2769	0.7095
100652999	-0.3640	0.7189
517	-0.0440	0.9652
57658	-0.3908	0.4861
105369774	-14.4154	0.4950
102216268	0.0000	nan
105378250	0.0000	nan
107984525	-14.2356	0.1082
100874366	0.0000	nan
3229	-12.6373	0.4950
105369775	0.0000	nan
3228	0.0000	nan
100124700	-12.5430	0.4950
3227	-2.2309	0.5878
100874365	-1.2803	0.5655
3226	-0.7405	0.7169
406973	-17.0937	0.4950
100874364	-2.3661	0.3943
100874363	-4.6598	0.2718
3225	-0.8678	0.2190
107984512	-1.8813	0.0740
3224	-1.1308	0.1008
3221	-1.2981	0.1455
3222	-1.1475	0.1469
3223	-1.2904	0.1255
693200	-21.1411	0.1082
440101	-1.7896	0.0574
100240735	-2.0964	0.0505
100240734	-2.8453	0.0192
23583	-0.7605	0.1362
400043	-1.3638	0.0483
105369776	-2.2576	0.0393
102724030	-1.9373	0.2026
105369777	3.8129	0.3041
23468	0.7895	0.5006
100616400	1.5329	0.0002
112935960	-0.4885	0.5318
3178	0.4964	0.2254
4778	-2.4512	0.0639
22818	-0.0300	0.9141
442892	3.1610	0.3265
102724050	-1.0384	0.0175
53831	0.0000	nan
25946	-2.6106	0.0142
3678	0.1353	0.7530
121355	0.0000	nan
3071	16.3560	0.2195
5153	-1.0116	0.6894
5502	0.0000	nan
644076	0.0000	nan
90070	0.0000	nan
117159	18.7419	0.2722
118430	0.0000	nan
9840	-10.4767	0.4950
107984515	0.0000	nan
58158	0.0000	nan
101927484	0.0000	nan
441639	0.0000	nan
121364	0.0000	nan
254783	0.0000	nan
283365	0.0000	nan
390321	0.0000	nan
254786	0.0000	nan
390323	0.0000	nan
403282	16.6759	0.2722
390326	0.0000	nan
341416	0.0000	nan
390327	0.0000	nan
403284	0.0000	nan
341418	0.0000	nan
121129	0.0000	nan
121130	0.0000	nan
196410	0.0772	0.9412
3679	-2.0522	0.0413
100528022	0.2059	0.8139
2647	0.4341	0.6552
5959	-2.0098	0.2316
967	0.4354	0.1706
105369779	-1.1969	0.0478
10220	-0.8413	0.2452
84324	0.4846	0.5328
29095	-0.1013	0.6018
85406	-0.8175	0.0941
440104	-0.7299	0.1124
4327	0.0444	0.8534
84305	0.5589	0.4954
1606	-0.6969	0.3226
6490	-1.6792	0.1330
1017	0.2886	0.4749
5869	-0.6980	0.1127
6821	-0.2501	0.5221
64375	-0.9066	0.2228
105369781	-1.5529	0.1596
105369780	-3.3100	0.0255
6231	0.7907	0.3569
2065	-0.9665	0.3197
105369782	-3.1237	0.2133
5036	1.1948	0.0407
6171	0.9293	0.3965
84872	-0.1418	0.7941
23344	0.1681	0.7268
107987175	-0.1114	0.9232
140465	-0.0878	0.9055
4637	-0.2182	0.5786
6601	-0.7416	0.1107
100189152	0.0000	nan
107984468	-13.9713	0.4950
10193	-0.6408	0.1543
79035	0.8316	0.1965
283375	1.0486	0.4886
283373	-1.3548	0.0742
93058	-0.1325	0.2812
1431	0.8647	0.2664
10330	0.2669	0.4832
112268098	0.3517	0.4145
9924	-1.1812	0.0538
51561	-0.8721	0.3168
6773	-0.7426	0.2453
319	2.6747	0.3547
8914	0.5730	0.1965
4284	2.3328	0.3100
283377	0.4629	0.1197
27165	-0.4981	0.1771
106635541	3.3859	0.2370
5939	-0.5338	0.2243
11176	-1.7094	0.0224
506	0.8280	0.1835
692090	0.0633	0.8390
26789	-1.7791	0.1198
10728	-0.3623	0.6450
4666	0.7513	0.3996
5557	1.4176	0.4633
8630	-1.7205	0.4395
121214	-13.0703	0.4950
8608	-0.6637	0.4374
11318	-14.1088	0.2418
9880	-0.8480	0.1700
6866	0.0000	nan
4640	-14.9957	0.1082
23306	0.7138	0.5445
4665	-0.9856	0.1980
6778	-0.6076	0.2599
4035	-3.0783	0.0191
105751187	-4.6555	0.0432
100302201	-19.2590	0.2754
11247	-1.2551	0.2798
6472	0.2121	0.8425
56901	0.0315	0.9779
246329	-1.1500	0.4004
22864	-0.7225	0.2185
3626	0.3459	0.8329
83729	-0.2754	0.8617
2735	0.2930	0.8090
64333	-1.7943	0.2396
4141	-0.1352	0.8850
102465454	-3.0067	0.1444
1649	-0.0845	0.9450
693201	-24.0191	0.2195
114785	-2.6871	0.0051
10540	-0.5408	0.2979
3798	-0.5183	0.5545
79837	-0.0590	0.8536
196403	-1.1816	0.1971
115557	-1.2384	0.1096
101927583	-1.8069	0.3227
65012	-0.1105	0.9350
2583	0.3391	0.7525
10956	-1.2366	0.0798
116986	0.6201	0.0194
100130776	0.6459	0.0239
6302	0.2148	0.6592
1019	0.8025	0.4264
102466729	-0.2045	0.4145
92979	-0.7964	0.6570
1594	0.6686	0.0974
4234	-0.4029	0.4807
25895	-0.6965	0.1803
10102	0.3609	0.5029
10677	-1.3388	0.1579
10106	-1.0143	0.1681
407016	-21.3878	0.0461
105369783	-1.9450	0.2636
283387	0.2046	0.6184
101927608	-0.6007	0.2476
100506844	0.4412	0.3282
91419	0.9929	0.1649
105369784	0.0000	nan
105369785	0.0000	nan
105369786	0.0000	nan
105369787	0.0000	nan
105369788	15.4606	0.2722
105369789	-15.8556	0.3862
101927653	1.6680	0.3362
100506869	-20.8169	0.3913
121227	-0.7844	0.2590
105369791	-15.8303	0.0575
105369792	0.0000	nan
9194	0.5468	0.6803
105369793	-0.5601	0.7326
338811	-0.6110	0.7302
9958	-0.3864	0.5206
102465133	-0.7031	0.1830
23041	-1.0304	0.1623
283416	-0.7382	0.1908
406891	-3.4294	0.1134
57460	-0.0883	0.9290
105369795	0.0000	nan
552	-19.0386	0.4810
105369797	0.0000	nan
283417	-1.2486	0.4977
10329	-0.5343	0.0278
104169670	-0.3931	0.1525
113218505	0.6221	0.3670
57522	0.0627	0.9360
105369801	1.9939	0.0030
105369798	-19.0356	0.4381
144577	-0.5369	0.1177
115749	0.5363	0.7376
11260	-1.1437	0.2255
29110	-0.7273	0.1593
105369803	-15.1467	0.2262
107984521	5.3536	0.2822
105369804	-16.6709	0.1891
283349	-1.7788	0.2415
100500856	19.9509	0.2722
693129	19.9509	0.2722
2799	-1.0036	0.2424
23329	-1.0904	0.0690
400046	0.0000	nan
109729131	0.0000	nan
107984522	0.0000	nan
11197	-17.8094	0.1499
23592	-0.6634	0.4147
253827	-0.7730	0.3021
100507065	2.3394	0.3608
105369809	0.8037	0.6258
105369187	0.0000	nan
105369808	16.6614	0.2722
105369807	2.2146	0.3751
105369806	0.0000	nan
204010	1.2347	0.4434
8091	2.3905	0.2712
100129940	-0.6387	0.7190
102464827	0.0000	nan
105369810	0.0000	nan
84298	0.4767	0.2614
103625681	-1.1676	0.2419
51643	-0.0380	0.9394
11213	-0.6020	0.3257
102465249	-1.2109	0.3248
92797	-0.0186	0.9840
23426	-5.4838	0.2999
105369811	-17.3336	0.3580
102724421	0.0000	nan
55832	-0.2463	0.6891
105369813	-14.2786	0.4950
105369812	-15.0626	0.0150
102724433	0.0000	nan
100507175	-13.0848	0.4950
105369815	0.0000	nan
8445	0.2758	0.7892
105369816	-0.6859	0.3012
101927901	-0.1242	0.9176
107984531	0.5055	0.7555
107984526	0.0000	nan
101927922	-0.4601	0.7221
100885789	-13.9416	0.4950
3458	17.3088	0.2722
105369818	-15.8995	0.1972
55801	0.0000	nan
50616	17.2128	0.2722
56890	-1.3204	0.0455
105369819	-17.7760	0.1250
100507195	-20.9143	0.2057
5908	0.3726	0.7267
100379132	-16.7256	0.4950
100507250	-0.2243	0.9046
57122	0.0989	0.8907
55508	-0.4262	0.4939
105369820	-0.1101	0.9230
100130075	1.5502	0.4705
4193	-0.7818	0.1152
1368	-0.3499	0.6869
107984471	2.4971	0.3552
11052	-0.7192	0.0459
100302182	2.0647	0.3845
4069	-16.3434	0.2514
8089	0.3583	0.6983
105369822	-16.9848	0.3862
10818	0.1763	0.8751
109623461	0.0000	nan
100500903	20.5564	0.2722
100500868	20.5851	0.2722
10576	0.3794	0.1154
376132	0.0000	nan
105369823	18.0292	0.2722
144453	0.0824	0.9588
101928002	-14.2589	0.3032
117177	-1.4049	0.1406
196446	-13.2841	0.1082
105369826	-14.2674	0.2754
101928062	-0.8009	0.0335
4848	-0.2392	0.0487
27345	-1.2582	0.0489
105369827	0.0000	nan
5787	0.9955	0.5392
105369828	0.4188	0.7394
5801	1.2735	0.4572
7103	-20.2745	0.3467
105369831	-15.3604	0.4950
105369832	-16.3356	0.4950
8549	-3.5989	0.3215
105369833	-16.3042	0.4381
196441	-1.1860	0.2205
107984529	-1.8390	0.3503
83591	-0.5492	0.5570
55266	-0.9673	0.2879
107984530	19.5951	0.2722
23011	0.4336	0.6610
64786	-0.5897	0.3088
729633	3.9326	0.2403
121278	-13.0033	0.4950
29953	2.7754	0.3325
283392	2.4173	0.3576
105369838	0.0000	nan
101928137	17.3937	0.2722
105369839	0.0000	nan
105369840	0.0000	nan
105369841	0.0000	nan
100507377	0.0000	nan
107987178	0.0000	nan
552889	-0.6359	0.1583
101929967	0.0000	nan
105369842	16.1576	0.2722
105369843	0.0000	nan
3747	0.0000	nan
100130268	0.0000	nan
107983975	-17.0430	0.1082
84698	-0.4884	0.6332
256710	-1.1860	0.2528
144321	-2.2784	0.1781
11010	0.6164	0.6822
11103	1.0065	0.5348
105369844	1.5440	0.5036
107984533	0.0000	nan
105369846	13.1035	0.2722
105369847	-14.0888	0.4950
22822	1.7652	0.3543
4673	0.3203	0.6959
105369848	0.4023	0.6937
79738	0.5495	0.6851
114882	-0.3242	0.7317
105369850	-0.2620	0.8438
105369851	3.4514	0.0665
23390	-1.1383	0.1689
1466	-0.0153	0.9873
144455	1.5512	0.3843
105369853	-15.9996	0.2754
105369854	2.6929	0.3428
105369855	0.0000	nan
105369856	0.0000	nan
89795	-0.9345	0.3635
105369860	0.0000	nan
105369859	0.0000	nan
6857	-0.5188	0.7659
105369863	16.2185	0.2722
100302136	0.0000	nan
5074	-0.4331	0.6006
105369864	0.2826	0.8589
4659	0.9325	0.4841
105369865	1.6103	0.4005
283310	1.5460	0.4459
374462	-3.0222	0.1505
105369867	2.3311	0.3842
4618	0.0000	nan
4617	0.0000	nan
101928420	1.7459	0.4642
8825	0.2002	0.7940
693202	0.0000	nan
105369869	-2.1124	0.0379
693203	0.0000	nan
79611	-0.7798	0.0933
107984535	-12.1199	0.4950
100616133	0.0000	nan
8499	-0.0915	0.9242
102724663	-13.9198	0.4950
105369872	0.0000	nan
101928449	0.0000	nan
105369873	-12.9575	0.4950
29080	0.9208	0.0409
84190	-0.1231	0.8029
107987180	1.5759	0.4969
107984487	0.0000	nan
160335	-4.0067	0.0632
105369874	0.0000	nan
107984536	0.0000	nan
105369875	-15.9130	0.4950
55117	-0.1249	0.8888
102724680	3.2306	0.2069
144448	-0.4594	0.7224
84125	-1.0473	0.0871
8092	3.2643	0.3220
105369876	-13.1566	0.4950
107984537	-13.5178	0.3828
9182	-1.0209	0.2134
4922	0.0000	nan
25834	2.9741	0.3263
105369877	19.3233	0.2722
113839519	0.0000	nan
105369878	-14.7317	0.4950
105369879	0.0000	nan
107984478	-15.1331	0.4950
105369880	0.0000	nan
105369881	0.0000	nan
110806294	0.0000	nan
400058	-1.2139	0.4878
160419	-0.9835	0.7376
107984542	3.2761	0.2206
91298	-0.0349	0.9553
80184	-0.2439	0.7903
160418	0.1444	0.8988
4254	-0.6528	0.4996
105369885	-17.8217	0.1228
105369886	0.0000	nan
105369887	0.3738	0.8661
728084	-12.5478	0.4950
105378255	0.0000	nan
1848	-1.1779	0.3195
282809	-0.2269	0.8042
100528030	0.0895	0.9250
8693	0.1855	0.8481
109729146	-1.8709	0.0579
490	-0.7327	0.3070
338758	-1.5484	0.0456
107984543	-19.0377	0.3459
105369890	-1.9234	0.1015
105369891	-15.1959	0.4950
105369892	0.0000	nan
105369893	5.7111	0.2799
102724834	0.0000	nan
105369895	0.0000	nan
439916	0.0000	nan
196477	0.0000	nan
1833	-0.2886	0.9070
11081	-12.5685	0.4950
4060	-1.4900	0.3175
1634	-2.9499	0.1373
105369898	2.3707	0.3641
107984544	2.0165	0.4216
105369897	-3.0173	0.0818
105369896	0.0000	nan
105369900	0.0000	nan
105369901	-12.7727	0.4950
256021	-0.5506	0.6396
694	-1.4855	0.1325
101928617	-2.4478	0.2059
107984023	-15.3793	0.0268
101930023	0.5500	0.3668
105369903	0.0000	nan
105369902	0.0000	nan
107984467	0.0000	nan
574016	0.0000	nan
574028	0.0000	nan
100507616	-16.8529	0.2273
105369904	-12.8703	0.4950
105369905	-0.3960	0.7753
338809	0.0000	nan
440107	3.7100	0.3069
8411	-0.4003	0.6856
105369906	-0.5088	0.7456
643339	-2.7941	0.0004
105369907	0.0000	nan
105369908	-14.0567	0.4950
102724933	-16.3530	0.2280
105369909	-17.4233	0.0389
11163	-0.2959	0.6674
7334	-0.0429	0.8984
112267866	0.0794	0.8499
28977	-0.1328	0.8537
144481	-0.7846	0.4045
8835	-1.7609	0.2770
8738	-1.2331	0.0538
101928731	-17.1453	0.1080
105369911	-0.6717	0.5107
105369912	0.0000	nan
105369913	-15.7671	0.0709
10154	-0.0970	0.8083
51134	0.5744	0.5569
144486	0.4771	0.7451
102724960	0.0000	nan
100847031	0.0000	nan
57458	-1.6321	0.4097
102465834	0.0000	nan
105369914	0.0000	nan
574449	0.0000	nan
160313	0.0000	nan
105369915	-3.8950	0.0980
55967	0.8829	0.0607
7181	-0.7840	0.2199
55785	0.9126	0.5315
112268099	-15.7490	0.3642
55591	0.2172	0.6117
442903	-20.2234	0.0078
100500802	2.0703	0.3907
105369917	-13.2047	0.4950
107984545	0.0000	nan
10988	0.6876	0.2862
84101	-2.5880	0.0431
100132594	-2.0544	0.0307
59277	-1.2527	0.0529
105369919	2.2131	0.1261
105369921	-16.4932	0.3587
105369920	0.0000	nan
6636	0.3069	0.4395
120935	1.3957	0.5075
144193	-0.9260	0.5295
3034	-16.1784	0.1474
102723340	-0.1388	0.7734
4048	-0.5728	0.0780
100189239	0.0000	nan
105369923	0.0000	nan
105369924	0.0000	nan
105369925	0.0000	nan
2004	0.2537	0.8284
107984546	-1.3090	0.1715
5128	-0.2740	0.6928
144535	-1.1101	0.1588
121441	-0.4564	0.5276
107984547	14.7295	0.2722
105369928	0.0000	nan
105369927	0.0000	nan
101928912	14.8592	0.2722
105369930	0.0000	nan
105369929	0.0000	nan
196475	14.7298	0.2722
100302289	0.0000	nan
406926	0.0000	nan
643711	17.2293	0.2722
100616287	0.0000	nan
100422924	0.0000	nan
105369932	0.0000	nan
105369933	0.0000	nan
121456	-1.6632	0.2255
643770	0.8068	0.6825
100189207	0.0000	nan
100189171	0.0000	nan
100128191	0.4672	0.6795
7112	0.5230	0.6617
5250	0.5018	0.1398
677832	-21.1040	0.0847
121457	0.7591	0.5519
317	-0.5233	0.5046
56899	0.0128	0.9876
101928937	15.5666	0.2722
196472	-15.1894	0.2261
23074	0.2705	0.7689
55592	-3.8524	0.0402
100302217	0.0000	nan
64431	-1.2757	0.1653
120863	-0.4473	0.5410
55681	0.2503	0.8220
246213	1.7051	0.4423
9971	13.4029	0.2722
283431	1.6619	0.4250
121601	1.3770	0.4736
160728	16.7478	0.2722
27340	0.2262	0.7676
400	0.1801	0.7952
121599	0.0000	nan
105369935	0.0000	nan
4604	-13.9272	0.1082
105369938	0.0000	nan
105369937	0.0000	nan
56994	-0.2428	0.7816
50511	0.0805	0.9279
79158	-1.1711	0.2744
55332	-1.4099	0.3706
107984548	-15.2981	0.1083
51019	0.1283	0.8497
79023	0.3233	0.5189
55010	1.4729	0.4016
5367	1.8281	0.4097
105369942	-12.9971	0.3065
3479	-2.5082	0.3558
105369944	0.0000	nan
283432	0.0000	nan
5053	0.0000	nan
112267865	13.0720	0.2722
429	-13.9355	0.4950
374470	0.0000	nan
101929058	-13.9838	0.4950
105369945	0.0000	nan
101929084	0.0000	nan
55576	0.1272	0.9276
105369946	0.0000	nan
51559	0.1300	0.8554
107984433	-1.0058	0.3282
253724	-0.8909	0.4318
107984130	1.7108	0.4705
7184	1.5920	0.3497
100500842	0.4895	0.2582
728568	-0.6607	0.0493
6996	-1.1203	0.1293
83468	-0.1094	0.7422
29915	-0.4342	0.5763
4801	-1.5636	0.0470
105369947	3.6382	0.3064
105369948	-15.8257	0.2691
7296	-0.9890	0.2928
493861	-1.2280	0.3415
105369949	-0.9595	0.3193
50515	0.9642	0.2673
100500843	0.0000	nan
112268100	0.0000	nan
84102	0.2176	0.8260
105369950	-14.8947	0.4950
105369952	0.9690	0.4541
121053	0.9098	0.1094
160428	0.0798	0.9442
414300	-1.2837	0.2016
23325	-0.4132	0.6380
55198	0.7044	0.4810
105369953	-1.2926	0.1882
105369954	0.5150	0.7161
387882	1.4182	0.3548
105369957	1.5113	0.3910
105369956	-16.1267	0.3581
105369955	1.5964	0.4448
105369958	0.4546	0.7463
101929110	-2.9799	0.0696
105369959	-14.9818	0.4950
107984435	-16.7456	0.1660
105369960	-15.1245	0.3033
9891	-1.6739	0.0609
10970	0.4571	0.3499
255394	-1.2497	0.1218
55703	0.1593	0.7760
100287944	-2.7313	0.1143
5992	-0.8975	0.2542
100505978	-0.2157	0.8519
55188	-0.6817	0.2767
105369961	-3.0710	0.0770
90488	0.7919	0.5600
80298	0.0000	1.0000
1407	-1.2873	0.0140
121551	1.9748	0.3633
11137	0.1450	0.4246
11108	-0.1397	0.5436
101929162	-0.0352	0.9173
121549	0.0000	nan
105369963	0.0000	nan
728739	0.0000	nan
105369964	0.0000	nan
9671	-14.8294	0.0502
105369965	14.6013	0.2722
1240	-6.0433	0.1530
102723562	0.0000	nan
11153	-0.5911	0.1889
9733	-0.4876	0.0802
23479	-0.5167	0.2849
338773	-0.1615	0.7542
6404	-0.7900	0.3872
105369968	3.0596	0.2774
100616240	-18.9269	0.2192
23603	0.8699	0.1923
105369969	15.7949	0.2722
54434	-1.3386	0.0679
101929204	-1.8192	0.1897
693204	3.9586	0.3007
1610	0.0000	nan
55530	0.6012	0.7829
105378256	0.0000	nan
84749	0.0205	0.9117
100131733	-1.4755	0.3573
121642	0.5822	0.5249
7374	-0.0363	0.9273
32	-2.0542	0.0777
105369974	-2.0446	0.2102
121643	0.0000	nan
101928138	0.0000	nan
283446	-0.8103	0.4926
83892	-0.8156	0.1633
89910	-0.4314	0.2560
326625	0.2785	0.6560
4598	-0.6934	0.5365
84915	-2.5469	0.1559
84983	-2.9834	0.5481
59341	-1.5409	0.0146
100616454	-19.9611	0.2692
105369975	-1.8040	0.1442
51228	-0.1686	0.7568
84260	-0.6594	0.0900
9815	-0.0418	0.9547
88455	-0.3938	0.4753
400073	-0.7473	0.2863
105369976	0.0000	nan
28981	-0.8822	0.0789
488	-0.1487	0.8390
51434	-0.6077	0.0149
10094	-0.1578	0.6918
51184	-0.2757	0.6552
29902	-0.9454	0.0670
51699	1.6265	0.3392
144715	0.4162	0.6929
160760	-0.1256	0.9016
79600	-0.7382	0.0339
84329	-0.5011	0.3612
5501	1.0236	0.5175
160762	15.8703	0.2722
4633	0.0000	nan
100131138	0.0000	nan
105369980	16.9998	0.2722
105369981	0.0000	nan
23316	3.2176	0.2961
105369983	3.7543	0.1011
102465455	0.0000	nan
144717	-2.5871	0.1016
105369984	-19.1735	0.0007
10019	-0.9124	0.1624
6311	-0.3297	0.7231
102723619	-0.7339	0.4785
8315	0.8089	0.2858
80724	-1.1873	0.0057
217	0.5890	0.4660
102465456	0.0000	nan
51275	-0.6313	0.1402
8550	-0.4808	0.0331
89894	-0.9905	0.0054
10961	-0.2823	0.6061
80018	-0.0977	0.9132
100500889	1.9588	0.4298
10906	-0.4051	0.3087
283450	-1.4566	0.1532
102465519	-2.7297	0.1261
6128	0.5689	0.3076
5781	-0.4270	0.4866
22895	0.0000	nan
100302227	0.0000	nan
4938	3.0178	0.3275
4940	1.5248	0.2064
4939	1.4809	0.3317
1840	-11.8997	0.4950
8437	-10.9420	0.4950
387885	0.5125	0.6509
79039	0.0130	0.9877
102466222	-19.4260	0.2753
84934	-0.1396	0.8202
115811	-0.8797	0.2654
53373	-1.2033	0.0522
102465457	0.0000	nan
107984436	-18.0928	0.0502
80024	-1.8017	0.0408
105369989	-19.5567	0.1237
196463	-1.9894	0.0211
10993	-0.7244	0.6834
113675	1.3220	0.4515
64211	0.0000	nan
104355219	0.0000	nan
105369990	0.0000	nan
105369991	0.0000	nan
100506465	0.0000	nan
9904	-0.1377	0.8552
105369993	0.0000	nan
105369994	14.3951	0.2722
105369995	0.0000	nan
105369996	0.0000	nan
6910	1.1627	0.0345
255480	0.2414	0.7224
105369998	1.7459	0.4642
6926	0.0471	0.9565
105370000	3.7461	0.3059
105369999	-13.9683	0.4950
107984437	4.0325	0.2991
102723639	0.7288	0.6694
105370003	18.2232	0.2722
105370002	0.0000	nan
105370004	0.0000	nan
23389	-0.9951	0.1262
693205	0.0000	nan
107984438	-17.6211	0.0524
105370005	17.0490	0.2722
100616309	0.0000	nan
105370007	-14.6929	0.4950
105370008	-15.7428	0.4950
107984439	-12.6373	0.4950
100287569	-1.7534	0.1444
643246	-0.3919	0.5993
79794	-0.5198	0.0204
84900	0.9805	0.5732
8739	2.6118	0.0389
26259	-0.0295	0.9437
100506551	-0.6664	0.0962
54997	-15.1020	0.4950
101928244	0.0000	nan
105370010	14.8840	0.2722
23014	-0.1104	0.2552
4842	4.7095	0.2882
283455	0.3620	0.7321
105370012	0.0000	nan
105370011	13.5882	0.2722
5985	1.4497	0.3761
55884	0.4371	0.4166
54621	-0.1614	0.7176
101928274	0.4597	0.3292
5037	-0.0368	0.9301
51347	-0.5568	0.4889
64426	-0.9764	0.0076
105370013	0.0000	nan
105370014	0.0000	nan
105370015	0.0000	nan
105370017	0.0000	nan
107984472	0.0000	nan
105370016	0.0000	nan
105370018	0.0000	nan
105370019	0.0000	nan
105370020	0.0000	nan
84530	0.0000	nan
105370022	0.0000	nan
105370021	0.0000	nan
112268101	0.0000	nan
105370024	0.0000	nan
26353	0.7260	0.5232
107984440	1.4777	0.4814
105370026	0.0000	nan
105370025	0.0000	nan
144742	0.0000	nan
160777	-0.9842	0.7375
105370027	-0.8900	0.3850
387890	4.7226	0.2875
5564	-0.7099	0.0559
11113	-0.3499	0.8693
100302274	-3.2538	0.4686
112268087	0.0000	nan
92558	-14.2660	0.3033
11021	-1.0721	0.0936
10985	-0.5075	0.3200
100616179	-17.8308	0.4950
6175	0.0245	0.9840
100506649	-1.5257	0.1406
5829	-1.3090	0.1808
23409	-1.2201	0.0283
26834	-17.7355	0.4950
26835	-19.1653	0.0524
5319	2.1516	0.3830
4440	1.7564	0.4440
1337	0.1624	0.8201
51499	-0.7798	0.1512
283459	-0.3463	0.2383
8683	-0.3224	0.1319
8655	0.0173	0.8313
107987181	0.4006	0.3806
100506668	-0.0985	0.7576
84274	-0.0412	0.8861
9921	-0.8699	0.1893
51367	0.3144	0.3479
101928300	0.0000	nan
9478	0.8611	0.3941
105370029	0.0000	nan
9761	-0.4236	0.5769
84747	-2.0429	0.0071
100616329	-1.0426	0.0680
35	-1.0118	0.2443
121665	-0.9733	0.0264
105500240	-17.8372	0.4950
283460	4.2606	0.2947
6927	-0.0152	0.9800
64897	0.0370	0.9452
8638	6.5851	0.2695
105378258	0.0000	nan
105370031	0.0000	nan
105370030	12.6214	0.2722
105370032	-15.7322	0.3587
5027	-0.5223	0.6670
5025	-0.3559	0.6438
10645	-1.1058	0.0035
51433	-0.2619	0.3537
80196	0.4304	0.0812
84678	-0.6243	0.1126
102465665	-21.4560	0.0078
101928346	2.3042	0.1512
105370033	1.8415	0.2288
84876	-0.5093	0.3700
283385	-1.9455	0.0334
105370034	1.8889	0.4030
144404	-0.9466	0.0854
54509	-1.0301	0.1301
107984442	-15.8620	0.3292
338799	-2.4221	0.0016
23067	-1.4491	0.0090
3242	-0.0767	0.9508
105370035	-15.3400	0.2192
5715	-0.3717	0.5559
144406	-0.1653	0.8124
605	-0.0427	0.9398
100506691	2.8207	0.3364
22877	-1.0653	0.0712
254050	-0.5544	0.5923
386653	0.0000	nan
79369	0.2424	0.6461
56616	-0.1044	0.8092
101593348	1.5234	0.5080
65082	-0.3492	0.0235
6249	-0.5975	0.2925
100507066	0.9063	0.5789
55596	-0.8798	0.1235
65117	-0.4143	0.1653
9735	1.3498	0.4321
113218484	0.0000	nan
338442	-13.8459	0.2192
113218511	0.0000	nan
8843	-12.8697	0.4950
27198	2.7106	0.3521
8562	0.3308	0.6934
84660	-0.9450	0.3658
9026	-1.2929	0.0826
79720	-1.0669	0.0858
23457	-1.3033	0.0484
79676	-1.4173	0.0502
51329	0.0517	0.9499
57605	-1.6684	0.0420
100422931	0.0000	nan
100507091	-14.9484	0.1082
10198	0.1567	0.8493
91574	0.2504	0.0307
8099	1.1237	0.4673
55206	-0.6082	0.3587
102466877	-1.0634	0.4837
112268105	-1.9305	0.1465
387893	-0.2496	0.4667
196383	-0.5039	0.5013
11066	-0.6445	0.0783
353116	-0.5629	0.3258
100500909	0.0000	nan
101927415	1.0313	0.4285
10959	0.8668	0.3926
57696	-0.1379	0.6822
105370041	-0.2087	0.7559
109616977	1.2499	0.0305
1967	0.2535	0.5026
2967	-0.0402	0.9593
79867	-0.4423	0.6048
23545	-0.4159	0.2350
105370042	-14.9219	0.4950
196385	-1.6713	0.2065
105370044	0.0000	nan
80212	-0.9435	0.1089
100533183	-1.9301	0.1667
144348	-1.3562	0.0162
144347	-1.8508	0.2376
9612	-2.4795	0.0473
102466204	0.0000	nan
105370047	-0.7148	0.2542
101927436	0.0000	nan
949	-3.2489	0.3360
105370050	-17.8320	0.2261
107984444	3.6878	0.2458
105370051	-0.7540	0.6521
7316	-0.4423	0.5909
100847004	0.0000	nan
100189232	0.0000	nan
100189343	0.0000	nan
100009606	0.0000	nan
100189347	-20.8674	0.3487
100189339	-20.6963	0.3293
57647	-1.0764	0.1025
140707	0.1839	0.8168
102659353	-0.5241	0.5281
105370052	1.7105	0.4706
65985	-0.1388	0.7766
105370053	0.0000	nan
114795	-0.3180	0.8042
105370054	-13.2027	0.4950
107984445	0.0000	nan
105370055	0.0000	nan
400084	0.0000	nan
105370057	0.0000	nan
105370058	0.0000	nan
105370056	0.0000	nan
101927464	0.0000	nan
107984447	17.6125	0.2722
107984446	0.0000	nan
105379613	0.0000	nan
101927531	0.0000	nan
107984448	-18.3326	0.3256
283435	-13.5723	0.4950
105370059	0.0000	nan
100128554	-14.4233	0.3065
100996671	-15.2961	0.4950
105370060	-13.6492	0.4950
387895	-21.1575	0.2262
100507206	-17.2061	0.2678
440117	0.0000	nan
105370061	0.0000	nan
101927592	-14.8275	0.4950
105370063	0.0000	nan
107984449	-16.7081	0.0007
107984450	0.9693	0.6315
105370062	-1.9706	0.1369
105370064	0.7457	0.7315
105370065	0.0000	nan
101927616	0.0000	nan
105370066	-13.3696	0.4950
105370067	0.7460	0.7314
101927637	0.0000	nan
105370068	1.0434	0.5812
105370069	0.0000	nan
400087	-15.9919	0.4219
104472718	15.3339	0.2722
100862680	-14.3926	0.2754
105370070	0.0000	nan
105370071	0.0000	nan
100996679	0.0000	nan
101927694	0.0000	nan
107987176	0.0000	nan
92293	0.7111	0.7436
100500817	0.0000	nan
121260	-0.4246	0.3033
100128276	-15.9636	0.4950
144423	2.6754	0.3546
105370073	17.5541	0.2722
121256	-2.0051	0.3346
283352	0.0000	nan
101927735	-16.2567	0.2542
105370074	15.9060	0.2722
105370076	14.3318	0.2722
100190940	17.1033	0.2722
105370077	0.0000	nan
105370078	0.0000	nan
440119	0.0000	nan
11211	0.0000	nan
107984480	0.0000	nan
101927786	0.0000	nan
9271	0.0000	nan
23504	6.1428	0.2779
105370079	0.0000	nan
105370080	0.0000	nan
107984451	1.4411	0.2244
2054	-0.1054	0.8447
5901	1.2546	0.1302
283383	-2.0572	0.0483
105755954	-3.0438	0.0553
107984452	-14.8428	0.2277
116437	0.0000	nan
105370082	0.0000	nan
107987177	0.0000	nan
100128002	0.0000	nan
107161159	0.0000	nan
105370083	0.0000	nan
338797	0.0000	nan
101929974	0.0000	nan
105370084	0.0000	nan
105370085	0.0000	nan
105370086	0.0000	nan
100996701	0.0000	nan
105370087	0.0000	nan
6433	-0.7255	0.0773
105370088	-1.6661	0.1875
4326	-2.0946	0.2245
8408	-2.8274	0.0087
107984455	0.1820	0.8903
80324	-1.0346	0.0324
57634	-1.2890	0.0981
677829	18.4882	0.2722
347918	-2.1194	0.0169
317781	-1.0827	0.0089
79050	0.2890	0.7082
105370090	-15.9342	0.4395
107984456	0.0000	nan
100996246	-1.5776	0.0729
50614	-13.7974	0.2691
105370091	-12.8398	0.2192
100130238	0.0000	nan
101928416	0.0000	nan
105370092	-12.3278	0.4950
112268102	-14.0836	0.4950
100129528	3.3886	0.3172
57666	-2.1606	0.0029
102465975	0.0000	nan
105370094	-0.2080	0.8998
100507055	-14.3547	0.3033
22953	-15.1253	0.1898
5426	-0.5826	0.4425
5827	0.4572	0.5835
192111	0.0657	0.8845
23141	-0.5677	0.0381
2802	-1.1680	0.1329
55743	-0.8210	0.0886
101928530	3.3711	0.3137
100289635	-1.0163	0.1271
7574	-0.8905	0.1141
101928597	0.0000	nan
7637	-1.0617	0.0465
7699	-0.3160	0.5327
101060200	-2.2126	0.0168
7556	-1.9746	0.0162
10795	-0.4534	0.0782
647589	0.0000	nan
26080	0.3533	0.8737
105379278	0.0000	nan
100874164	0.0000	nan
284232	0.0000	nan
100652856	0.0000	nan
348021	0.0000	nan
107984132	0.0000	nan
7278	4.6752	0.2887
101928697	0.0000	nan
100101938	-12.0123	0.4950
100287114	0.0000	nan
93492	0.1494	0.9279
100874136	0.0000	nan
54737	0.0337	0.9189
55269	-0.1626	0.3707
9205	-0.3049	0.6490
7750	-1.1881	0.0828
104355137	0.0000	nan
105370101	-12.6679	0.4950
2700	3.1789	0.1962
107984553	0.0000	nan
2706	0.4081	0.7943
10804	0.0000	nan
105370102	0.0000	nan
51084	-1.2712	0.0929
100616304	0.0000	nan
105370103	-14.7104	0.1083
8100	-0.6767	0.1518
53342	-1.2104	0.2414
221143	-0.0926	0.8301
64328	0.0455	0.9618
101930748	-15.3051	0.2192
26524	0.0331	0.9734
105370104	0.0000	nan
10284	-0.3165	0.0822
221150	4.2608	0.2502
78988	0.2221	0.1613
103689843	-15.1779	0.4950
105370105	-0.9362	0.5223
101928764	-0.9409	0.2015
650794	-0.4531	0.3732
100652865	1.3765	0.4711
2871	-0.8154	0.4019
253832	-0.1149	0.9025
221154	-0.3574	0.5263
107984582	0.0000	nan
2254	-0.8285	0.5520
100874182	0.0000	nan
105370108	1.0162	0.6419
100506622	-1.6039	0.3300
107984599	-14.4001	0.0502
100996930	-14.6679	0.2192
105370109	0.0000	nan
646201	0.0000	nan
105370111	0.0000	nan
105370112	0.0000	nan
6445	1.5114	0.4194
107984585	-1.5379	0.1254
26278	1.2801	0.4801
100506680	0.3854	0.7964
100506697	-0.0486	0.9317
55504	-0.6994	0.4604
105370114	0.2631	0.8404
105370113	-1.8270	0.0419
4285	-0.1386	0.3982
542767	-0.5883	0.4969
387911	-0.0502	0.9164
400110	0.0000	nan
105370115	16.8075	0.2722
221178	-1.4304	0.0907
100313842	0.0000	nan
100874231	0.0000	nan
338872	-0.0760	0.9343
100861547	0.0000	nan
143	-0.2446	0.7022
105370117	-0.7488	0.5129
105370295	-13.2951	0.4950
101927375	1.9732	0.4277
374491	-3.2678	0.0048
107984610	0.0000	nan
479	-12.7223	0.4950
105370118	0.0000	nan
56163	1.4702	0.4104
112268115	0.0000	nan
55835	0.1896	0.8500
107987187	-16.2922	0.2691
646405	-3.1836	0.0963
105370119	-11.1344	0.4950
105370120	0.0000	nan
5042	2.6993	0.2976
219287	12.4189	0.2722
101928922	0.0000	nan
102723318	0.0000	nan
105370121	-15.1047	0.4950
9107	0.2319	0.8327
9818	0.2945	0.7714
51761	2.0632	0.1365
105370122	0.0000	nan
387914	5.5921	0.1537
107984009	0.0000	nan
6049	-0.5855	0.2826
1024	0.0435	0.8504
10810	-1.4848	0.0412
107984597	-0.8875	0.3690
2835	11.9850	0.2722
105370124	-0.2280	0.8832
219333	-0.9499	0.2999
100874070	1.9739	0.4276
100874071	1.6770	0.4380
105370125	1.3322	0.0199
102723332	-15.0813	0.4950
6144	-0.4360	0.6029
26771	-0.3200	0.7754
619499	-2.6000	0.0974
387496	-0.7374	0.5477
105370126	0.0000	nan
2971	-0.2752	0.5683
219402	-0.2369	0.5917
222484	-0.9935	0.3055
51082	0.2527	0.4840
105370128	1.7107	0.4705
105370129	0.0000	nan
219409	0.0000	nan
100861550	0.0000	nan
105370130	0.0000	nan
3651	0.0000	nan
100132234	0.0000	nan
1045	0.0000	nan
646625	0.0000	nan
105370132	0.0000	nan
2322	2.3532	0.3820
255967	-1.5314	0.0570
100288730	-1.3909	0.1363
2321	1.0778	0.1357
105370135	0.0000	nan
51371	1.3774	0.3071
283537	-2.2771	0.0128
23281	-1.0499	0.5879
100874107	-0.8810	0.6990
6541	0.0772	0.9346
102723345	-20.4630	0.0136
105370139	-3.1972	0.2914
5412	0.2695	0.8160
100874059	0.0000	nan
100861573	0.0000	nan
440131	0.0000	nan
100874146	2.4822	0.3552
102157400	0.0000	nan
105370141	-13.0323	0.2192
84056	0.4848	0.6250
102723381	-0.9793	0.4107
100188949	0.8645	0.6347
103724387	-18.0717	0.3552
171222	-0.7948	0.4664
107984577	-1.7456	0.1245
3146	0.9380	0.3466
10208	-0.0797	0.9149
100189036	0.0000	nan
241	1.5036	0.4684
100874158	-19.0860	0.0092
440132	-1.0895	0.2391
100507064	1.6811	0.2320
84935	-0.5395	0.5701
122046	5.8453	0.2792
105370145	0.0000	nan
102723392	-16.1054	0.4950
10808	0.1388	0.8974
105370148	-15.1748	0.3828
145173	-1.2102	0.2812
105370150	0.0000	nan
122042	1.8926	0.4161
105370152	1.1913	0.3814
196549	-2.8913	0.2782
100507099	-0.9777	0.6084
10129	-2.0401	0.2133
646799	-15.8431	0.3862
675	0.6896	0.6515
90634	-2.7724	0.0271
10443	-0.8994	0.1099
100462953	0.4534	0.7457
116828	-1.8751	0.0685
107984584	-14.3439	0.4950
23047	-0.3232	0.6362
100874167	0.0000	nan
9365	1.1621	0.5230
90627	-0.7537	0.3479
100874241	-1.3748	0.3046
105370154	-15.9755	0.4950
112268116	-1.0424	0.4498
102723406	-0.8172	0.5303
107984551	-16.4070	0.2754
5983	1.9921	0.3859
105370156	-13.1728	0.2192
107984589	3.6748	0.3078
105370158	0.0000	nan
100874179	0.0000	nan
105370159	0.0000	nan
107987189	0.0000	nan
26960	-2.1622	0.0782
4081	2.2267	0.1076
105370161	0.0000	nan
100507114	2.1997	0.0656
9201	-1.8561	0.1953
105370163	-13.9532	0.2276
107984604	0.0000	nan
100526761	-0.1997	0.7653
54937	-2.6062	0.1389
728591	-0.6582	0.5619
23111	-0.3616	0.2834
100507135	-0.1090	0.8866
8900	0.2602	0.8571
102723490	3.6343	0.2223
400120	0.0000	nan
5994	-1.2549	0.1874
4093	0.9674	0.5154
29880	-0.5052	0.1454
11340	0.3002	0.4541
55578	0.3445	0.6629
105370165	1.3015	0.4742
122011	-3.0667	0.0002
105377814	0.0000	nan
103695431	1.8423	0.4164
400121	-0.0808	0.9399
10631	-0.8779	0.4825
7223	0.6490	0.5423
101929077	-0.3772	0.7882
100874188	-2.4933	0.0611
51569	-0.2353	0.6516
101929121	0.0000	nan
105370167	0.0000	nan
100874147	0.0000	nan
341640	0.0000	nan
100874073	0.0000	nan
161003	0.0000	nan
80209	-0.3759	0.6758
387921	-1.0024	0.0699
105370169	-13.3958	0.4950
105370168	-3.4406	0.2296
107984579	-13.5521	0.4950
107984580	-0.4208	0.7431
10186	0.2465	0.6139
105370170	-13.2149	0.4950
57511	-0.1172	0.8985
100422940	0.0000	nan
105370171	0.0000	nan
107984569	0.0000	nan
100874127	0.0000	nan
400123	0.0000	nan
646982	-15.3150	0.0016
2308	-2.2895	0.0013
100313896	-18.6697	0.4950
10240	0.6878	0.2731
10166	-0.1786	0.6367
100616668	-1.2197	0.0996
693206	-0.1387	0.8397
283507	-2.3724	0.0961
1997	-0.9273	0.1708
100189333	-21.9115	0.0089
11193	0.6173	0.3070
100422878	0.0000	nan
89890	-0.2287	0.7901
101929140	-1.8991	0.1905
84078	-0.2445	0.6098
9617	-0.4119	0.4518
105370173	0.9474	0.6181
79612	-1.2772	0.0736
100506759	0.6309	0.2365
28984	-0.3081	0.7557
105370174	-1.3491	0.2149
105370175	0.0000	nan
23078	-1.0847	0.2053
100847026	-0.5163	0.6757
100507240	-12.8535	0.4950
105370176	0.0000	nan
160851	0.3456	0.7856
11215	-0.0684	0.9519
105370177	0.0000	nan
8600	0.0000	nan
144809	3.5585	0.3114
107984611	-13.9947	0.4950
103689845	-15.8673	0.2692
104355147	2.7173	0.3516
94240	0.9854	0.5463
105370178	-16.2403	0.0502
105370179	0.0000	nan
29103	0.5596	0.3764
100874159	-1.6850	0.1062
55068	-2.0101	0.1244
100874130	0.0000	nan
105370181	-1.5076	0.3378
160857	-1.1255	0.1926
144811	-2.7565	0.1181
107984576	-0.5829	0.6803
105370182	1.1489	0.5494
121838	-13.5335	0.2192
105370183	-16.5346	0.4950
101929212	-17.8513	0.0658
79024	-17.4822	0.1033
100874377	0.0000	nan
107984601	0.0000	nan
102465876	0.0000	nan
107984552	0.0000	nan
105370297	-3.8105	0.0395
387923	-0.4959	0.2064
400128	2.3382	0.3835
8848	-1.6847	0.0574
641467	-2.3405	0.0867
106144541	-18.9586	0.2280
105370185	-4.3563	0.0043
144817	3.1615	0.3265
105370187	1.0164	0.6419
107984619	0.0000	nan
100189030	0.0000	nan
26747	-0.6137	0.3397
55425	-0.7112	0.1156
105370188	0.0000	nan
107984596	0.0000	nan
101929259	16.0308	0.2722
2963	0.1358	0.7896
386618	-1.6189	0.4407
105370190	0.0000	nan
7178	-0.0824	0.8977
109616966	-0.9917	0.2149
677814	1.2740	0.2829
100190939	1.2937	0.3632
253512	-1.2640	0.2041
100874259	-2.9999	0.0272
83548	-0.5219	0.4275
220081	-13.5205	0.2192
103752581	0.0000	nan
220082	0.0000	nan
283514	-13.0780	0.3292
105370191	0.0000	nan
23091	-0.6164	0.3817
100509894	-1.7865	0.4914
1361	0.0491	0.9706
3936	4.8513	0.0147
105370192	0.0000	nan
107984578	0.0000	nan
220416	-1.7231	0.5246
105370194	-14.4936	0.4950
100861554	2.7102	0.3521
80183	-2.1867	0.3927
101929344	-15.8145	0.3065
112268117	0.0000	nan
23143	-1.0066	0.1711
107984563	-15.4998	0.4950
2098	0.9493	0.2782
3356	-0.9591	0.5857
100874082	0.0000	nan
107984594	0.0000	nan
105370195	-17.7104	0.0792
105370196	-15.7322	0.4950
107984570	1.1617	0.3759
100861549	-0.0620	0.9609
8803	-0.2317	0.7263
55270	0.0994	0.8873
29079	-0.9925	0.0714
100873965	-1.0517	0.0267
105370198	1.7107	0.4705
9445	-0.6968	0.4997
100862704	-17.6730	0.2141
5925	0.4556	0.7185
112268118	1.1813	0.4628
10161	-2.5767	0.1080
1102	-1.3408	0.0589
105370201	0.0000	nan
100129597	0.0000	nan
105370202	0.1496	0.9277
57105	-14.4275	0.3065
107984559	0.0000	nan
22862	-0.1884	0.8572
2862	-14.9373	0.4950
105370203	-2.7341	0.0331
81602	-1.2209	0.0828
81617	-0.9561	0.2704
107303344	-0.1107	0.6122
83852	0.4735	0.5275
51131	-0.2082	0.2541
55213	0.0266	0.9725
105370204	-14.9780	0.3065
115761	0.0000	nan
105370205	-15.7819	0.3230
84650	1.0334	0.1079
3839	0.0288	0.9772
220429	-12.3381	0.4950
57213	0.8522	0.4937
8847	1.6213	0.3556
100500908	-19.4320	0.4950
10206	-1.0194	0.0487
283518	-1.3702	0.0161
406950	0.0000	nan
406948	-18.8372	0.4950
10301	-0.8857	0.1576
145165	-0.0610	0.8263
103689915	0.0000	nan
107984568	0.0000	nan
220107	0.7625	0.6662
107984567	1.4135	0.0786
100874074	-14.3930	0.4950
100874255	-0.7278	0.0764
79621	-0.4847	0.3853
2974	1.7113	0.4704
647166	0.0000	nan
107984554	0.0000	nan
220108	-3.1339	0.2558
647174	0.1067	0.9159
100847003	0.0000	nan
26512	-0.3808	0.3790
100507398	-2.2652	0.0813
100616423	0.0000	nan
115825	-0.1263	0.8586
79758	-1.4299	0.0552
107984561	0.6518	0.6111
283521	-13.4170	0.2692
83446	0.0000	nan
540	-1.6923	0.0325
440138	-0.7377	0.1865
9724	-0.5830	0.3065
341676	0.0594	0.9601
101929657	1.4366	0.4674
4752	0.3668	0.3278
100887750	-0.7118	0.2141
644623	3.3308	0.3194
103191607	-15.1277	0.4950
105370207	-1.1025	0.5626
55901	-1.8861	0.2319
51028	-0.2700	0.6544
26586	2.4555	0.3381
105370208	-1.0967	0.7172
220115	2.7109	0.3521
144983	0.8887	0.1672
10910	-0.0259	0.9506
11061	-14.9065	0.4950
100313778	0.0000	nan
5100	0.0000	nan
10562	1.9730	0.4277
102723875	0.0000	nan
105370210	0.0000	nan
100861552	0.0000	nan
100507428	0.0000	nan
100302187	0.0000	nan
105370213	0.0000	nan
100846996	0.0000	nan
105370214	0.0000	nan
122183	0.0000	nan
729233	0.0000	nan
729240	0.0000	nan
729246	0.0000	nan
729250	0.0000	nan
105370216	0.0000	nan
105370217	0.0000	nan
27253	-12.7755	0.2219
101926897	0.0000	nan
106144531	0.0000	nan
105370218	0.0000	nan
105370219	0.0000	nan
105370220	0.0000	nan
105370221	16.4236	0.2722
105370224	0.0000	nan
105370223	0.0000	nan
105370222	0.0000	nan
107984625	18.0251	0.2722
81624	1.0782	0.5047
100874195	0.6797	0.6735
100874196	0.0000	nan
105370227	16.0319	0.2722
100874169	0.0000	nan
105370228	0.0000	nan
81550	0.0128	0.9536
105370230	18.6930	0.2722
101926930	0.0000	nan
103456507	0.0000	nan
102723910	15.8558	0.2722
100422973	0.0000	nan
64881	-13.9468	0.3586
101926951	0.0000	nan
105370231	0.0000	nan
100874143	0.0000	nan
103752583	0.0000	nan
106144607	0.0000	nan
100874180	0.0000	nan
105370232	0.0000	nan
100874176	0.0000	nan
105370233	0.0000	nan
105370234	0.0000	nan
104355293	0.0000	nan
105370237	0.0000	nan
105370236	0.0000	nan
100874157	0.0000	nan
105370235	0.0000	nan
283491	0.0000	nan
112267897	-13.1198	0.4950
102723968	0.0000	nan
647264	0.0000	nan
105377815	0.0000	nan
144766	16.5235	0.2722
105370238	0.0000	nan
107987190	0.0000	nan
105370239	0.0000	nan
105370240	0.0000	nan
105370241	0.0000	nan
105370242	0.0000	nan
105370243	0.0000	nan
105370244	0.0000	nan
100616302	0.0000	nan
105370245	0.0000	nan
100616205	0.0000	nan
5101	-0.1428	0.7245
105370247	0.0000	nan
100874064	0.0000	nan
100874086	0.0000	nan
100874087	0.0000	nan
105370246	0.0000	nan
100874145	19.6869	0.2722
105370248	0.0000	nan
105370249	0.0000	nan
105370250	0.0000	nan
107984622	0.0000	nan
105370251	0.0000	nan
101927072	-13.4819	0.4950
338862	15.0681	0.2722
105370254	18.4672	0.2722
105370253	0.0000	nan
103689913	0.0000	nan
57626	0.0000	nan
6315	0.0000	nan
105370255	0.0000	nan
100885781	0.0000	nan
1602	0.0082	0.9958
440145	1.1631	0.5017
79866	0.1986	0.8278
22894	-0.1822	0.8198
10464	-0.5404	0.4660
688	-1.0577	0.3129
105377816	0.0000	nan
100874156	-16.1927	0.4950
100874155	0.0000	nan
107984024	0.0000	nan
105370256	13.8795	0.2722
11278	-0.1838	0.8329
100507612	-3.0508	0.2436
105370259	14.8599	0.2722
100288208	0.0000	nan
100874151	0.0000	nan
107987191	0.0000	nan
338864	14.1893	0.2722
105370260	0.0000	nan
107984620	0.0000	nan
647288	-13.5148	0.4950
106144536	0.0000	nan
9882	-1.2793	0.2961
170622	-1.1799	0.1685
7347	-0.2192	0.2455
101927155	-0.7740	0.0482
4008	0.1764	0.8821
729420	-1.6141	0.3376
104326189	-1.5747	0.5464
100861545	0.0000	nan
105370262	0.0000	nan
105370261	0.0000	nan
105370263	0.0000	nan
105370264	0.0000	nan
105370266	0.0000	nan
112268120	0.0000	nan
105370265	4.0833	0.2972
107984587	0.0000	nan
115207	0.5443	0.7283
690	0.0000	nan
105370269	-14.6464	0.4950
730249	0.0000	nan
1203	-1.0320	0.1568
26224	-0.1906	0.8389
23077	-0.9856	0.2062
100874212	-1.1979	0.1322
107984564	-0.7425	0.5142
105370271	18.8673	0.2722
8796	16.1586	0.2722
104355296	0.0000	nan
100129307	0.0000	nan
122060	1.5300	0.4566
100500861	0.0000	nan
112268121	0.0000	nan
100505518	0.0000	nan
1910	0.7235	0.6451
101927176	0.0000	nan
100874175	0.0000	nan
100874222	-0.1882	0.6978
780529	0.0000	nan
5457	-14.0640	0.4950
79596	-0.1682	0.8031
105370272	18.1454	0.2722
100874126	0.0000	nan
105370273	0.0000	nan
64062	-0.0688	0.9214
100505538	-0.7816	0.2618
105370274	0.0627	0.9209
100874208	0.0000	nan
54602	-0.5615	0.4624
103724388	17.5007	0.2722
102724076	0.0000	nan
101927195	0.0000	nan
101515984	0.0000	nan
105370275	-13.4397	0.4950
101927238	0.0000	nan
10253	-1.3039	0.2425
105370276	-12.3972	0.4950
105370278	-12.4804	0.4950
103724386	-15.3558	0.4950
100861546	0.0000	nan
105370281	0.0000	nan
105370282	0.0000	nan
105370283	0.0000	nan
105370284	0.0000	nan
105370285	0.0000	nan
105370286	16.9533	0.2722
114798	2.3272	0.3846
105370287	0.0000	nan
100874128	-14.1748	0.4950
105370289	0.0000	nan
106635542	0.0000	nan
105370290	0.0000	nan
104355140	0.0000	nan
105370291	0.0000	nan
105370292	17.3434	0.2722
100874137	0.0000	nan
84189	-1.9225	0.2601
105370299	0.0000	nan
105370300	0.0000	nan
106144533	0.0000	nan
105370301	0.0000	nan
105370302	0.0000	nan
642345	0.0000	nan
100616182	0.0000	nan
26050	-14.6666	0.4950
112268106	0.0000	nan
101930749	0.0000	nan
105370304	0.0000	nan
105370306	0.0000	nan
100874168	0.0000	nan
100861553	0.0000	nan
105370307	0.0000	nan
105616982	0.0000	nan
100874172	0.0000	nan
107984621	0.0000	nan
105370308	0.0000	nan
100874139	0.0000	nan
105370309	0.0000	nan
100874187	16.1196	0.2722
693207	0.0000	nan
105370310	0.0000	nan
101927224	0.0000	nan
107984572	0.0000	nan
105370311	-13.8599	0.4950
144776	0.0000	nan
101930747	0.0000	nan
105370312	14.0980	0.2722
100874150	0.0000	nan
105370313	0.0000	nan
105370314	0.0000	nan
407975	1.4790	0.4581
406952	0.0000	nan
406953	0.0000	nan
406979	0.0000	nan
406982	0.0000	nan
406980	0.0000	nan
407048	-17.5898	0.4950
107984617	0.0000	nan
2262	-0.4986	0.7144
100873970	0.0000	nan
100847092	0.0000	nan
105370315	16.2033	0.2722
100873969	0.0000	nan
105370317	0.0000	nan
104326053	0.0000	nan
10082	-1.6985	0.1797
100873973	0.0000	nan
100873972	1.9586	0.4298
1638	-3.9825	0.0117
100189251	-19.8557	0.1082
23483	-0.7916	0.3723
160897	-0.1631	0.8745
101927248	-13.9950	0.4950
11166	0.0000	nan
100507533	-12.3316	0.4950
112268114	0.0000	nan
101927284	0.0000	nan
100861544	0.0000	nan
10257	-1.3183	0.0636
109616987	0.0000	nan
102724149	-2.3098	0.0411
105370321	0.0000	nan
9071	0.1172	0.8807
100874194	-14.0345	0.4950
22873	-1.0464	0.0354
100289274	-1.3598	0.1350
5611	-0.6417	0.3191
105370322	-0.0769	0.9445
55757	-0.6333	0.4562
266722	10.8057	0.2722
100616137	0.0000	nan
100887754	0.0000	nan
112268107	0.0000	nan
27199	0.0000	nan
112268108	0.0000	nan
103625683	0.0000	nan
10150	0.1393	0.9056
107984573	-16.1437	0.4950
101927385	1.1140	0.3251
5911	-0.6126	0.3848
105370324	-13.1391	0.4950
105370325	0.0000	nan
3843	0.0623	0.9140
105370328	2.7109	0.3521
107984566	0.0000	nan
10160	-0.1052	0.6671
140432	5.7461	0.2797
100422881	-17.5734	0.4950
105370327	-14.5954	0.2092
8428	-0.3478	0.2112
100874069	0.3624	0.7964
6564	2.5231	0.1840
105370330	0.0000	nan
23348	-1.7616	0.1406
100874096	0.0000	nan
100861541	-2.8011	0.0081
100289373	0.2504	0.7999
337867	-1.9096	0.0492
2841	-14.6592	0.2277
1880	0.0512	0.9692
100131561	-15.6099	0.2192
693208	-19.0688	0.3066
107984558	0.0000	nan
102725509	-2.3421	0.1297
106478991	-0.2880	0.8024
9375	0.0625	0.9341
104355149	12.2854	0.2722
105370332	-13.5049	0.4950
171425	-0.0716	0.9119
100422861	-17.3324	0.4950
100874063	0.0000	nan
101927465	0.0000	nan
101927437	-17.7911	0.1898
85416	0.0000	nan
7546	0.0000	nan
100861542	0.0000	nan
105370333	0.7237	0.0410
5095	-0.6602	0.1171
107984575	-17.5055	0.0524
105370335	-16.9221	0.3862
100885777	-0.0972	0.9553
107984574	0.0000	nan
87769	0.2350	0.6377
84899	-0.7731	0.0990
100885778	0.1973	0.8865
100874161	0.0000	nan
259232	-1.4712	0.5314
9358	-0.7494	0.2912
107984616	0.0532	0.9471
2259	-0.0793	0.9326
100616110	0.0000	nan
100616239	0.0000	nan
107984615	0.0000	nan
283480	5.3428	0.2823
100874081	0.0000	nan
283481	1.3076	0.4990
107984588	-2.1032	0.0343
7174	-0.1802	0.8203
196541	0.1316	0.8880
643677	-1.0811	0.0620
105370337	-0.3975	0.4988
93081	0.1671	0.8334
79070	-0.3620	0.4984
54841	-0.4112	0.5850
100533467	-0.7799	0.0860
2073	-0.6345	0.1508
121952	0.7853	0.5715
6555	0.0000	nan
105370338	0.0000	nan
105370339	0.0000	nan
104326190	0.0000	nan
105370340	0.0000	nan
107984624	0.0000	nan
107984606	16.0522	0.2722
107984607	0.0000	nan
107984608	0.0000	nan
105370342	0.0000	nan
105370343	0.0000	nan
107984609	0.0000	nan
105370344	0.0000	nan
282706	0.0000	nan
267012	0.0000	nan
105370345	0.0000	nan
144920	-16.2511	0.4219
107984626	-12.4298	0.4950
728192	1.0098	0.5584
105370346	0.0000	nan
112268109	0.4742	0.6789
1948	-0.7255	0.3837
55082	-0.9978	0.1710
105370348	-18.9517	0.2734
283483	-13.8985	0.4950
100874173	0.0000	nan
107984627	15.5056	0.2722
105370349	0.0000	nan
105370350	0.0000	nan
728215	0.1897	0.8881
109616978	0.0000	nan
105370353	-14.0858	0.4950
112268110	16.2373	0.2722
100302286	-18.9268	0.4950
100874375	-13.0208	0.4950
107984581	0.0000	nan
112268111	0.0000	nan
3981	-0.8506	0.2920
84945	-0.5212	0.5833
10673	1.0633	0.1612
105370355	17.8423	0.2722
23026	0.2222	0.8507
105370356	14.0550	0.2722
100885782	-17.2463	0.2230
105370359	-11.8485	0.4950
104326054	0.0000	nan
107984602	0.0000	nan
101927627	0.0000	nan
101409253	0.0000	nan
8660	-1.2823	0.3093
105370360	0.2095	0.7898
112268112	-12.5548	0.3875
101927646	-12.4123	0.4950
104355146	0.0000	nan
105370361	0.0000	nan
101927712	-12.1583	0.4950
1282	-0.0333	0.9726
1284	-1.0839	0.3488
102465872	0.0000	nan
100129836	-1.5223	0.1175
100874203	-1.0633	0.3877
55647	-0.1109	0.8810
55739	-1.4250	0.0251
79587	-0.0201	0.9804
3621	-1.3950	0.0103
107984613	-0.7522	0.5754
283486	2.3535	0.3820
105370362	-1.2915	0.4315
105370363	-0.9852	0.2963
283487	-1.4265	0.2574
55608	-1.6304	0.0318
105370364	-14.4560	0.2192
104355135	-0.4627	0.0414
101927802	4.1020	0.2963
100874238	-19.4804	0.0290
8874	-1.4852	0.0280
100874226	-16.7375	0.2754
101060553	0.1087	0.7977
121793	-3.9672	0.1774
105370365	-2.1475	0.1562
107984618	0.0000	nan
105370369	0.0000	nan
107983958	0.0000	nan
105370366	0.0000	nan
102724489	0.0000	nan
102724510	0.0000	nan
101928616	0.0000	nan
100505996	0.0000	nan
105378193	0.0000	nan
6656	-11.7218	0.4950
100506016	0.0000	nan
105370370	0.0000	nan
101928698	0.0000	nan
101928730	0.0000	nan
107984555	0.0000	nan
101928752	0.0000	nan
104266956	0.0000	nan
105370373	0.0000	nan
122258	17.6835	0.2722
105370372	0.0000	nan
10426	-0.4991	0.3147
400165	-14.5636	0.3033
102725228	-0.7370	0.2316
23250	-2.2068	0.1522
100874205	-13.2380	0.4950
23263	-15.9940	0.3820
100289410	0.0000	nan
107984591	14.4118	0.2722
107984590	0.0000	nan
2155	-2.2824	0.1958
2159	0.5326	0.1869
104413892	0.0000	nan
102724474	-3.0017	0.0837
8858	-0.8149	0.5388
55795	-0.6978	0.0348
8451	-0.0103	0.9819
107984583	-0.7531	0.4923
102465874	-22.5982	0.0524
3916	-1.3173	0.0681
79774	-0.0355	0.9546
100874068	0.8416	0.6001
101928841	-0.7360	0.6018
113622	-1.7326	0.2008
55208	-1.1021	0.0561
55002	-1.1690	0.0148
7027	1.6733	0.3723
6011	-0.5970	0.7155
496	-16.7977	0.4381
105377805	-4.3660	0.0601
100130386	-16.3991	0.0757
348013	-3.0909	0.3167
650669	-3.1489	0.1108
2621	-2.4423	0.0911
100506394	-0.9817	0.0557
100874178	-1.6975	0.3911
643365	-1.1391	0.3011
100861555	-2.8438	0.0999
105377806	-0.3842	0.7327
100507747	-1.0202	0.1956
22821	-1.4769	0.0514
107987192	-15.7794	0.3065
107984593	-17.4777	0.1439
101929355	0.0000	nan
8881	-0.4198	0.4056
100847035	-1.6876	0.4427
105370384	-0.6841	0.0544
100616227	-18.4998	0.4950
65110	-0.0843	0.7351
283489	-0.5485	0.4109
104355150	0.0000	nan
440153	0.0000	nan
642426	0.0000	nan
641455	2.9381	0.3378
100508046	17.1497	0.2722
105378171	0.0000	nan
503638	-0.4438	0.8253
414763	-16.3470	0.3229
114004396	0.0000	nan
503639	-0.5507	0.7650
101101776	-16.6741	0.2372
115694671	0.0000	nan
105378174	0.0000	nan
404785	-14.2993	0.2691
101929572	0.0000	nan
79334	0.0000	nan
441669	0.0000	nan
441670	0.0000	nan
390429	-16.9360	0.3270
283617	0.0000	nan
390431	0.0000	nan
79544	0.0000	nan
79317	0.0000	nan
81127	0.0000	nan
390432	0.0000	nan
122740	0.0000	nan
390433	0.0000	nan
122742	0.0000	nan
390436	0.0000	nan
390437	0.0000	nan
390439	0.0000	nan
122748	0.0000	nan
390441	-16.1835	0.4219
390442	-14.9108	0.4950
91875	0.1646	0.8277
57820	-0.1689	0.8419
109616976	-2.6873	0.3450
100113391	-17.2109	0.4950
10038	0.4847	0.5983
85495	-0.4808	0.6677
7011	-2.3287	0.0013
123103	0.3490	0.5091
55644	0.2520	0.6442
328	0.8860	0.0879
90809	-0.5743	0.2845
4860	1.1727	0.2402
338879	0.0000	nan
390443	0.0000	nan
122651	0.0000	nan
254028	14.8258	0.2722
493901	0.0000	nan
7217	0.0000	nan
7207	0.0000	nan
7218	-17.6702	0.4950
7237	0.0000	nan
100189151	-17.4825	0.4950
100189419	0.0000	nan
100189286	0.0000	nan
341799	18.8538	0.2722
100189424	0.0000	nan
107984705	0.0000	nan
100189405	0.0000	nan
100009601	0.0000	nan
100009602	20.3962	0.2722
100189263	0.0000	nan
100189001	-17.6853	0.4950
100189088	0.0000	nan
283	-0.6947	0.3549
6038	-1.2419	0.0717
10876	-0.6731	0.5200
107984671	0.0000	nan
64184	0.0000	nan
6039	0.0000	nan
105370397	0.0000	nan
6035	0.0000	nan
100507513	-12.5921	0.4950
6037	-14.3563	0.4950
643332	17.9304	0.2722
6036	0.0000	nan
64745	-1.3879	0.0651
101929718	-0.3146	0.5886
29986	2.4876	0.3584
57447	-1.4815	0.0720
102465428	-0.3686	0.7240
122664	-15.0181	0.1082
440163	-16.2001	0.2542
84659	-16.1485	0.2423
105370398	-15.4004	0.3587
122665	-15.9036	0.4950
55701	-1.5771	0.0478
51222	-1.8547	0.1910
643382	-2.5030	0.0648
105378175	0.0000	nan
390445	0.0000	nan
283624	-0.0042	0.9971
3183	0.3692	0.0107
57096	1.2591	0.4946
11198	0.1761	0.4183
107984643	-0.0115	0.9810
57680	-0.6083	0.1139
692053	-18.1887	0.4950
319103	0.0000	nan
84932	-0.1610	0.7821
9878	-0.0421	0.9251
56339	-0.6233	0.0477
6297	-0.6197	0.3687
26533	0.0000	nan
28693	0.0000	nan
26534	0.0000	nan
28692	0.0000	nan
26686	0.0000	nan
26687	0.0000	nan
107984650	0.0000	nan
28691	0.0000	nan
28690	0.0000	nan
28689	0.0000	nan
28688	0.0000	nan
6956	0.0000	nan
28686	0.0000	nan
28685	0.0000	nan
28678	0.0000	nan
28676	0.0000	nan
28675	0.0000	nan
28674	0.0000	nan
28684	0.0000	nan
28683	0.0000	nan
28671	0.0000	nan
28673	0.0000	nan
28682	0.0000	nan
28681	0.0000	nan
28670	0.0000	nan
28669	0.0000	nan
28677	0.0000	nan
28668	0.0000	nan
28672	0.0000	nan
28680	0.0000	nan
28667	0.0000	nan
28666	0.0000	nan
28665	0.0000	nan
28664	0.0000	nan
28663	0.0000	nan
28662	0.0000	nan
28661	0.0000	nan
28660	0.0000	nan
28518	0.0000	nan
28659	0.0000	nan
28658	0.0000	nan
28657	0.0000	nan
28679	0.0000	nan
28655	0.0000	nan
28654	0.0000	nan
28653	0.0000	nan
28652	0.0000	nan
28651	0.0000	nan
28650	0.0000	nan
28649	0.0000	nan
28656	0.0000	nan
28648	0.0000	nan
28647	0.0000	nan
28646	0.0000	nan
28645	0.0000	nan
28644	0.0000	nan
28643	0.0000	nan
107984649	0.0000	nan
28642	0.0000	nan
28641	0.0000	nan
28640	0.0000	nan
105370401	0.5327	0.7471
28517	0.0000	nan
28525	0.0000	nan
28524	0.0000	nan
28523	0.0000	nan
28522	0.0000	nan
28519	0.0000	nan
28521	0.0000	nan
28520	0.0000	nan
28526	-14.3149	0.4950
112267867	0.0000	nan
28516	0.0000	nan
28694	0.0000	nan
28695	0.0000	nan
28696	0.0000	nan
28697	0.0000	nan
28698	0.0000	nan
28699	0.0000	nan
28700	0.0000	nan
28701	0.0000	nan
28702	0.0000	nan
28703	-17.7667	0.4950
28704	0.0000	nan
28705	0.0000	nan
28706	0.0000	nan
28707	0.0000	nan
28708	0.0000	nan
28709	0.0000	nan
28710	0.0000	nan
28711	0.0000	nan
28712	0.0000	nan
28713	0.0000	nan
28714	0.0000	nan
28715	0.0000	nan
28716	0.0000	nan
28717	0.0000	nan
28718	0.0000	nan
28719	0.0000	nan
28720	0.0000	nan
28721	0.0000	nan
28722	0.0000	nan
28723	0.0000	nan
28724	0.0000	nan
28725	0.0000	nan
28726	0.0000	nan
28727	0.0000	nan
28728	0.0000	nan
28729	0.0000	nan
28730	0.0000	nan
28731	0.0000	nan
28732	0.0000	nan
28733	0.0000	nan
28734	0.0000	nan
28735	0.0000	nan
28736	-17.9682	0.4950
28737	0.0000	nan
28738	0.0000	nan
28739	0.0000	nan
28740	0.0000	nan
28741	0.0000	nan
28742	0.0000	nan
28743	0.0000	nan
28744	0.0000	nan
28745	0.0000	nan
28746	0.0000	nan
28747	0.0000	nan
28748	0.0000	nan
28749	0.0000	nan
28750	0.0000	nan
28751	0.0000	nan
28752	0.0000	nan
28753	0.0000	nan
28754	0.0000	nan
28755	-17.9350	0.1533
105370400	-15.2829	0.4950
105370399	0.0000	nan
1603	1.0221	0.1232
63874	-0.9459	0.4230
79549	-13.5545	0.4950
107984651	-16.5403	0.4219
105370404	-17.9044	0.0284
5018	0.0738	0.8477
9056	0.3120	0.7818
122704	0.0790	0.8915
4323	-0.7440	0.4331
26020	-1.5036	0.1766
161253	-0.3290	0.5446
55147	-0.5580	0.1870
100505758	0.1145	0.4802
10419	-0.2969	0.0585
101926933	-0.1071	0.9506
100189243	0.0000	nan
54930	-0.1635	0.8171
100616424	-0.0149	0.9869
84962	-0.7826	0.1012
107984660	-1.5813	0.0109
60686	-0.5008	0.3681
5693	0.1107	0.5490
122706	1.7463	0.4641
64403	0.4693	0.5031
105370705	-0.1066	0.9011
22985	-1.4548	0.0037
107984665	-2.4245	0.0069
55017	-0.2922	0.2141
100128908	-2.6140	0.0359
1053	-15.6173	0.4950
23428	-0.4601	0.5867
100507650	-2.9965	0.0027
105370406	-2.0446	0.4233
57594	0.4973	0.5644
90673	-0.1638	0.2743
599	-1.8154	0.0339
100529063	-0.8459	0.0302
8106	-1.1337	0.0103
51310	-0.3740	0.6035
10278	-0.6207	0.1792
64806	-15.2668	0.3065
116173	0.0000	nan
4624	14.0142	0.2722
406990	0.0000	nan
4625	0.0000	nan
104564225	0.0000	nan
100126336	0.0000	nan
25983	-0.0500	0.9230
79178	-1.0352	0.0899
85446	-2.0383	0.1711
8906	-1.9964	0.0397
102724814	-2.5487	0.0428
84502	-2.6287	0.2917
10202	-0.0410	0.9861
105370407	0.0000	nan
105370408	-0.9974	0.5566
105370410	0.0000	nan
105370409	-11.6872	0.4950
102724845	-15.2474	0.0078
105370411	0.0000	nan
55449	-0.3805	0.4440
10901	-0.0063	0.9946
317749	0.2267	0.8117
728635	0.4377	0.6798
90668	2.5699	0.3472
105370412	0.0000	nan
9362	16.5672	0.2722
4901	-0.4872	0.5992
5106	-0.0152	0.9912
80344	0.0155	0.9828
161247	-0.5674	0.6972
5720	0.2073	0.7234
51016	0.1785	0.6928
5721	0.9135	0.4511
102465801	1.7594	0.3319
55072	0.0672	0.9286
10379	0.7406	0.5582
9985	-0.3892	0.4507
79711	-0.1249	0.8267
10548	-0.7014	0.0811
283629	-2.1723	0.1319
29082	0.0846	0.9116
100528064	-0.1088	0.8797
145553	-0.3850	0.5368
4738	-0.2853	0.3438
51292	-0.1505	0.8134
26277	-0.8185	0.0818
7051	-0.8156	0.3872
5875	-0.2633	0.6963
102725044	-0.2293	0.4774
115817	-0.5330	0.1712
161424	-1.0898	0.0061
27141	-0.9593	0.0287
56413	-3.0486	0.0126
1241	-1.9783	0.0720
196883	-0.2983	0.8160
11035	-1.3673	0.3716
4776	-0.4559	0.5810
57523	-0.8611	0.4849
23351	-1.4991	0.0138
643866	-1.5009	0.0319
56948	-1.5072	0.0118
101927045	-0.5748	0.3896
1215	-15.5884	0.4950
1511	0.0000	nan
2999	15.5820	0.2722
3002	0.0000	nan
107984667	-14.6454	0.4950
105370413	-14.4303	0.0502
29091	-0.1086	0.9062
105370414	-14.6694	0.1581
105370415	0.0000	nan
112268135	0.0000	nan
105370416	3.9735	0.3004
107984700	0.0000	nan
105370418	0.0000	nan
4857	-0.9772	0.4984
102725045	-17.1720	0.3673
101927062	0.0000	nan
102724890	0.0000	nan
101927081	-14.1921	0.4950
100423019	0.0000	nan
105370419	0.0000	nan
105370420	-14.5897	0.4950
105370421	0.0000	nan
728755	0.0000	nan
100505967	0.0000	nan
100422830	0.0000	nan
107984684	0.0000	nan
105370422	-15.1701	0.4950
103695363	-15.3910	0.4950
2290	-17.2606	0.3404
387978	13.9486	0.2722
105370424	-13.1476	0.4950
105370423	14.2838	0.2722
102724917	0.0000	nan
105370425	0.0000	nan
107984685	16.7706	0.2722
102724934	15.5349	0.0238
5587	-0.1919	0.7275
105370429	-1.1882	0.1912
105370430	0.0000	nan
112267868	0.0000	nan
105370431	-16.0930	0.2192
105370432	0.0000	nan
55632	0.9420	0.5551
23256	-0.1679	0.5084
1690	0.3886	0.7852
100506071	-0.7519	0.5756
29966	-0.5404	0.3593
693209	0.0000	nan
11154	-0.6490	0.0203
25831	-0.4723	0.4554
105370436	-15.5677	0.2192
25938	-0.9242	0.2238
101927124	0.4018	0.7756
112487	-0.7287	0.1203
2856	0.0000	nan
105370438	1.7283	0.4316
105370437	0.0000	nan
80224	-0.1035	0.8920
105370439	-16.0233	0.4950
105370440	-13.7760	0.3293
394	-0.1394	0.9006
84837	-1.6773	0.0162
101954275	0.3737	0.8662
101954278	-1.6751	0.1584
9472	-3.0063	0.3637
112268128	-14.1096	0.4950
64067	0.4302	0.2484
105370443	0.0000	nan
106635522	0.0000	nan
112399	-0.4226	0.5605
107987210	0.0000	nan
105370446	0.0000	nan
102724945	-15.6316	0.4950
105370445	-13.3089	0.4950
105370444	0.0000	nan
171546	0.0777	0.9350
55837	-0.2969	0.5087
105370447	0.0004	0.9989
112268123	0.0078	0.9794
105370449	-1.5226	0.2412
58533	0.0576	0.9157
107984628	-14.6267	0.2754
1073	1.2529	0.4485
11177	0.0619	0.9339
112268124	-0.7000	0.2242
100506157	0.0040	0.9861
280655	-0.6720	0.1008
6729	-0.1003	0.8521
283635	-0.2733	0.6940
101927178	-0.8754	0.2125
55012	-0.5558	0.3804
9692	-0.2414	0.5965
5687	0.3415	0.2500
4792	0.8473	0.4772
107984681	0.0000	nan
105370450	15.4806	0.2722
84684	-12.3784	0.4950
253959	-0.5640	0.5158
107399303	-16.8308	0.4950
84312	-0.8733	0.2709
105370452	17.6276	0.2722
101101773	0.0000	nan
105370451	0.0000	nan
100886964	1.8070	0.4116
107984003	0.0000	nan
51562	-0.2895	0.6539
253970	0.0000	nan
7080	0.0000	nan
100506237	0.0000	nan
105370453	0.0000	nan
26257	0.0000	nan
105370455	0.0000	nan
5083	0.5991	0.7292
89874	0.4026	0.7838
107984668	0.0000	nan
100616280	0.0000	nan
100129794	-0.4955	0.4879
145282	-0.0198	0.9810
107984702	0.0000	nan
3169	-15.5637	0.1082
319089	-13.3510	0.2728
400208	-0.3140	0.8614
105370456	1.6662	0.4296
6751	-0.6220	0.6094
161198	0.2831	0.7369
112268136	-0.3339	0.7760
283547	2.3888	0.3785
105370457	19.9452	0.2722
102723516	-14.4161	0.4950
10484	0.0732	0.9113
105370458	-1.4229	0.1583
105370459	-0.2367	0.8305
8487	0.1397	0.7822
122553	-0.0864	0.9212
5411	-0.2345	0.7289
4253	-0.1673	0.8043
100288846	-0.5701	0.3673
254170	-0.2288	0.7751
105370461	-1.5989	0.1357
105370460	-0.2540	0.9175
112267899	0.6931	0.6825
105370464	0.0000	nan
105370463	0.0000	nan
105370462	0.0000	nan
105370465	-14.6628	0.4950
105370466	0.0000	nan
105370467	-16.0269	0.3229
644919	-16.1766	0.4950
105370469	1.4263	0.4913
145581	-0.4002	0.8424
105370470	0.0000	nan
105370471	0.0000	nan
107984027	0.0000	nan
84075	0.0000	nan
105370473	17.6628	0.2722
105370472	0.0000	nan
101927351	0.0000	nan
122525	-1.1463	0.0323
101927418	-3.2652	0.0598
54813	-0.7902	0.3509
23116	-1.0851	0.1057
105370474	0.0000	nan
55015	-0.3049	0.7270
100113389	1.1495	0.5493
2287	0.4198	0.5530
57697	0.4285	0.7274
55320	0.2767	0.7956
107984674	-18.2645	0.1083
105370475	-17.2847	0.0169
105370476	16.8924	0.2722
107984644	0.0000	nan
105370479	-16.1013	0.4950
105370478	16.2484	0.2722
105378177	0.0000	nan
100506412	0.0000	nan
105370480	15.3914	0.2722
105370481	0.0000	nan
140801	-14.2478	0.4950
161357	12.0664	0.2722
100500919	0.0000	nan
100506433	0.0000	nan
101927483	0.0000	nan
105370482	0.0000	nan
105378178	15.3299	0.2722
107984682	0.0000	nan
107984701	-0.6415	0.6512
6235	-0.3073	0.8078
107987206	-0.7045	0.4275
6029	-0.7271	0.4300
122769	0.1112	0.8470
6166	1.3895	0.0291
4247	-0.1207	0.7736
55172	-0.5738	0.1991
5427	1.7895	0.3053
122773	-1.2559	0.1162
23588	-0.4683	0.3027
9147	0.2157	0.7957
378707	-1.0673	0.2748
105378179	-1.1888	0.1847
378706	-1.1167	0.2328
382	0.7992	0.4421
100506446	16.8811	0.2722
102464828	0.0000	nan
283551	1.3478	0.1877
105370485	-15.8188	0.4950
196913	0.8980	0.6221
79609	-0.6652	0.3458
6655	-0.4131	0.5842
79944	0.4575	0.6593
100616261	0.0000	nan
27109	-0.0849	0.9069
8814	-0.1408	0.8872
11183	-0.2996	0.7540
51062	0.0494	0.9634
60485	-0.1468	0.7398
51199	0.7195	0.5835
105370489	-0.6001	0.3648
105370491	-0.8124	0.4906
145447	-0.5587	0.5874
5836	-1.0121	0.0379
105370492	-18.2189	0.0588
400212	-16.7880	0.1502
114088	-0.3977	0.5200
81542	0.3349	0.7558
161342	1.1750	0.5037
283553	0.0923	0.9470
105370495	-0.5999	0.6794
105370496	-14.7179	0.4950
100874185	-18.1160	0.0076
122786	0.4592	0.6607
145438	-0.9638	0.2479
101927598	-1.8658	0.1529
54331	0.6747	0.5868
102723604	0.0000	nan
105370497	0.0000	nan
51637	0.2469	0.7528
22795	-1.7290	0.3635
105378180	0.0344	0.9592
105370498	3.7462	0.3059
5729	-12.1069	0.4950
5732	3.3639	0.0818
57544	0.0074	0.9947
283554	-0.1138	0.9379
30001	-0.0988	0.9101
5706	-0.6466	0.1486
6815	0.3952	0.7352
64841	0.2532	0.8096
105370500	-0.4602	0.7220
10979	-0.2219	0.6334
80821	-0.9801	0.1358
101927620	2.2249	0.2372
105370502	-16.8737	0.0078
112268134	1.3428	0.0119
105370504	-2.2424	0.2245
105370503	-15.4011	0.0650
107984676	-15.1451	0.4950
100847076	0.0000	nan
652	-2.4108	0.4247
105370507	0.0000	nan
105370505	0.0000	nan
1033	2.5409	0.1854
10175	-0.3812	0.5105
2764	1.3408	0.4665
10668	-0.2777	0.3296
23034	-1.3147	0.0504
112268133	-0.5409	0.7044
729451	0.7991	0.6107
2643	0.3758	0.6958
100422984	0.0000	nan
11169	1.8272	0.3290
122809	-0.7913	0.4201
93487	0.8106	0.5094
3958	0.2899	0.5669
9787	3.7336	0.2616
105370508	0.6607	0.6186
107984708	-13.2280	0.4950
105370509	-1.8133	0.3764
55030	-0.5691	0.0950
22863	-1.4532	0.0372
387332	0.0000	nan
107984664	-14.1224	0.4950
100129075	-0.5876	0.5636
3895	-0.0671	0.8927
645683	0.9912	0.5872
645687	-14.6786	0.3033
105370511	-15.9293	0.4950
102723670	-15.4569	0.3033
105370512	-13.7314	0.4950
105370513	-13.8839	0.2261
57161	-1.7178	0.0879
107984656	-10.4051	0.4950
102723699	-12.3565	0.4950
101927690	-12.7554	0.4950
54916	-0.9988	0.0299
105370515	-1.5011	0.3029
5015	0.0000	nan
100309464	16.6002	0.2722
10640	0.4624	0.7097
55745	-0.5609	0.5389
105370516	0.0000	nan
122830	-0.5142	0.4749
55195	13.4945	0.2722
112268129	0.0000	nan
341880	2.4031	0.3623
105370519	0.8124	0.2488
105370518	2.5617	0.1214
145407	-0.4040	0.7636
55860	-0.2874	0.5023
100189107	-18.6500	0.4950
5684	0.0674	0.8584
379025	-0.4009	0.6474
55451	-0.9877	0.3341
5926	-0.5368	0.4565
105370522	-2.9293	0.0164
387990	0.8099	0.5803
26520	-0.2985	0.6612
9786	0.6095	0.5532
51339	-0.6643	0.7450
102723725	-13.2558	0.4950
102723742	-14.3206	0.4950
107984692	0.0000	nan
107984642	-14.5851	0.4950
23002	-0.6652	0.1241
64582	-0.2598	0.7712
112849	-0.6995	0.2785
51528	-0.5297	0.5151
729665	1.2865	0.4891
6252	-17.2893	0.3665
100847088	0.0000	nan
341883	-1.9329	0.2853
105370524	-0.3849	0.6642
64430	-0.4182	0.6081
51635	-0.5558	0.3689
101927702	-15.3036	0.0056
5494	-1.0835	0.0922
101927729	0.0000	nan
317761	-12.1530	0.4950
4990	0.0000	nan
104548971	2.2961	0.3878
6495	1.0970	0.0738
113218481	1.5600	0.2718
51804	-0.0968	0.8033
4331	0.3197	0.5677
57570	0.1377	0.5716
145389	0.4574	0.4761
101927756	0.9795	0.5602
5583	-1.8461	0.0414
161291	-1.1918	0.0468
105370525	-1.4121	0.3804
101927780	-2.5628	0.3098
400221	-0.3224	0.7382
100750246	-1.2377	0.0319
3091	-0.0065	0.9919
105370526	-0.7510	0.5927
100750247	-0.2403	0.7897
6617	-0.7555	0.1172
83851	-5.5309	0.1535
646113	-15.6749	0.3499
101954204	-16.6354	0.4950
105370529	0.7113	0.7435
105370528	0.0000	nan
27133	-12.8738	0.0525
105370531	-14.9011	0.4950
105370530	-17.0934	0.0028
57381	-4.2042	0.4073
122876	0.0000	nan
5529	-0.2328	0.7897
112268140	-2.7831	0.0173
112840	-0.1875	0.7745
105370532	0.3153	0.7883
81537	-1.0780	0.3377
23224	-0.1262	0.9110
100313830	0.0000	nan
2100	-3.4968	0.1318
441687	-18.9902	0.0005
4522	0.2889	0.3645
7597	-0.4410	0.2675
9495	0.6329	0.6668
22890	-0.9431	0.1236
102723809	-0.5545	0.6371
3306	-1.7839	0.3844
145376	-0.8442	0.2327
26030	-0.3542	0.4560
6710	1.2755	0.2750
102465841	0.0000	nan
105370534	-15.1317	0.4950
100529261	-0.3683	0.1430
91612	-0.5863	0.4233
2877	0.4701	0.7376
376267	-1.3041	0.1331
107984655	-2.7098	0.0153
2342	-0.1103	0.6288
4149	-0.2069	0.0444
100616490	0.0000	nan
100506321	-0.2835	0.2038
100128233	-14.9663	0.4950
100616176	0.0000	nan
105370537	-0.2084	0.8996
2530	-0.3760	0.0320
645431	-1.4873	0.2533
693210	0.0000	nan
107984641	-13.4982	0.4950
105370540	-11.8013	0.2192
440184	-3.3530	0.3714
10243	-0.4021	0.2380
105370538	2.4218	0.0137
161142	-14.5813	0.1083
64398	0.1224	0.9069
51382	0.8940	0.1414
1965	0.4930	0.4367
26499	2.9693	0.0860
100847064	0.0000	nan
105370542	0.0000	nan
161145	-1.9734	0.3311
57475	-1.0441	0.2145
5283	-0.4020	0.1258
105370543	-16.2985	0.2230
384	-0.2863	0.3518
10490	-0.1758	0.2878
51109	0.0093	0.9763
145226	-14.5620	0.2691
23503	-0.7139	0.0355
5890	0.1961	0.1213
105370546	0.0000	nan
107984679	0.0000	nan
101927971	-12.3090	0.4950
107984016	-0.1615	0.7448
100996664	-17.3411	0.0007
105370547	-13.1029	0.4950
107984647	0.0000	nan
107984709	-15.5440	0.3033
677	-0.6313	0.4099
87	-0.7900	0.2629
161159	1.2454	0.5285
8816	-0.5756	0.0446
105370550	-0.4418	0.6512
55218	0.0328	0.9357
57452	0.2903	0.7955
105370549	-13.2499	0.4950
2079	-0.4903	0.1503
55334	-0.3941	0.2699
400224	-2.7853	0.0045
56936	-12.8100	0.4950
9766	-1.7699	0.0041
100289511	-1.8391	0.0034
6430	-0.5335	0.4396
6554	0.4094	0.8023
100506358	-14.9606	0.4950
64093	1.7349	0.4219
109623479	0.0000	nan
6547	-10.2372	0.4950
646548	-12.3004	0.4950
107984686	0.0000	nan
145241	-16.6855	0.2821
101928046	-16.1384	0.4950
105370552	0.0000	nan
100529257	-0.0514	0.6985
51241	0.0818	0.8140
55333	-0.2069	0.7577
8747	-2.8864	0.1533
317760	-0.8411	0.4489
8748	1.0135	0.0852
105370556	-15.0981	0.3066
10001	-0.0631	0.8265
101928075	1.9905	0.3939
23508	-1.9992	0.1979
103695436	-17.6465	0.1891
4293	-0.3572	0.8522
100506411	-13.6421	0.4950
22990	-1.2622	0.2961
105370557	-13.8859	0.4950
107984695	-2.3980	0.3604
105370706	0.0270	0.9894
107984654	-2.0381	0.0415
102724015	-0.6852	0.3880
26037	-0.2853	0.6521
319139	0.0000	nan
145474	17.5067	0.1545
9628	10.9155	0.2722
105370559	0.0000	nan
102465832	0.0000	nan
8110	1.6670	0.3562
107984711	0.0000	nan
26094	-0.0526	0.8503
100189359	-20.1653	0.0525
53349	-0.8282	0.0952
105370560	-1.5825	0.0244
58517	0.1337	0.8929
5663	-0.3932	0.1150
89932	-0.8779	0.2559
101928123	-0.5547	0.5013
8650	-0.5755	0.2845
101928143	-0.0216	0.9874
399671	-0.7848	0.1142
79697	-0.5588	0.1979
641371	-1.0583	0.1489
10965	-0.7037	0.2493
122970	-0.2895	0.5781
641372	-1.8839	0.5168
83544	-0.9932	0.0807
9240	-0.6266	0.3321
91748	-0.7159	0.1936
100616158	-17.6502	0.4950
100506476	-2.7507	0.0876
100506498	1.2226	0.5266
145482	-0.2768	0.6885
57862	-0.1548	0.7099
145483	0.0434	0.8217
51004	-0.0851	0.8420
957	0.1927	0.8294
80127	-0.0521	0.8939
4329	0.0230	0.9148
91750	-0.2515	0.6996
105370563	16.4688	0.2722
105370564	-11.8731	0.4950
338917	0.0000	nan
5826	-1.1516	0.0610
55237	16.6453	0.2722
646658	-0.4394	0.6391
10577	-0.0667	0.9305
100616211	-0.3517	0.4983
122961	0.3779	0.4535
4053	-1.6280	0.0961
101928352	-0.6415	0.6499
105370567	-0.5344	0.6526
9870	-0.4956	0.3197
51077	-1.2380	0.0123
56252	-1.3098	0.0923
105370569	-0.6719	0.0769
283571	-0.1700	0.8154
1743	-0.9756	0.0421
83694	-15.4486	0.1439
5228	-0.8744	0.4483
107984689	-3.0245	0.2201
107984690	-0.7287	0.4891
8892	0.3330	0.4695
27030	-0.4560	0.2343
97	-0.3647	0.6300
79696	0.0154	0.9876
91754	-1.5417	0.0015
10972	0.4164	0.6600
2353	-1.9148	0.3283
731223	-1.4355	0.4350
101928377	-0.1034	0.8173
122953	0.3165	0.8114
105370572	-14.4035	0.1083
10538	17.8536	0.2722
107984652	0.0000	nan
107984653	19.4606	0.2722
102724153	0.7101	0.6866
55640	-1.0055	0.5436
11161	1.1364	0.2182
23093	0.0491	0.9030
7043	-0.7409	0.5184
112752	0.2673	0.6941
105370573	-1.1527	0.1935
55668	-0.4434	0.5142
105370575	0.0000	nan
2103	-11.3324	0.4950
105370576	0.0000	nan
105370577	-13.3013	0.4950
22846	-1.6657	0.0263
100506603	-0.9817	0.0586
23357	-1.2991	0.0274
145497	1.7111	0.4704
105370578	-0.7551	0.6407
64207	-1.8615	0.0335
107984638	-3.5350	0.0139
105370579	-0.6672	0.4040
283575	-17.2329	0.2145
102724190	-14.0302	0.2192
85457	-0.5361	0.3547
283576	0.0000	nan
57156	0.0000	nan
58157	0.0000	nan
100302236	0.0000	nan
29954	-1.1715	0.0280
2954	0.5556	0.6637
283578	-0.7105	0.2880
161394	0.0962	0.7425
122945	-0.1416	0.6726
63894	0.4405	0.2835
10598	-0.5272	0.0553
145501	0.2509	0.8532
9517	0.4071	0.6543
8846	-0.1180	0.6642
81892	0.9353	0.3840
22938	0.0031	0.9953
283579	-2.0472	0.0050
57143	-0.0966	0.8338
105370581	0.0000	nan
9369	0.4394	0.7736
105370589	0.0000	nan
107984629	0.0000	nan
105370588	12.3734	0.2722
105370586	0.0000	nan
112268125	0.0000	nan
105370583	12.7948	0.2722
105370582	0.0000	nan
107984630	0.0000	nan
112267892	-11.6869	0.4950
105370590	0.0000	nan
105370591	0.0000	nan
105370593	-14.8457	0.4950
1734	-5.3441	0.1625
100628307	-19.3464	0.1282
145508	0.8537	0.4919
7253	-5.1817	0.1048
105370596	-13.9373	0.4950
101928462	-2.0811	0.1362
105370594	-2.9547	0.0105
2957	-0.1954	0.8067
677845	18.4568	0.2722
101928504	-0.7421	0.5085
85439	-1.1049	0.5389
100506700	-18.7789	0.3891
6400	-0.9364	0.2183
101928559	0.0000	nan
102724294	0.0000	nan
107984704	15.4134	0.2722
105370598	-16.8823	0.2423
105370599	0.0000	nan
101928599	0.0000	nan
105370600	0.0000	nan
107984645	0.0000	nan
105370601	1.7676	0.4194
102724338	0.0000	nan
105370603	0.0000	nan
105370604	0.0000	nan
26843	0.0000	nan
105370605	0.0000	nan
100996280	0.0000	nan
100506731	-1.0908	0.0235
23768	-1.4645	0.0108
101928767	-17.8545	0.0664
102724380	-10.7426	0.4950
105370607	0.0000	nan
283585	0.0000	nan
105370608	-17.2156	0.3292
105370610	0.0000	nan
107984691	-14.0587	0.4950
105370611	0.0000	nan
2581	-1.2049	0.0381
8477	-0.9340	0.4378
107984669	16.3895	0.2722
101928791	0.0000	nan
283587	0.0000	nan
107984699	0.0000	nan
105370613	0.0000	nan
105370612	15.7180	0.2722
54207	15.4264	0.2722
55812	-0.2777	0.4451
11099	-0.6544	0.3371
105370614	-2.7475	0.0605
79882	-0.1948	0.1808
161436	-0.2558	0.7775
123016	-1.0595	0.0946
105370615	-13.9599	0.4950
1112	-1.1984	0.0528
101928817	0.0000	nan
400236	0.0491	0.9559
107984635	1.7111	0.4705
29018	-14.9108	0.4950
105370617	0.3734	0.8663
105370616	0.8492	0.6117
90141	-0.2764	0.2493
55775	0.1766	0.5157
56659	-12.6797	0.4950
5700	0.6559	0.0063
55051	0.4117	0.0021
105370618	0.0000	nan
801	1.4182	0.2976
101930294	0.0000	nan
400238	0.0000	nan
105370619	0.0000	nan
145567	-0.2533	0.3762
101928909	-0.0002	0.9998
105370622	-14.7611	0.3033
105370623	0.0000	nan
9252	-0.4773	0.5391
80017	0.4561	0.6263
100124539	0.0000	nan
8111	-0.8320	0.4262
440193	-0.6605	0.5782
107984673	14.6306	0.2722
105370624	13.5771	0.2722
105370625	0.0000	nan
55671	-0.7252	0.1152
101928957	1.1219	0.5578
79820	-12.0227	0.4950
123036	-1.1241	0.3019
10516	-0.3700	0.4553
9321	0.0328	0.9596
4287	0.2304	0.5892
4707	-0.1645	0.8314
53981	0.3616	0.6208
105370627	0.0000	nan
123041	-3.4063	0.2002
105370707	-1.7677	0.1144
79890	-1.2103	0.0803
5641	0.6186	0.3132
9950	-0.3416	0.2155
105370629	0.0000	nan
101929002	0.0000	nan
1113	-13.9764	0.4950
3705	-0.9066	0.2626
319085	-11.6418	0.4950
64112	-1.0400	0.0188
26175	0.3484	0.4261
84520	-0.3273	0.4475
55148	-0.1072	0.8591
55727	-0.3730	0.4826
57578	-1.5553	0.0830
341947	-14.7580	0.4950
145270	-14.6876	0.3587
105370631	0.0000	nan
283592	0.0000	nan
90050	0.0000	nan
51676	-15.7370	0.2254
100616140	0.0000	nan
107984663	0.0000	nan
256369	0.0000	nan
78990	-0.3806	0.2110
57062	-0.4538	0.4727
122509	-0.4910	0.1511
3429	1.6143	0.3440
83982	-0.6876	0.2396
105370634	0.0000	nan
57718	-3.4652	0.3852
51156	-17.2541	0.3580
866	0.0000	nan
390502	0.0000	nan
5265	-0.6233	0.7370
256394	-16.5966	0.4950
105370635	-15.0868	0.4950
327657	-12.2261	0.4950
145264	0.0000	nan
5267	0.0000	nan
5104	-6.9313	0.4892
112268127	-17.8976	0.4633
12	-21.0251	0.2108
388007	0.0000	nan
145258	-1.8252	0.0675
108868751	-16.5026	0.0790
107984693	0.0000	nan
107984639	0.0000	nan
107984637	-19.2579	0.1176
107984646	-18.7968	0.2382
23405	0.0110	0.9911
100422981	-17.7526	0.4950
400242	-1.8975	0.0473
79789	-2.7450	0.2237
105370637	0.0000	nan
101929080	0.0000	nan
107984710	0.0000	nan
105370638	0.0000	nan
105370639	0.0000	nan
105370640	0.0000	nan
161176	-2.1486	0.1006
101929107	-1.5664	0.0423
112268122	-1.4323	0.0443
283596	-0.9753	0.2272
677768	-1.5112	0.0898
51218	-0.0496	0.8596
100506999	0.0000	nan
105370643	-14.3265	0.4950
27004	16.6147	0.2722
9623	0.0000	nan
8115	0.0000	nan
107984703	0.0000	nan
105370644	0.0000	nan
100507043	-13.0764	0.4950
56967	-1.2829	0.1319
624	0.8432	0.5533
623	1.5564	0.0953
55102	-0.6254	0.2946
51527	-0.0626	0.9511
122481	-1.0144	0.4255
112268137	20.1168	0.2722
730202	-1.7079	0.0694
10914	0.5191	0.6852
105370645	0.0000	nan
105370646	0.0000	nan
7443	0.7803	0.1972
145249	-17.6803	0.2372
105370647	0.0000	nan
105370648	18.3735	0.2722
101929241	-13.2219	0.4950
100129345	13.5229	0.2722
105370650	0.0000	nan
105370651	0.0000	nan
100132612	0.0000	nan
388011	-0.0854	0.8810
107984706	0.0000	nan
105370655	0.0000	nan
105370654	0.0000	nan
105370653	17.5284	0.2722
105370652	0.0000	nan
107987207	0.0000	nan
105370656	0.0000	nan
105370657	0.0000	nan
283598	0.0000	nan
105370658	2.8233	0.3446
107984696	-14.0021	0.4950
105370659	0.0000	nan
64919	-0.0807	0.9559
105370660	0.0000	nan
84193	-0.5721	0.0855
8812	-0.1838	0.8070
317762	-0.5219	0.3987
105370661	-13.4565	0.4950
84439	-1.5443	0.2416
10858	-1.9327	0.1948
2009	-0.6385	0.2232
102724682	0.3359	0.4923
51466	-0.9499	0.1608
100616247	0.0000	nan
442909	0.0000	nan
123099	0.0998	0.7677
7528	-0.4740	0.0401
102466730	-1.1868	0.2133
123096	-0.5694	0.1719
442910	0.0000	nan
283600	-12.9945	0.4950
7453	0.1972	0.8512
79446	0.2601	0.8174
105370664	-15.4740	0.0056
57596	-0.8807	0.6990
283601	0.0000	nan
105370667	0.0000	nan
105370668	0.0000	nan
105370669	0.0000	nan
8788	-13.9967	0.3642
100616495	0.0000	nan
55384	-1.7090	0.0493
768222	-23.2808	0.0311
574450	-19.2075	0.3065
442905	0.0000	nan
100126315	0.0000	nan
388015	-17.4120	0.1331
574038	0.0000	nan
574034	0.0000	nan
406914	0.0000	nan
574451	0.0000	nan
406927	0.0000	nan
79104	0.8364	0.2551
107987208	3.7973	0.3023
692215	-0.5451	0.7793
442915	-18.6464	0.4950
767561	-19.5641	0.3033
767562	-19.5433	0.3032
767563	-1.3560	0.2949
767564	-1.1922	0.2180
767565	0.0000	nan
767566	0.0000	nan
767567	-17.6271	0.4950
767568	19.3962	0.2722
767569	-17.7253	0.4950
767577	2.9452	0.3308
767578	3.3309	0.3194
767579	-19.2394	0.2754
767580	0.6247	0.5875
767581	-19.1036	0.4950
767582	0.0000	nan
767583	-19.4451	0.3033
767584	-17.6903	0.4950
767585	0.0000	nan
767588	0.1988	0.9008
767589	20.3768	0.2722
767590	0.0000	nan
767591	20.3962	0.2722
767592	-0.6266	0.8148
767593	0.0000	nan
767594	-17.7315	0.4950
767595	0.0000	nan
767596	0.0000	nan
767597	0.0000	nan
767598	0.0000	nan
767599	-19.5433	0.3032
767600	0.0000	nan
767603	-19.0621	0.4950
767604	0.0000	nan
767605	0.0000	nan
767606	1.3376	0.4775
767608	0.0000	nan
767609	0.0000	nan
767610	-17.7667	0.4950
767611	0.0000	nan
767612	19.3762	0.2722
494328	-19.1465	0.4950
693121	0.0000	nan
407023	0.0000	nan
494329	0.0000	nan
100302250	0.0000	nan
442897	0.0000	nan
768212	0.0000	nan
574408	0.0000	nan
574409	0.0000	nan
574452	-18.8727	0.4950
100422837	0.0000	nan
100126335	0.0000	nan
574453	0.0000	nan
442913	0.0000	nan
664615	0.0000	nan
724024	0.0000	nan
574435	0.0000	nan
494325	-19.1248	0.4950
100126297	0.0000	nan
100302157	-17.4488	0.4950
100302209	0.0000	nan
378881	-16.4810	0.4950
494330	0.0000	nan
664616	0.0000	nan
664612	0.0000	nan
100126345	-18.5369	0.4950
664613	0.0000	nan
724025	-17.2753	0.4950
619555	-18.8906	0.4950
494331	0.0000	nan
406924	0.0000	nan
768214	-17.8308	0.4950
574436	0.0000	nan
574410	0.0000	nan
406946	0.0000	nan
574454	0.0000	nan
494326	-17.7315	0.4950
100126308	-19.0448	0.2692
574413	-20.6552	0.0370
574433	-18.9403	0.2753
442914	-18.7284	0.2192
574434	-20.0197	0.2229
724026	-22.0774	0.0078
100507257	-1.8065	0.0100
105370670	-0.5901	0.7163
101929422	0.0000	nan
107984697	0.0000	nan
105370671	0.0000	nan
338002	0.0000	nan
100507277	0.0000	nan
105370672	-13.8773	0.4950
105370673	0.0000	nan
105370674	0.0000	nan
64150	-16.5716	0.4950
100302145	-16.7528	0.4950
1735	-14.8026	0.4950
105370675	0.0000	nan
107984698	0.0000	nan
105370676	0.0000	nan
145200	0.0000	nan
5527	-0.4388	0.3061
107984658	0.4661	0.5539
107984659	0.2838	0.2449
1778	-0.7470	0.4305
107984661	-0.8548	0.4526
3320	1.3943	0.3779
91833	-0.3887	0.4736
105370677	-1.0220	0.1226
5891	0.1870	0.8683
100189275	0.0000	nan
55778	-0.5026	0.0392
51550	-0.0177	0.9791
9895	-1.4333	0.0084
122416	-1.6330	0.1680
105370679	-15.7530	0.4083
105370680	-16.2900	0.3066
100422954	0.0000	nan
105370681	-0.8044	0.6746
23186	-0.0763	0.9174
7187	-0.6637	0.0438
81693	-0.4820	0.5226
9578	-0.7967	0.0702
107984640	-14.3243	0.4950
91828	4.2600	0.2947
105370683	-14.9213	0.4950
7127	-1.0488	0.2318
105370685	0.0000	nan
100131366	-3.1364	0.0742
105370686	0.0000	nan
105378183	0.0000	nan
105370687	-0.9591	0.1177
1983	-0.2835	0.6609
677811	-19.8050	0.1131
4140	-0.2630	0.5030
112268130	-0.7143	0.2971
1152	-1.7616	0.4714
115708	-0.4737	0.3856
9529	-0.8181	0.0762
84334	-0.3940	0.3952
105370688	-17.9343	0.0524
3831	-0.7079	0.1228
7517	-1.4184	0.0333
112268131	-2.1544	0.3118
79038	-1.0582	0.0114
23368	-0.8243	0.0099
145216	-12.8345	0.4950
105370690	0.0000	nan
105370689	-14.6383	0.3293
9556	-0.2621	0.5285
122402	-0.4484	0.7294
647286	0.0000	nan
105370691	-13.3472	0.2192
374569	-11.0378	0.4950
406986	0.0000	nan
100616173	0.0000	nan
105370708	-14.3467	0.4950
26153	-13.1353	0.2192
145195	0.0000	nan
105370694	0.0000	nan
400258	0.0000	nan
388021	-12.3757	0.3033
101929634	-15.0571	0.0007
100616300	-18.0677	0.4950
64423	-1.3881	0.2461
122622	-2.6784	0.1099
107984670	-2.4245	0.0645
107987209	-0.2899	0.6001
10572	-0.1915	0.6689
102723342	0.1264	0.7681
207	-0.7099	0.2834
100128927	-0.4508	0.4152
196872	-0.6456	0.5445
283638	-2.1498	0.0522
113219454	-0.1072	0.9505
122618	0.5260	0.2098
113146	-0.7815	0.4053
122616	-1.3984	0.0001
55038	0.5966	0.2203
29933	-17.8622	0.0325
102723354	-1.9067	0.0213
3714	-1.1577	0.4505
102465458	0.0000	nan
256281	1.6269	0.3892
2972	-1.3744	0.0665
90135	-0.1118	0.7296
23241	-0.7012	0.2832
647310	-1.0039	0.3965
100507437	-0.3593	0.3010
9112	-0.8228	0.2048
1397	-1.0033	0.1204
1396	0.9455	0.0520
283643	-0.7105	0.0078
80757	-2.9150	0.1431
105370697	0.0000	nan
105370698	15.4416	0.2722
3494	0.0000	nan
3497	0.0000	nan
102465871	0.0000	nan
3503	0.0000	nan
102466889	0.0000	nan
3501	0.0000	nan
112268138	0.0000	nan
105378187	0.0000	nan
3505	0.0000	nan
2003	0.0000	nan
3493	0.0000	nan
3498	0.0000	nan
107987211	0.0000	nan
3500	0.0000	nan
105378184	0.0000	nan
3502	0.0000	nan
3495	0.0000	nan
3507	0.0000	nan
100616374	0.0000	nan
100616135	0.0000	nan
100616276	0.0000	nan
100616422	0.0000	nan
28475	0.0000	nan
28478	0.0000	nan
28476	0.0000	nan
28477	0.0000	nan
28479	0.0000	nan
28480	0.0000	nan
28481	0.0000	nan
28483	0.0000	nan
28484	0.0000	nan
28482	0.0000	nan
28506	0.0000	nan
28485	0.0000	nan
28489	0.0000	nan
28493	0.0000	nan
28497	0.0000	nan
28502	0.0000	nan
28507	0.0000	nan
28486	0.0000	nan
28490	0.0000	nan
28494	0.0000	nan
28498	0.0000	nan
28503	0.0000	nan
28508	0.0000	nan
28487	0.0000	nan
28491	0.0000	nan
28495	0.0000	nan
28499	0.0000	nan
28500	0.0000	nan
28504	0.0000	nan
28509	0.0000	nan
28488	0.0000	nan
28492	0.0000	nan
28496	0.0000	nan
28501	0.0000	nan
28505	0.0000	nan
9834	0.0000	nan
28510	0.0000	nan
28385	0.0000	nan
28377	0.0000	nan
8755	0.0000	nan
28474	0.0000	nan
28355	0.0000	nan
28473	0.0000	nan
107984634	0.0000	nan
28401	0.0000	nan
57289	0.0000	nan
28457	0.0000	nan
28354	0.0000	nan
28353	0.0000	nan
28453	0.0000	nan
28452	0.0000	nan
102723170	0.0000	nan
28386	0.0000	nan
28450	0.0000	nan
28352	0.0000	nan
28471	0.0000	nan
28449	0.0000	nan
28351	0.0000	nan
28470	0.0000	nan
28448	0.0000	nan
28376	0.0000	nan
28447	0.0000	nan
28350	0.0000	nan
28469	0.0000	nan
28468	0.0000	nan
28446	0.0000	nan
105370700	0.0000	nan
28445	0.0000	nan
28375	0.0000	nan
28444	0.0000	nan
28443	0.0000	nan
28374	0.0000	nan
28349	0.0000	nan
28442	0.0000	nan
28467	0.0000	nan
338004	0.0000	nan
28441	0.0000	nan
28348	0.0000	nan
28455	0.0000	nan
28347	0.0000	nan
28373	0.0000	nan
28383	0.0000	nan
28400	0.0000	nan
28372	0.0000	nan
28440	0.0000	nan
28439	0.0000	nan
28371	0.0000	nan
28438	0.0000	nan
28398	0.0000	nan
107548099	0.0000	nan
28435	0.0000	nan
28434	0.0000	nan
28369	0.0000	nan
28433	0.0000	nan
28395	0.0000	nan
28382	0.0000	nan
28432	0.0000	nan
28431	0.0000	nan
28430	0.0000	nan
28429	0.0000	nan
28346	0.0000	nan
28394	0.0000	nan
28381	0.0000	nan
28368	0.0000	nan
28428	0.0000	nan
28427	0.0000	nan
28426	0.0000	nan
28367	0.0000	nan
28345	0.0000	nan
338005	0.0000	nan
28337	0.0000	nan
28366	0.0000	nan
112268139	0.0000	nan
28466	0.0000	nan
28465	0.0000	nan
28365	0.0000	nan
28425	0.0000	nan
28344	0.0000	nan
28424	0.0000	nan
28423	0.0000	nan
28364	0.0000	nan
28422	0.0000	nan
28388	0.0000	nan
28343	0.0000	nan
28363	0.0000	nan
28421	0.0000	nan
28420	0.0000	nan
28362	0.0000	nan
28419	0.0000	nan
28393	0.0000	nan
28380	0.0000	nan
28418	0.0000	nan
28464	0.0000	nan
28392	0.0000	nan
28417	0.0000	nan
28361	0.0000	nan
28391	0.0000	nan
28416	0.0000	nan
28360	0.0000	nan
28415	0.0000	nan
28414	0.0000	nan
102724977	0.0000	nan
28413	0.0000	nan
28359	0.0000	nan
28412	0.0000	nan
28463	0.0000	nan
28358	0.0000	nan
28342	0.0000	nan
28341	0.0000	nan
28340	0.0000	nan
28462	0.0000	nan
28461	0.0000	nan
102723168	0.0000	nan
28402	0.0000	nan
28458	0.0000	nan
102723169	0.0000	nan
28454	0.0000	nan
28411	0.0000	nan
28410	0.0000	nan
28409	0.0000	nan
28408	0.0000	nan
28357	0.0000	nan
28407	0.0000	nan
28406	0.0000	nan
28339	0.0000	nan
100847062	0.0000	nan
28387	0.0000	nan
28356	0.0000	nan
28405	0.0000	nan
28390	0.0000	nan
28378	0.0000	nan
28338	0.0000	nan
105379271	1.1364	0.3662
105379272	-13.9154	0.4950
105379274	-1.6831	0.2418
727764	-2.6029	0.1356
112268314	0.0000	nan
105379527	17.6718	0.2722
28451	0.0000	nan
102723407	0.0000	nan
105379202	0.0000	nan
105379203	-15.9858	0.2192
646096	-16.1203	0.4950
283755	-2.3255	0.0163
100996379	-2.0976	0.2082
727832	0.0000	nan
729786	2.1858	0.1692
606	2.6292	0.1822
100422949	0.0000	nan
100287399	0.0000	nan
100847060	0.0000	nan
348120	14.4966	0.2722
654499	0.0000	nan
105379205	0.0000	nan
105370715	0.0000	nan
105370714	0.0000	nan
646214	-0.0516	0.9602
112268154	0.0000	nan
646243	14.5399	0.2722
100422844	0.0000	nan
102724631	0.0000	nan
100847005	0.0000	nan
727924	0.0000	nan
105369274	0.0000	nan
107987218	0.0000	nan
102724760	0.0000	nan
107987219	0.0000	nan
646370	0.0000	nan
102724971	0.0000	nan
105379208	0.0000	nan
105379207	0.0000	nan
100422935	0.0000	nan
100996331	0.0000	nan
440225	0.0000	nan
103504741	0.0000	nan
101927079	0.0000	nan
390538	0.0000	nan
283694	0.0000	nan
390539	0.0000	nan
107984743	0.0000	nan
388077	0.0000	nan
107984785	0.0000	nan
642131	0.0000	nan
107983983	0.0000	nan
101928039	0.0000	nan
100302233	0.0000	nan
646396	-2.2483	0.3063
105370721	0.0000	nan
390535	2.4896	0.2547
440243	0.0000	nan
100132101	-0.3191	0.7644
400322	-1.6562	0.0413
101927846	0.5170	0.5071
283796	-3.5797	0.0621
339005	-0.5609	0.4795
283683	1.7601	0.4277
123606	-0.4317	0.5432
81614	0.5178	0.5992
23191	-0.3371	0.3069
114791	-1.1619	0.0138
283767	0.0000	nan
100132979	2.5780	0.0382
100616223	0.0000	nan
102723534	-0.7597	0.4854
102723564	-1.0143	0.4271
102723623	0.0000	nan
105376698	16.5761	0.2722
653061	-1.8364	0.1251
105370726	2.8294	0.0205
105370728	0.0000	nan
283685	0.0000	nan
105370729	0.0000	nan
105370730	0.0000	nan
107984793	0.0000	nan
100616275	0.0000	nan
7681	1.7107	0.4705
54551	-15.3255	0.3478
4692	0.7435	0.5106
107984787	14.9449	0.2722
105370731	14.9572	0.2722
105370734	0.0000	nan
105370733	0.0000	nan
105370732	0.0000	nan
791115	0.0000	nan
102723749	0.0000	nan
102725165	0.0000	nan
101928840	0.0000	nan
791114	0.0000	nan
23742	0.0000	nan
104472715	-0.4931	0.3329
6638	-0.4322	0.6023
8926	-0.4551	0.5950
347746	0.2679	0.6180
91380	-18.9835	0.4950
8123	-0.3550	0.7841
347686	-0.1921	0.8644
338427	-1.4598	0.3065
100506965	-0.6502	0.4514
338428	-21.5101	0.0709
100033413	-17.2753	0.4950
100033414	-19.4534	0.2261
100033415	-17.2401	0.4950
100033416	-21.5831	0.0658
100033417	0.0000	nan
100033418	0.0000	nan
100033419	-17.2753	0.4950
100033420	-19.0833	0.3065
100033421	-18.6120	0.4950
100033422	0.0000	nan
100033423	0.0000	nan
100033424	-17.3204	0.4950
100033425	-18.6581	0.4950
100033426	0.0000	nan
100033427	0.0000	nan
100033428	-17.3204	0.4950
100033429	-18.3031	0.2192
100033430	-18.3206	0.4950
727708	-18.3206	0.4950
100033431	-21.7836	0.1255
100033432	-22.7653	0.0826
100033433	-0.9951	0.5718
100033434	-18.8940	0.2754
100033435	-22.2063	0.1497
100033436	-18.6581	0.4950
100033438	0.0000	nan
100033439	0.0000	nan
100033820	-22.6057	0.1395
100033821	0.0000	nan
100873856	0.0000	nan
3653	0.7121	0.6176
145624	-15.6444	0.1890
338433	0.0000	nan
100033437	0.0000	nan
100033440	0.0000	nan
100033441	0.0000	nan
100033442	0.0000	nan
100033443	0.0000	nan
100033444	0.0000	nan
100033445	0.0000	nan
100033446	0.0000	nan
100033447	0.0000	nan
100033448	0.0000	nan
100033449	0.0000	nan
100033450	0.0000	nan
100033451	0.0000	nan
100033453	0.0000	nan
100033454	0.0000	nan
100033455	0.0000	nan
100033456	0.0000	nan
100033458	0.0000	nan
100033460	0.0000	nan
100033603	0.0000	nan
100033799	0.0000	nan
347745	0.0000	nan
100033800	0.0000	nan
100036563	0.0000	nan
100033801	0.0000	nan
100033802	0.0000	nan
100036564	0.0000	nan
100036565	0.0000	nan
100033803	0.0000	nan
100033804	0.0000	nan
100033805	0.0000	nan
100033806	0.0000	nan
100033807	0.0000	nan
100033808	0.0000	nan
100033809	0.0000	nan
100033810	0.0000	nan
100033811	0.0000	nan
100033812	0.0000	nan
100033813	0.0000	nan
100033814	0.0000	nan
100033815	0.0000	nan
100033816	0.0000	nan
100033817	0.0000	nan
100033818	0.0000	nan
100036566	0.0000	nan
100873857	0.0000	nan
100036567	0.0000	nan
100033822	0.0000	nan
338429	0.0000	nan
7337	0.5807	0.6448
105370737	0.0000	nan
107984789	-14.7398	0.0313
57194	-0.7567	0.1794
107984770	-1.2938	0.4384
100616474	0.0000	nan
105370738	0.0000	nan
100128714	0.0000	nan
100189063	0.0000	nan
105370739	0.0000	nan
503519	0.0000	nan
107984780	0.0000	nan
105370740	0.0000	nan
2562	-0.1273	0.9058
112268151	15.9793	0.2722
2558	4.2438	0.2564
2567	0.0000	nan
107984766	0.0000	nan
101928869	0.0000	nan
105370741	0.0000	nan
4948	-12.6856	0.4950
8924	-0.9276	0.1529
645202	0.0000	nan
100132565	15.8769	0.0057
100616228	0.0000	nan
100616382	0.0000	nan
283768	3.7191	0.0946
100132202	-12.2706	0.4950
100996738	-1.4202	0.2951
440248	-1.1593	0.1465
653720	-1.6933	0.1823
107984746	-1.3939	0.2835
440253	-1.0585	0.3464
100289656	-1.1880	0.1112
646278	1.1326	0.4584
728310	0.0000	nan
321	2.9138	0.1631
23359	1.7152	0.4411
56160	0.1045	0.8568
100130111	1.4651	0.4740
105370743	-14.7132	0.2192
7082	0.1499	0.8472
653073	-1.4737	0.1952
89837	-0.3352	0.4222
653075	-1.9577	0.0839
105370747	0.0000	nan
26082	0.0000	nan
102724055	2.8847	0.1506
89832	1.0639	0.3475
105370751	-14.2296	0.4950
101059918	-1.3385	0.0925
101927788	-0.2203	0.7651
105376704	0.4877	0.6768
100288203	-1.3949	0.0386
100996413	0.0000	nan
727909	-2.1528	0.0074
101927579	-16.7359	0.0056
100288380	1.0587	0.4518
102725021	-1.1282	0.1247
728498	-0.4419	0.6566
89839	1.8141	0.3692
100288637	1.9969	0.3368
107984025	-15.4651	0.4950
101930434	1.0755	0.4418
390561	0.0315	0.9850
22909	-1.1259	0.0151
54893	0.1873	0.8140
4308	0.0000	nan
105370752	0.0000	nan
406993	0.0000	nan
102725022	-16.9546	0.1578
283710	-16.3879	0.2754
51621	-1.2155	0.1327
105376707	0.8014	0.6729
105370939	-1.5998	0.3272
107987220	-0.6040	0.7676
161725	0.5872	0.3451
105370753	2.2993	0.3717
105370940	0.0000	nan
1139	0.8908	0.5805
105370754	2.3539	0.3820
102724078	13.4838	0.2722
105376709	0.0000	nan
112268159	0.0000	nan
653125	-1.0803	0.2849
107987221	0.7736	0.5158
89838	0.4212	0.6217
728047	-1.1504	0.1588
105376710	0.3025	0.7483
101060588	0.0000	nan
100653133	0.3891	0.7921
107987222	-1.0936	0.2150
100288615	-0.7427	0.3575
100996255	-0.4250	0.4748
101928042	-1.6178	0.1140
643699	-1.1669	0.1600
9824	2.7319	0.3031
114118903	1.7450	0.3200
6447	-0.4538	0.6284
105370757	3.2963	0.3207
105370756	-0.0139	0.9917
26585	2.6148	0.3115
100131315	-0.1523	0.7738
342184	0.0995	0.9484
107984089	-0.3296	0.6045
105370759	-13.5221	0.4950
100652857	17.4281	0.2722
101928134	0.0000	nan
6263	-0.9123	0.2523
57099	0.3976	0.5271
1133	-16.7450	0.0136
107984748	-18.1733	0.1090
56851	0.9217	0.3719
161779	-0.2670	0.7069
79768	0.1641	0.8832
51234	0.7364	0.1457
9990	0.1708	0.7986
55505	0.4599	0.6463
256646	0.3536	0.8735
254531	-0.6543	0.2434
23015	-2.2633	0.1341
100302160	0.0000	nan
440270	-2.0972	0.1050
100422845	0.0000	nan
105370762	0.0000	nan
57369	-13.3624	0.4950
101928174	-0.5985	0.5590
70	-0.0447	0.9539
107984776	-15.2137	0.4950
9716	-0.4328	0.2940
54989	-1.2155	0.1324
105370764	-16.4443	0.0028
105370763	0.1495	0.9278
105370765	-1.6816	0.1943
388112	0.2714	0.8304
89978	0.2963	0.7387
723972	0.6074	0.6693
100500904	-0.4674	0.7664
100507466	0.3212	0.5032
105370766	0.0000	nan
100616293	0.0000	nan
100507480	-14.0719	0.4950
102724214	-15.3276	0.0028
105370767	14.8043	0.2722
105370769	-16.5626	0.0954
105370768	0.0000	nan
105370770	0.0000	nan
84529	0.8421	0.3459
161635	0.8686	0.5774
145845	-14.3307	0.4950
4212	-0.5409	0.5093
102466875	0.0000	nan
105370772	-14.4491	0.3033
105370773	17.5794	0.0689
145942	1.9947	0.4036
107984774	-12.0536	0.4950
101928227	0.0000	nan
107984773	-0.4417	0.5184
107984760	2.7458	0.3497
161742	-0.1088	0.9112
283742	0.3700	0.7699
10125	-0.6539	0.2372
105370774	-1.2808	0.1577
107984739	15.8362	0.2722
107984725	0.0000	nan
105370775	0.0000	nan
400359	-13.8612	0.2192
105370776	0.0000	nan
102724253	-13.6767	0.4950
105370777	-2.6896	0.0079
105370781	-16.3379	0.2231
105370780	-2.8380	0.0102
400360	-0.1153	0.9276
105370783	2.1646	0.1802
105370784	-13.0814	0.4950
7057	-0.6851	0.2209
161835	0.8809	0.4914
105370785	-16.6599	0.1890
105370941	-3.0206	0.0434
11245	-0.5742	0.1490
105370786	-1.9390	0.3188
100505534	-13.5704	0.2753
440275	-0.7574	0.1480
6727	0.6070	0.2871
100131089	-1.2347	0.1092
105370787	-15.3057	0.4950
90427	-1.6150	0.3704
701	3.0119	0.2116
107984763	1.3737	0.5425
106821730	3.3079	0.2482
56924	-12.6681	0.2192
644809	0.0000	nan
100131244	-0.0976	0.9551
5330	-0.8440	0.4403
112268152	0.0000	nan
100505573	-0.5978	0.1299
388115	-2.0364	0.0291
644844	0.0000	nan
85455	0.9256	0.4644
90417	1.1457	0.2082
3712	-0.7839	0.0137
22893	-1.4694	0.0058
113189	-0.7623	0.0261
90416	0.1630	0.3929
359821	-0.4688	0.6496
27079	-0.4932	0.3962
100189229	0.0000	nan
57082	3.3424	0.3053
100505648	-1.8231	0.0142
5888	0.4001	0.6539
55177	-0.8130	0.0424
2644	-1.1765	0.1074
55192	0.3223	0.7407
643338	-21.3310	0.0082
84936	-0.3897	0.6072
54866	1.7458	0.4642
102724362	0.0000	nan
6692	-14.4314	0.1082
171177	-16.5866	0.2761
57617	0.1197	0.8887
105370943	0.8733	0.5903
54567	2.5829	0.0712
79094	-0.5218	0.6964
105370789	-15.6977	0.2986
112268144	0.1960	0.6297
54617	-1.1634	0.0334
105376713	-0.9902	0.4122
161829	1.5124	0.3851
11261	0.4819	0.0907
729082	-0.2621	0.7567
11339	2.1627	0.1686
51203	3.3537	0.2400
51103	0.0220	0.9404
23168	0.0263	0.9252
105370790	-3.2225	0.3776
3706	0.4527	0.4349
4058	0.6126	0.4550
26015	-0.6322	0.2345
7301	0.3704	0.5416
105370791	3.1961	0.3249
23269	-0.1209	0.8154
693211	0.0000	nan
23005	-1.4410	0.1226
8681	-1.4689	0.0372
100137047	0.2603	0.7535
100137049	-1.9285	0.0147
51332	-1.7324	0.3389
100423013	0.0000	nan
105370792	1.1026	0.4598
30844	0.8928	0.2121
101928363	-0.0973	0.9553
101928388	2.6754	0.3546
123745	0.0000	nan
105370793	0.0000	nan
283748	16.2976	0.2722
255189	0.0000	nan
23339	-0.5727	0.0610
693212	0.0000	nan
105370795	-0.4923	0.5239
25963	-0.4066	0.3264
2595	-0.0078	0.9914
825	-1.4710	0.0643
105370794	-16.8562	0.3886
64397	-1.0796	0.4165
8773	-0.3431	0.5133
255252	-0.0018	0.9979
55142	-0.5126	0.2770
57519	-2.0299	0.2093
146059	-0.9315	0.0847
146057	-1.3522	0.0695
197131	-0.5289	0.4975
80021	-0.0250	0.9650
23582	-0.4234	0.0290
2038	-0.2315	0.9244
9333	-2.8499	0.2132
116179	-14.0230	0.4950
9836	-0.2824	0.5278
161823	0.1259	0.4107
146050	-1.1555	0.0241
27229	-0.4916	0.1161
7158	-0.8758	0.0020
4130	0.0965	0.9015
9677	-0.6413	0.3042
1159	-14.5325	0.4950
161497	-0.5820	0.6422
117155	0.2839	0.0722
110006325	-1.5056	0.0869
548596	-13.8881	0.4950
554225	-0.7845	0.4927
440278	0.0675	0.9324
2923	-0.0995	0.8903
80237	-0.2089	0.7119
10169	-0.3119	0.7097
100529067	0.3618	0.7320
100302254	0.2112	0.8542
619189	-0.9984	0.0230
25764	1.0384	0.0572
4236	0.0956	0.7448
79968	2.1409	0.2438
84978	0.1487	0.8737
728758	-0.5381	0.6321
113201	-0.7544	0.4264
51496	-0.3307	0.6691
645212	-0.9102	0.0286
8669	0.2413	0.8102
80208	-0.6805	0.1009
197135	-0.1302	0.9036
567	-0.3545	0.5290
113218500	0.2907	0.6538
100419583	0.1503	0.7733
140691	0.3509	0.7292
653381	1.1012	0.1081
105370798	0.0000	nan
145645	0.0000	nan
6652	0.4787	0.0674
50506	-16.7730	0.0796
405753	-17.0557	0.1805
90527	-3.7294	0.0163
53905	-2.5299	0.0168
90525	-2.7638	0.0616
100188986	21.0589	0.2722
100188988	0.8672	0.6389
100189065	-17.7052	0.4950
101928414	0.8022	0.2660
9153	-0.4328	0.6954
2628	0.5480	0.5513
79029	-0.3653	0.1998
84419	5.5665	0.2684
100126311	2.9145	0.2048
107987223	0.0000	nan
105376714	3.0989	0.1230
7782	0.2835	0.7578
283651	0.3237	0.6818
109617005	0.0000	nan
26258	0.5242	0.6056
58472	1.2951	0.3984
105370802	0.0000	nan
107984794	0.0000	nan
105370803	0.0000	nan
107984733	17.2032	0.2722
80031	0.4779	0.6955
105370804	0.0000	nan
101928442	0.0000	nan
105370805	0.0000	nan
102724553	0.0000	nan
107984792	0.0000	nan
107984136	0.0000	nan
283652	0.5490	0.7340
50804	-0.4625	0.7168
399697	0.0000	nan
105370807	-1.9103	0.4135
6557	-15.5119	0.2754
112267905	-2.5795	0.2317
107984756	-18.2291	0.2587
107984758	-17.1136	0.0370
107984755	-2.2932	0.1720
107984757	0.4985	0.7405
1854	0.7404	0.2499
2200	-0.7944	0.2251
105370809	-0.1694	0.7304
22995	0.5049	0.5449
101928472	0.0000	nan
399694	1.1517	0.3197
23741	1.6792	0.3361
9728	-1.0140	0.2795
9318	0.0112	0.9904
2585	-0.0972	0.7642
100306975	-0.7428	0.5140
100616332	0.0000	nan
196951	0.1355	0.4452
2252	-1.1718	0.2006
105370811	-2.0312	0.1140
56986	-1.2448	0.1317
79895	-1.6968	0.0624
102724587	-15.5285	0.2691
11001	-12.6168	0.4950
3067	0.0000	nan
2553	0.3654	0.6066
55056	-0.4414	0.5215
100129387	-0.9916	0.0027
100616396	-4.5276	0.0054
9101	-0.8813	0.1710
107984741	-5.2221	0.0070
373509	0.2238	0.3752
54822	-0.7099	0.3895
84888	-0.2946	0.7197
23431	-0.7898	0.2445
100132724	-1.9671	0.0665
109729174	0.0000	nan
388121	0.3541	0.4385
1588	-0.6931	0.7554
100616369	0.0000	nan
102465855	0.0000	nan
102466250	0.0000	nan
112268146	0.0000	nan
342035	-0.5080	0.7984
23312	-0.0428	0.9706
105370816	-13.2734	0.4950
29106	-12.1477	0.4950
256586	-0.1487	0.8015
29767	0.7821	0.5792
29766	0.2019	0.8001
100422556	-2.3341	0.1077
112268148	-0.0060	0.9935
123169	0.5681	0.3747
112268149	0.2510	0.8532
112543478	-0.0931	0.9363
5597	0.9277	0.4578
112268150	0.5722	0.2386
10017	-15.6806	0.1082
10681	-0.3894	0.3333
100129973	-0.4442	0.7110
55930	0.6392	0.4384
105370820	0.0000	nan
100302202	0.0000	nan
105370819	4.3532	0.2932
4644	0.2518	0.8053
10776	0.3619	0.7482
56204	-0.9398	0.2868
105370821	-15.0879	0.1243
3175	-12.9179	0.3033
105370824	2.3533	0.3820
101928499	0.0000	nan
107983981	0.0000	nan
105370823	0.0000	nan
105370822	0.0000	nan
105370826	0.0000	nan
256764	15.5773	0.2722
440279	-10.9101	0.4950
105370827	0.0000	nan
105370829	0.0000	nan
51187	-0.1039	0.8667
5873	-0.2128	0.7141
101928527	1.8454	0.2243
9488	-0.2045	0.8029
100533483	-1.6450	0.1038
9236	-1.2278	0.1456
693213	-21.4230	0.0742
145788	-0.9527	0.0781
161582	0.2398	0.4449
107984745	-5.2787	0.2287
26108	-0.7362	0.4426
283659	-1.1209	0.4873
4734	0.2168	0.8484
64864	-0.5808	0.4992
374618	-0.0386	0.9704
55329	0.8464	0.3330
105370831	0.8328	0.5743
105370832	-14.7138	0.3862
54816	-0.4898	0.5071
105370833	-3.2508	0.0059
145783	0.0144	0.9754
6938	-0.5125	0.4443
109616990	0.0000	nan
283663	-1.4624	0.0037
101928611	0.0000	nan
84952	-2.2678	0.4686
145781	-0.4227	0.4793
100820829	-1.0796	0.6539
81488	-0.4986	0.4040
105370834	2.3530	0.3614
107984724	0.0000	nan
8854	-4.2396	0.0713
283665	0.0000	nan
366	-4.3804	0.0816
3990	-1.5117	0.0839
101928694	-1.7820	0.2145
102	0.0452	0.9575
664618	3.0350	0.1274
101928725	0.4555	0.3906
54629	-0.1055	0.9327
79811	-0.8708	0.1590
54778	-0.6512	0.3609
9133	3.1661	0.1761
4643	-0.3440	0.2200
100313886	0.6057	0.6902
92483	-2.0421	0.2300
145773	1.2228	0.4721
9245	-14.6075	0.1898
2958	0.3743	0.6616
663	-0.4260	0.5316
107984803	0.0000	nan
107984802	0.0000	nan
27023	0.0000	nan
105370838	0.0000	nan
105370839	16.2061	0.2722
105370840	20.0129	0.2722
302	1.7452	0.1547
79664	-0.0810	0.9206
101928784	-1.9427	0.2367
6095	-2.1384	0.2858
105370846	1.5183	0.4618
100996876	-15.6922	0.3033
105370844	18.9488	0.2722
102724802	-15.0231	0.4950
105370842	-15.8419	0.4950
107984805	-0.7332	0.4299
105370841	-2.0354	0.2644
105370847	0.0000	nan
107984782	0.0000	nan
101928850	0.0000	nan
107984783	0.0000	nan
100506530	-15.0348	0.4950
54832	-1.0370	0.2131
101928907	-15.0375	0.2192
145741	1.1140	0.5585
388125	0.0000	nan
107984784	0.0000	nan
255180	17.4182	0.2722
105370849	0.0000	nan
105370852	0.0000	nan
105370851	0.0000	nan
102724938	0.0000	nan
105370850	0.0000	nan
102465869	0.0000	nan
102464834	0.0000	nan
83660	-0.3813	0.0372
197003	15.9948	0.2722
105370855	-1.3318	0.2212
406965	0.0000	nan
105370854	-0.2906	0.4287
7168	1.9280	0.1803
111064646	-1.0903	0.3199
107984798	-17.0784	0.1011
114294	0.4944	0.5193
51065	0.3434	0.4524
101928972	0.0000	nan
51762	-0.5142	0.3712
83464	-1.1192	0.1027
771	1.2511	0.3969
102723344	-15.4500	0.3065
9960	-0.2435	0.0234
100130855	-0.6142	0.4377
283807	-0.9766	0.4008
8925	-1.1000	0.1062
494334	0.0000	nan
23604	-1.6742	0.0425
101928988	-1.6609	0.0141
84191	-0.0035	0.9911
6642	-0.4914	0.0473
79856	1.1856	0.2944
5479	1.0742	0.3913
53944	-0.0552	0.9271
9768	4.3470	0.1826
9325	0.1086	0.8607
105370861	-16.2702	0.4950
23060	-1.1905	0.0264
107984736	15.0488	0.2722
101930091	0.7464	0.7312
4947	-1.8218	0.0007
107984737	-15.4490	0.2192
348093	-1.6187	0.1795
100302184	0.0000	nan
80119	-1.0119	0.0623
80301	-1.2963	0.1029
348094	-1.7609	0.1648
107984754	-0.6550	0.0500
51324	-0.4866	0.0188
123263	-0.0572	0.6699
123264	17.7157	0.2722
51285	-2.0799	0.4585
390594	0.0000	nan
390595	-2.8611	0.1157
10081	-0.1509	0.5852
10845	-0.7061	0.0793
8483	-3.2272	0.2176
112268147	-0.2715	0.6362
54956	-0.7217	0.0231
109617003	0.0000	nan
26831	0.0000	nan
26832	0.0000	nan
9543	3.7541	0.1011
57722	-1.3955	0.0432
54878	-0.5305	0.5200
51495	0.8794	0.4463
81556	-0.2133	0.5352
9187	-0.3320	0.1357
102723464	-14.5566	0.2691
10260	-0.5941	0.3023
109617020	-17.1746	0.4950
100616379	19.7860	0.2722
105370866	-13.2592	0.4950
100189317	0.0000	nan
8766	-0.3756	0.5281
84465	-0.3398	0.5829
105370867	0.0000	nan
100422905	0.0000	nan
105370868	0.0653	0.9380
115752	-0.1251	0.6436
54962	0.6231	0.5152
692149	-17.7596	0.2192
5604	-0.5230	0.2907
10302	-0.4946	0.2159
100616149	0.5330	0.7470
6124	0.6853	0.4112
595100	-0.5642	0.6795
595099	0.6739	0.6629
595097	0.5994	0.6982
595098	-20.6441	0.0056
55055	1.7261	0.3819
197021	1.1644	0.1356
102723165	-0.5455	0.7791
4091	-1.3665	0.1323
105370869	-2.5752	0.2859
105376718	-0.9191	0.3242
102723481	-17.9159	0.2254
102723493	-16.4170	0.0334
4088	-0.2981	0.4313
79719	-0.9620	0.0828
64799	-0.3272	0.4076
100506686	-2.6579	0.0247
145853	-1.3324	0.1677
5607	-0.9174	0.1637
107984718	1.9025	0.4151
390598	-17.9787	0.0492
105370870	-18.4000	0.0312
101929076	-15.8161	0.0056
26827	-3.7135	0.0433
8554	-0.2545	0.7314
105370871	-1.9871	0.0762
91860	-0.3224	0.7485
54982	0.0351	0.8182
10116	-0.7800	0.3366
22801	-1.7843	0.2125
105370873	-1.6841	0.2985
10391	-1.8777	0.0179
8125	0.5334	0.2894
100422971	-17.6271	0.4950
80035	-4.0690	0.1196
79400	-0.2345	0.8848
246777	0.9856	0.4560
283673	-13.5720	0.4950
26035	-0.1845	0.8526
102723548	-15.3821	0.3065
54852	-0.6309	0.5156
145694	-1.4306	0.1520
9493	2.7171	0.2880
6176	-0.9135	0.3112
105370876	-3.7573	0.0369
145837	-0.6981	0.5640
104472713	-14.0885	0.4950
107984788	0.0000	nan
414926	0.0000	nan
101929129	-14.7740	0.4950
7090	-1.2600	0.1162
693214	0.0000	nan
105370877	-0.2438	0.8415
107984734	0.0000	nan
105370878	-14.7611	0.4950
105370880	0.0000	nan
107984781	0.0000	nan
101929151	-0.2753	0.8889
104548972	-16.0499	0.1082
104548973	-17.2296	0.3973
107984791	-1.4670	0.5205
55075	0.8351	0.5304
55323	-0.0834	0.8339
54839	-0.0280	0.9552
56906	1.0857	0.4110
105370886	0.0000	nan
196993	-0.2938	0.8418
79875	-0.9744	0.4176
101929196	17.1079	0.2722
105370884	0.0000	nan
107984716	0.0000	nan
101929173	5.7462	0.2797
10002	-1.0423	0.4499
4649	-0.5582	0.4078
107984713	1.8070	0.0470
107984714	-15.2375	0.2192
123228	-0.5143	0.1388
107984715	-16.2949	0.0658
196996	-0.0291	0.9805
5315	-0.0637	0.9392
56965	-0.8172	0.0973
105370887	-16.6505	0.1218
60677	-1.6096	0.1182
3073	-1.5181	0.0053
80072	-1.2536	0.0593
338949	16.5798	0.2722
105370888	-3.7317	0.0891
107983949	-19.8148	0.0720
25820	-0.4118	0.5019
693215	-20.9681	0.0147
102723640	-1.1247	0.2233
112268145	-1.9833	0.6070
55889	-14.4119	0.1082
123346	-16.2165	0.0028
585	-1.0623	0.0564
83440	-0.7980	0.0189
100287559	-0.9285	0.0783
107984801	15.0170	0.2722
4756	-1.3439	0.4553
113219462	0.0000	nan
10021	1.0159	0.6420
105370890	0.0000	nan
107984728	0.0000	nan
283677	1.1261	0.6089
27020	-1.2282	0.2227
101241892	-0.8735	0.3477
105370891	-17.2549	0.0371
80381	-0.3022	0.2313
388135	-1.3774	0.1422
101929221	1.7371	0.4395
105370892	0.0000	nan
102723657	-14.2269	0.3033
161514	-3.1890	0.0658
100287616	-0.2987	0.7339
4016	-1.2995	0.2918
9399	-1.1906	0.1076
5371	-1.1481	0.1432
342096	-14.4128	0.1083
107987224	-14.8937	0.4950
732265	-16.2610	0.4950
57611	0.3706	0.4672
283731	0.0000	nan
3671	-0.1099	0.8351
64220	1.8084	0.1032
80125	12.9487	0.2722
105370893	0.0000	nan
1583	-1.0170	0.2920
729739	-0.1918	0.8647
105370894	-1.4470	0.4862
8482	-0.4196	0.6114
102465530	1.3429	0.4827
84993	0.9707	0.1735
440288	-0.5788	0.4446
102723714	-1.0601	0.1535
10620	-1.1104	0.1795
102723750	-3.1008	0.0333
1198	-0.5062	0.3372
80153	-0.9479	0.0253
1543	-14.9766	0.2219
1544	-12.2628	0.4950
1445	-1.7796	0.0041
100616183	-19.2572	0.3066
79748	-15.6941	0.3886
594855	-16.3075	0.2761
105370897	0.0000	nan
25989	-1.1358	0.1037
102465531	0.0000	nan
10066	0.0485	0.9228
4351	-0.7478	0.1526
57184	-1.8258	0.0043
9377	0.7017	0.0180
54913	1.5687	0.3306
107984731	0.0000	nan
192683	-0.5090	0.4256
60490	-1.1227	0.0308
107987225	-16.5818	0.0710
107984772	-16.6560	0.0791
56905	-0.4383	0.0246
105376731	0.0000	nan
653641	-0.4596	0.7223
653643	-0.4595	0.7224
54939	0.0807	0.7940
79661	-1.4578	0.1031
693216	-1.6787	0.2795
4123	-2.4076	0.0546
25942	-0.0695	0.7607
5780	-1.0826	0.0026
105370902	-1.3552	0.0090
10073	-0.2185	0.6226
55272	-0.3399	0.5653
257364	-1.3354	0.0293
1464	-1.6427	0.2917
161753	2.4980	0.0453
100128285	-1.8977	0.3032
101929408	17.0479	0.2722
100423035	0.0000	nan
441728	0.0000	nan
92912	0.6952	0.5745
26263	-0.5077	0.1389
145957	-0.9335	0.2448
123591	-0.4456	0.7213
101929439	-16.4902	0.2805
2108	-0.3314	0.2888
7302	-14.0852	0.4950
64843	-17.5810	0.1403
49855	-0.8992	0.0035
100500855	0.0000	nan
5955	-0.0991	0.9177
105370904	14.6391	0.2722
9051	-0.2139	0.8652
10099	-1.0582	0.0230
79834	-1.0539	0.1895
81698	-0.5970	0.7155
10363	-1.0012	0.0080
101929457	-13.9817	0.2192
105370906	-14.0091	0.4950
84894	-14.4632	0.1890
253044	0.0000	nan
101929478	0.0000	nan
645752	-14.8192	0.4950
440292	-0.0998	0.8529
91450	-1.1278	0.2676
23102	-1.0307	0.0745
646892	-15.0554	0.0665
10518	-0.1666	0.7781
3419	-0.0094	0.9789
23205	0.8618	0.3979
105370911	0.0000	nan
55466	-0.8011	0.1497
105370910	-1.2363	0.0746
80349	-0.2801	0.2329
1381	-15.3128	0.4950
105370912	0.4247	0.7910
3658	-0.5887	0.4625
123688	0.6988	0.3349
5685	0.6692	0.1452
1138	0.1182	0.9283
1136	-0.6116	0.6061
1143	0.0000	nan
112268142	0.0000	nan
105370913	0.0000	nan
646938	-1.4800	0.1109
112268143	-0.2733	0.7049
11173	-2.6474	0.0163
100189013	-19.5032	0.3032
10933	-0.5372	0.2303
1512	-3.0867	0.0349
5923	-14.2318	0.1879
100129540	0.0000	nan
105370917	0.0000	nan
107984750	0.0000	nan
729911	0.0000	nan
406960	0.0000	nan
390616	0.0000	nan
23423	-0.5435	0.4865
23251	-1.2136	0.4402
105370918	-0.8754	0.5054
105370919	-15.7815	0.3066
100189155	0.0000	nan
100528021	0.2473	0.7395
10588	0.2472	0.7534
400410	-0.2396	0.6360
283687	-1.2260	0.1179
597	-14.1678	0.4950
54469	-0.2689	0.1512
2184	0.2538	0.6330
100996492	-16.0246	0.0000
283688	0.0000	nan
101929560	0.0000	nan
9915	-1.7134	0.1600
101929586	-3.4177	0.1053
100847042	-1.1328	0.1434
58489	-1.2731	0.1545
57214	-2.2565	0.0620
693132	-19.2550	0.4950
107984749	-3.3897	0.0678
23184	-1.1098	0.0162
100616181	21.2033	0.2722
59274	-0.3278	0.3334
161502	-16.2848	0.3033
3603	-2.5077	0.2018
80765	-1.3112	0.1664
101929655	-0.4324	0.5181
342125	-0.3150	0.4528
102723985	-13.3352	0.2230
105370921	17.4882	0.2722
102724001	3.3535	0.3185
105370922	0.0000	nan
105370923	1.7106	0.4705
84206	-0.2527	0.8292
101929690	-0.3925	0.8731
105370924	-0.8738	0.7592
79631	-0.4422	0.3888
283726	-0.9539	0.4998
390660	-2.6679	0.0583
647042	-0.4664	0.6923
100134869	-1.7818	0.1493
440295	-0.8001	0.5202
102724034	-2.4616	0.1851
80154	-1.3210	0.1588
105370926	-2.8718	0.0305
642402	-2.1588	0.0604
6218	-0.7892	0.4931
64506	0.9048	0.0346
283692	-0.5015	0.6460
8120	2.2372	0.3129
338963	-14.4637	0.4950
283693	-0.6812	0.6746
100505616	0.0308	0.9559
123722	-0.1519	0.8487
677778	-0.7992	0.4684
123720	-0.7630	0.0677
9455	1.4934	0.0100
105370928	0.0250	0.9292
83640	0.4435	0.1537
123207	-0.2398	0.1662
53339	-0.3219	0.6613
100616404	0.0000	nan
53346	0.2229	0.8073
50810	0.0200	0.8727
646	1.0161	0.3361
105370932	-0.7716	0.1603
105370933	-14.9563	0.4950
105370934	3.0893	0.3299
6457	1.7126	0.4356
57188	-12.3720	0.3066
105370935	0.0000	nan
648809	-0.4206	0.2104
440299	-0.7823	0.2362
100505679	-0.7216	0.3055
440300	-1.1072	0.1373
388152	-0.7052	0.3906
105376724	-1.3168	0.2936
643707	-0.9901	0.2996
105370936	-1.1932	0.3247
102724093	-0.6802	0.4765
105376722	-2.9257	0.0434
103171574	-1.0945	0.3246
102724117	-0.9647	0.3010
102724135	-1.0352	0.2378
105370946	-1.6083	0.2140
112267869	-0.3915	0.5682
374650	-1.4057	0.1457
388165	-1.5236	0.1807
100506874	-1.8012	0.1434
54993	-0.3996	0.3667
105370947	0.1213	0.7764
54581	-0.6445	0.0492
84942	-0.6362	0.0711
4828	-0.1230	0.7138
23478	0.6127	0.2055
9640	-1.1392	0.0356
57538	-0.3127	0.6953
9154	-0.6288	0.6907
5151	-0.2611	0.6125
101929479	-0.5289	0.5672
105370948	-1.1596	0.2848
100133220	-2.4678	0.0877
102724393	16.7485	0.2722
102465803	-19.9877	0.2262
11214	-0.3086	0.5419
101929679	-17.0030	0.0370
64410	-1.7155	0.0407
100302121	-17.5000	0.4950
100847084	0.0000	nan
105370952	14.9975	0.2722
105370953	-15.8501	0.4950
123624	13.6856	0.2722
101929701	0.0000	nan
727915	0.0000	nan
105370954	0.0000	nan
102724452	0.0000	nan
105370955	17.5421	0.2722
107984735	0.0000	nan
105370956	2.7111	0.3521
102724465	0.0000	nan
145978	0.0000	nan
4916	0.2758	0.6966
113218493	0.0000	nan
283738	0.0000	nan
105370957	0.0000	nan
105370958	0.0000	nan
105370959	-15.8246	0.4950
26589	0.0717	0.8380
64963	0.6283	0.4689
55070	-0.0534	0.7231
101929743	-0.2627	0.8842
64782	-0.8506	0.2194
100302235	0.0000	nan
407044	0.0000	nan
100616238	0.0000	nan
3669	1.0586	0.5430
105370960	0.0071	0.9940
176	-1.2584	0.4340
145864	-1.3731	0.0608
4240	-2.1567	0.0525
102724566	-16.2149	0.2887
11057	-0.4273	0.6689
112268155	-0.0019	0.9985
6017	0.0000	nan
55215	0.7516	0.4151
5428	-1.3961	0.0010
102466983	-0.7494	0.5127
100189264	-17.6853	0.4950
254559	-12.8580	0.4950
407051	0.0000	nan
107984777	0.0000	nan
105371031	0.0000	nan
105370964	0.0000	nan
112268153	0.0000	nan
51458	0.0000	nan
283761	0.0000	nan
90381	0.8329	0.5484
374654	-1.1475	0.0955
5346	-17.8543	0.0034
8800	-0.7411	0.1322
56964	-2.4850	0.0032
55897	-3.3636	0.0887
145873	1.1555	0.1649
290	0.0303	0.9622
105370965	0.9766	0.0575
100526783	0.1864	0.3200
10239	0.2477	0.2344
100847059	3.0330	0.3327
100846993	18.9416	0.2722
348110	-0.0199	0.9677
374655	-1.2873	0.0010
100422841	0.0000	nan
109729181	-0.3419	0.3174
3418	-0.0586	0.9105
105370966	-0.0240	0.9783
10509	-0.8300	0.1909
10519	-0.6498	0.2555
390637	0.6938	0.2520
440307	-1.2285	0.2406
51335	0.1100	0.7316
23766	0.1376	0.9340
342132	-0.0587	0.8863
8826	0.5046	0.6430
64784	-0.9558	0.0544
112268163	-1.4414	0.2628
101926895	-2.2083	0.0107
101929765	-1.5965	0.2046
641	2.7223	0.1461
105370969	0.0000	nan
5045	-1.6878	0.1466
2242	-1.0620	0.1710
4122	-2.5682	0.2220
374659	0.4308	0.7098
55898	-0.5886	0.4160
91433	-0.9076	0.0058
9055	2.7181	0.2134
100507118	3.2981	0.1767
26276	-0.9444	0.0013
105370970	-1.3841	0.2671
101926911	0.0815	0.9258
9899	0.0000	nan
105370972	0.0000	nan
107984778	0.0000	nan
101926928	16.7517	0.2722
105370973	0.0000	nan
105370974	-2.3772	0.2239
28232	-1.5195	0.2369
107984747	-1.2301	0.3261
107987227	0.0000	nan
8128	-1.2402	0.5202
104613533	0.0000	nan
145858	0.0000	nan
100144604	0.0000	nan
400451	-0.2849	0.5432
105370975	0.0000	nan
101926994	-2.0921	0.1553
728619	-0.1961	0.8826
100507217	-1.3456	0.1898
1106	-1.1555	0.0595
100422995	0.0000	nan
56963	-1.4969	0.1417
101927025	0.0000	nan
105370980	0.0000	nan
105370981	0.0000	nan
105370982	0.0000	nan
107983974	0.0000	nan
101927153	0.0000	nan
283682	0.0000	nan
101927129	0.0000	nan
101927112	0.0000	nan
105369203	-1.9631	0.5130
105370984	0.0000	nan
55784	-2.3514	0.1891
105370985	0.0000	nan
105370986	0.0000	nan
105370988	0.0000	nan
440311	-0.4640	0.6997
105370989	0.0000	nan
105370991	-2.6202	0.3915
105370990	-4.6672	0.1982
105370994	-13.9244	0.4950
400456	-16.6973	0.3580
145820	16.1606	0.2722
105370993	4.9728	0.2854
105370995	0.0000	nan
107984800	11.8566	0.2722
112268156	-14.8499	0.4950
105370998	2.4775	0.3590
105369212	-14.9174	0.2229
644192	-0.6213	0.6136
105370997	0.0000	nan
7026	0.8443	0.5723
100302258	-1.8034	0.1143
101927263	1.1887	0.4331
105371001	0.0000	nan
105371002	0.0000	nan
100652749	0.0000	nan
145946	0.0000	nan
105371004	0.0000	nan
105371005	0.0000	nan
107984764	0.0000	nan
105371006	0.0000	nan
101927286	0.0000	nan
101927310	0.0000	nan
105371007	0.0000	nan
91948	0.0000	nan
91947	-2.2938	0.1783
105371009	17.1074	0.2722
105371008	0.0000	nan
101927332	0.0000	nan
105371010	0.0000	nan
105371011	0.0000	nan
283777	0.0000	nan
104472848	-0.1643	0.6797
3480	-1.3212	0.0050
100616432	0.0000	nan
145814	-12.9466	0.4950
105371013	0.0000	nan
104564224	-14.9213	0.4950
105371016	-13.8052	0.4950
23336	-0.8382	0.3735
64927	-0.6853	0.0964
123355	-0.3558	0.0624
7190	2.4507	0.3349
105371018	-3.7669	0.1995
105371017	-3.1182	0.2427
107984790	-17.0470	0.1617
105371019	-1.2115	0.6981
4205	-0.8020	0.4098
145748	-0.5994	0.2876
105371020	-13.1650	0.4950
196968	-3.4416	0.0243
400464	0.0524	0.9003
170691	-2.9572	0.4357
105371022	-16.2204	0.3439
107984740	-14.0763	0.4950
388182	-15.4922	0.0115
105371021	-14.5470	0.2192
102723320	0.0000	nan
204219	0.0000	nan
441733	-1.2724	0.5150
102723335	-17.7410	0.0028
55180	-0.0071	0.9899
140460	-0.3665	0.0491
105371024	-0.4131	0.7655
440313	-16.9600	0.0524
105369201	-1.7603	0.1994
220	-2.0770	0.1688
101927751	-1.9922	0.1296
79705	-1.4579	0.0733
105371026	-3.1728	0.0629
22856	0.1094	0.9075
107984727	-15.1006	0.4950
55829	-0.1127	0.7673
6627	0.6473	0.3101
5046	-2.9875	0.4017
100507472	0.1597	0.9160
105371027	0.0000	nan
107984751	0.0000	nan
107987228	-17.4124	0.4620
105371028	-12.6568	0.4950
101927505	-13.7719	0.3033
80213	-0.8561	0.0696
123283	-0.7900	0.1938
100128108	-0.5533	0.1812
105371030	0.2144	0.7739
390648	0.0000	nan
390649	0.0000	nan
390651	0.0000	nan
105376730	0.0000	nan
26682	0.0000	nan
100124412	1.3885	0.5389
100422834	0.0000	nan
374666	-1.2644	0.0320
102465910	-2.8712	0.0642
100288486	-1.2842	0.1470
102723461	3.3536	0.3185
107987377	13.1092	0.2722
102723502	0.0000	nan
105369218	0.0000	nan
102723532	14.8499	0.2722
107987381	0.0000	nan
100287029	-0.9756	0.2472
103504738	-2.1460	0.0779
100132169	-3.0430	0.3315
51728	-0.1357	0.7094
79622	-0.0026	0.9958
64285	-1.8819	0.0605
4350	0.2421	0.8310
8131	-0.7244	0.2417
3050	0.0000	nan
107983982	0.0000	nan
3042	0.0000	nan
3040	-15.6878	0.2192
3039	-15.6854	0.2192
3049	-16.1681	0.4950
55692	-0.9630	0.0808
83986	-1.1990	0.1548
8786	-4.1952	0.0126
398	-14.9448	0.2192
64714	-15.8514	0.0028
8312	-0.7597	0.2785
10573	-0.2830	0.6461
58986	-0.9790	0.2149
100134368	-0.0542	0.9661
105371036	-0.9676	0.3870
4833	-0.0620	0.9181
26063	-0.6647	0.2590
9727	-2.4599	0.0064
64493	-0.6771	0.4887
6650	-1.6996	0.0876
100847028	-21.2351	0.1577
100423037	-22.2156	0.0336
146325	-16.0729	0.2382
107987233	-1.6833	0.2418
283948	-1.4603	0.2877
9091	-1.1965	0.1013
57799	-1.0429	0.1069
101929280	-0.9163	0.3581
117166	-18.1458	0.3616
84326	0.2222	0.7364
64717	-17.6903	0.4950
100287175	-1.6683	0.1496
84331	-0.9147	0.2721
105371038	-0.8907	0.1811
197335	-2.6613	0.0042
107984861	-20.6252	0.0038
89941	-2.0310	0.0021
9028	-3.3348	0.0442
105371184	-17.7640	0.2231
10273	-0.5326	0.4881
339123	-0.5244	0.4108
84219	-1.5341	0.0245
146330	-18.5677	0.0457
79006	1.1569	0.3807
65990	-0.3246	0.7290
124093	-3.1974	0.0508
84264	0.7375	0.6431
64428	-0.3903	0.6593
10232	-18.1536	0.2741
724032	0.0000	nan
113000	-0.2770	0.7551
63922	0.0493	0.9390
51764	0.3741	0.8660
388199	-16.8729	0.0092
64788	-0.9167	0.1995
107984876	-2.8093	0.2905
101929387	-1.9263	0.0775
30812	-17.2937	0.1610
107984898	0.0000	nan
146336	0.0000	nan
6755	15.1665	0.2722
390664	0.0000	nan
107984906	0.0000	nan
105371042	0.0000	nan
8912	-13.9253	0.3124
25823	0.0000	nan
64499	0.0000	nan
7177	0.0000	nan
23430	0.0000	nan
7329	-0.4724	0.0408
8938	0.6867	0.4744
115939	0.6560	0.4747
84572	0.1850	0.7459
64718	-2.1757	0.0043
101929440	-14.0079	0.4950
283951	0.1375	0.5747
105371044	-13.8938	0.4950
105371045	-13.9638	0.4950
645811	-18.5702	0.0560
1186	-1.3510	0.0979
390667	-15.0832	0.3033
9894	-1.8932	0.0039
9742	-1.9153	0.0040
79652	-0.7986	0.3123
105371046	-20.7381	0.0073
57585	-1.9729	0.0074
90861	0.9333	0.1878
23162	-3.2832	0.0008
101929480	-16.8613	0.4394
100423012	-17.5176	0.4950
4832	-0.7861	0.2856
65993	-0.3473	0.5904
197342	-5.5162	0.1211
90864	-1.4969	0.0476
10101	-0.3947	0.6549
3483	-0.8671	0.5636
3029	-1.2848	0.0549
81889	0.2620	0.1204
254528	0.6077	0.2199
64735	0.0000	nan
105371048	-14.9563	0.4950
64711	-0.9837	0.7376
51734	-0.7894	0.0820
6123	0.5824	0.7087
4716	0.1198	0.8786
6187	0.8998	0.5508
574042	0.3842	0.7269
26784	-22.6420	0.0835
735301	-1.5781	0.1319
677844	0.9952	0.5861
146310	-1.5453	0.5291
10607	-0.1456	0.8585
124056	-1.9649	0.2752
2671	-1.0893	0.1829
9143	-0.6095	0.5396
90850	-1.8205	0.0056
283869	-0.0079	0.9870
9351	-0.4238	0.6301
4913	0.3541	0.7606
7249	-0.8539	0.0522
5310	-3.9164	0.0220
100188847	-19.5464	0.2277
105371049	-3.8852	0.0106
102465429	-6.2555	0.0395
100616258	-19.6270	0.2262
100500916	0.0000	nan
25837	0.9438	0.4445
100507303	-0.9087	0.4468
26788	-3.9982	0.1692
84231	-1.1495	0.1167
57524	-0.3264	0.6409
64223	-0.1482	0.8631
283870	-1.1640	0.0394
283871	-0.5747	0.4516
1877	-0.9393	0.1659
1775	-19.4895	0.0707
1632	0.4682	0.6861
107984839	1.8294	0.3962
10921	-0.1988	0.3364
106660606	-0.4155	0.2881
100500812	-22.0045	0.1110
100126328	-2.5447	0.0221
100616241	0.0000	nan
21	-3.6594	0.2313
650655	-1.1566	0.3587
899	1.9191	0.1842
102465459	0.0000	nan
105371050	0.9148	0.2217
80178	0.8182	0.0609
102465460	-17.6702	0.4950
729652	-1.8761	0.2111
4917	-17.4258	0.1540
57465	-0.8902	0.0535
527	-0.4267	0.3869
51005	-0.3511	0.7089
752014	-0.4264	0.6085
100422974	-19.6610	0.2261
5170	-1.1694	0.0332
652276	-1.0178	0.2462
645644	-0.9927	0.2306
100507321	-1.2212	0.0261
54442	-0.4937	0.0820
83886	-2.6951	0.0004
100128788	-18.9055	0.0415
23524	-1.4970	0.0857
6923	0.9638	0.4885
260429	0.0000	nan
360226	0.0000	nan
109616997	0.0000	nan
10942	-15.7803	0.2372
124220	18.8571	0.2722
124221	-17.7619	0.3740
64063	0.0000	nan
101929566	-2.4501	0.1332
114984	-0.8913	0.2874
84256	-1.0696	0.0851
105371055	-2.1919	0.0409
79412	-2.1893	0.0176
124222	0.1543	0.7815
9088	1.1769	0.4113
283875	0.5356	0.7608
101929613	0.0000	nan
107984895	2.7455	0.3497
105371056	2.5778	0.0383
9080	0.0000	nan
9074	-18.8317	0.0136
51330	-0.3111	0.5166
54985	-0.7055	0.4370
79228	-0.0460	0.9640
146439	-3.4262	0.0418
100128770	4.6363	0.2891
64386	-2.3302	0.0270
100507419	-1.5952	0.0833
9235	2.7889	0.3213
105371058	0.0000	nan
84891	-0.6461	0.8100
81854	-0.9063	0.2520
7755	-0.1250	0.8940
100507458	-1.1489	0.0529
7760	-1.3820	0.0204
197350	-16.9908	0.2653
100189173	0.0000	nan
100189168	23.1261	0.2722
100189119	1.6183	0.4480
100189335	0.0000	nan
100189221	0.0000	nan
100189282	0.0000	nan
100189209	0.0000	nan
100189136	0.0000	nan
100189388	0.0000	nan
100189281	0.0000	nan
4992	1.4321	0.2798
100189296	0.0000	nan
100189062	-19.5032	0.3032
100189020	0.0000	nan
100189270	-17.6853	0.4950
26184	19.1432	0.2722
7752	-0.1106	0.7894
4210	-14.5284	0.3862
283876	-1.3457	0.1707
10127	-1.0121	0.0399
91151	-0.3796	0.5268
7627	-0.0644	0.9168
4993	-16.7917	0.0389
105371059	-1.2145	0.0036
100463285	-17.1095	0.0965
54925	-0.3895	0.1021
7727	-0.8551	0.0404
146434	-0.3925	0.5897
79903	-0.9558	0.0747
102465134	-2.7068	0.0203
646174	-1.1003	0.3378
23059	-1.1940	0.0499
197358	-0.6642	0.3900
101929732	0.1436	0.9266
105371060	-0.4730	0.6891
84464	-1.2253	0.1584
1773	-0.6848	0.2047
10131	0.4257	0.4323
1387	-0.9313	0.1781
102724927	-1.3548	0.2742
115	-1.2659	0.0549
105371062	-4.1563	0.0112
6345	3.0402	0.2440
100507501	-0.5369	0.4259
105371063	0.0000	nan
7023	-0.3445	0.7280
84662	-3.2354	0.1626
101926896	-20.2007	0.2729
100529144	-0.3114	0.1531
51025	0.4282	0.0011
79585	-1.7342	0.0295
114990	-1.7902	0.0243
9093	-0.1802	0.5359
57407	0.3646	0.6795
3163	-0.4096	0.5717
29965	-0.1288	0.8645
342346	0.7404	0.6300
124402	-1.5319	0.1087
23295	-1.1868	0.1184
102466731	-19.2703	0.4950
84309	-0.4591	0.2095
124401	-1.3650	0.0926
146562	-1.0709	0.1805
26048	-0.7282	0.2391
124404	0.0000	nan
440335	-0.4597	0.7867
79641	-0.2351	0.7276
84656	-1.1831	0.0138
29855	-1.3491	0.0032
5493	-2.5798	0.0468
105371064	-2.3027	0.0319
9717	-4.6365	0.1268
51172	-0.6226	0.3058
100507589	-1.0730	0.4056
146556	1.0123	0.4592
56052	0.4057	0.5751
196483	0.5693	0.4708
107984828	-14.6812	0.2691
105371067	0.0000	nan
105371066	0.0000	nan
54715	3.9027	0.3004
101926950	0.0000	nan
102465867	0.0000	nan
105371068	-10.9059	0.4950
105371069	0.0000	nan
105371070	-14.9005	0.4950
105371071	0.0000	nan
105371072	0.0000	nan
283953	-13.9698	0.4950
79091	0.2084	0.8056
18	-1.0179	0.4833
107984840	-16.5291	0.4950
25880	-1.3444	0.0764
5373	-0.5694	0.1930
100130283	-0.1464	0.8792
23589	-0.6353	0.4132
101929989	-14.9171	0.3033
7874	-0.5547	0.1839
105371074	16.1297	0.2722
29035	0.1945	0.8189
101927026	0.0000	nan
105371075	0.0000	nan
101927009	-11.4693	0.4950
104355218	0.0000	nan
104266959	0.0000	nan
2903	1.6517	0.2239
105371077	14.4938	0.2722
105371076	0.0000	nan
107984900	0.0000	nan
105371078	0.0000	nan
80063	-0.8629	0.4031
107984877	-1.9433	0.0498
106144584	-0.3648	0.7482
2013	0.1900	0.3040
146279	-17.2298	0.0198
105371079	-14.0457	0.4950
4682	0.1783	0.1226
780776	0.9267	0.0296
105371080	0.0000	nan
4261	-0.6050	0.0127
112267907	2.3770	0.3653
28955	-0.5974	0.3512
23274	-1.2289	0.0320
105371081	-15.0035	0.1082
107984859	1.3709	0.4921
105371082	-0.5595	0.6094
8651	-0.4254	0.6819
7142	0.0000	nan
58531	0.0000	nan
5620	0.0000	nan
5619	15.5886	0.2722
100313773	0.0000	nan
105371083	-14.3935	0.4950
116028	2.8156	0.1262
400499	1.1976	0.5074
101927131	-12.6856	0.4950
9516	-0.8615	0.0045
107984880	-13.7890	0.4950
8303	-1.3286	0.0902
51061	0.2659	0.4897
29066	-0.6265	0.4316
400500	0.7460	0.7314
26156	0.4522	0.2716
105371084	-0.5422	0.4215
2935	-0.2693	0.7136
112268177	-0.3845	0.7288
729978	-0.2925	0.2844
608	-18.3692	0.2306
92017	-1.1665	0.2134
642696	-14.8314	0.2691
101927227	1.0019	0.6080
105371087	2.6996	0.0998
105371085	-1.9329	0.3039
105371088	-1.2341	0.3779
55313	-0.2760	0.6623
100616195	0.0000	nan
105371090	-13.7465	0.4950
105371089	18.2960	0.2722
729993	-1.7674	0.5513
105371092	0.9700	0.3028
105371091	0.0000	nan
107984137	-12.9593	0.4950
105371093	0.0000	nan
2072	-0.4583	0.4474
101927311	-14.2589	0.4950
101927348	-14.0505	0.4950
57496	-0.5924	0.5320
100189086	0.0000	nan
100129781	-1.0774	0.1257
574455	0.0000	nan
100126355	-19.4149	0.2192
105447648	-17.4561	0.3862
5073	-0.1947	0.2023
105371094	-1.4741	0.0179
107984865	0.3515	0.8046
51283	0.4023	0.2816
8399	2.8628	0.2579
105371095	-0.9061	0.6725
642778	-1.3599	0.0115
100652777	-1.5365	0.0031
105376747	-0.4645	0.7952
642799	-1.2999	0.0222
105376749	-1.0120	0.1843
730013	-0.7673	0.3419
23420	-0.6720	0.4125
101927469	-3.4189	0.0715
100422960	-20.9431	0.0524
100500910	0.0000	nan
100422870	0.0000	nan
109951030	-2.8260	0.0062
100288162	-3.8346	0.0064
102466268	-17.8090	0.4950
102465461	-19.9596	0.3293
9284	-1.1815	0.0539
23042	-0.5196	0.0573
100302243	19.3189	0.2722
123803	0.5561	0.0761
54700	-0.6907	0.0553
100505915	-1.2536	0.0928
105369154	-1.9727	0.0104
102465985	0.0000	nan
100500852	0.0000	nan
105371096	0.0000	nan
105371097	16.7126	0.2722
107987241	0.0000	nan
105371103	-1.1485	0.1818
100288332	-1.2320	0.0336
255027	2.6935	0.0407
89927	0.0260	0.9619
105371102	-17.2877	0.0028
9665	-0.6160	0.2740
102465252	-0.7885	0.1985
54820	-0.1300	0.8269
619553	0.0000	nan
4629	-0.3597	0.6466
123811	0.4212	0.6517
107984869	0.0000	nan
4363	-1.4844	0.0107
368	-2.8082	0.1494
105371100	-13.7903	0.4950
408050	-0.6642	0.4346
105371099	0.0319	0.9581
100422886	-20.9431	0.0524
100846994	0.0000	nan
100422956	0.0000	nan
339044	-2.5699	0.0109
102466812	0.0000	nan
102465908	-17.9682	0.4950
102465683	-19.3941	0.4950
101059938	-1.3876	0.0218
105371098	-1.0936	0.0314
105371105	0.0000	nan
64131	-0.6301	0.3920
102723692	-1.2249	0.2110
107987234	0.2971	0.8309
105371106	-15.2537	0.4950
107984893	-2.1067	0.1255
105371108	0.0000	nan
105376751	16.7254	0.2722
105376753	-1.7199	0.0073
110006323	-3.2970	0.0099
101059953	-1.3989	0.0071
102465684	-17.8090	0.4950
110006322	-2.2380	0.0114
102466259	-18.9508	0.2192
112268172	-3.6819	0.0706
100422836	0.0000	nan
103504726	0.0000	nan
100423006	-20.9431	0.0524
102723728	-0.0728	0.9179
103504740	0.0000	nan
105379460	-3.3793	0.1766
103504729	-21.0656	0.0150
283820	-0.7617	0.3735
653190	-17.3166	0.0861
6210	0.7568	0.5011
23204	1.1610	0.4188
23049	-0.3389	0.7331
107984844	-1.9059	0.4260
79905	-0.0931	0.9519
102723385	-0.5441	0.5947
10229	-0.8041	0.0186
162073	-1.1215	0.1399
51760	0.0311	0.9819
105371114	3.1603	0.3265
728276	-12.5614	0.4950
105371113	0.0000	nan
79838	-0.1560	0.8194
51573	-0.4605	0.4213
9738	0.0087	0.9924
57020	-0.0069	0.9718
400506	-0.4436	0.3310
124152	-0.0959	0.8093
105371115	-1.2951	0.3003
51704	0.2804	0.4344
105371116	0.0000	nan
105371117	19.2855	0.2722
124274	0.0000	nan
102723396	0.0000	nan
2813	0.0000	nan
7369	0.0000	nan
204474	0.0000	nan
54988	0.6110	0.6948
105371119	0.0000	nan
123876	0.0000	nan
348158	14.0302	0.2722
105371120	0.0000	nan
107984831	0.0000	nan
116285	12.8289	0.2722
105379461	0.0000	nan
55623	-0.9930	0.0367
6296	0.7299	0.5958
112479	0.5598	0.6838
81691	0.5069	0.6788
105371121	0.3284	0.8074
123879	-0.2306	0.6657
57149	-0.6449	0.1656
55567	-3.3220	0.4355
107984888	-3.5150	0.4413
57146	-1.3663	0.2690
7783	0.0000	nan
105371123	0.0000	nan
257629	0.0000	nan
1428	-0.8196	0.6168
105371125	0.3739	0.8661
400508	-3.5028	0.2700
100652781	-4.4322	0.2118
23117	-1.3812	0.0873
100190986	-2.0784	0.1053
100271836	-1.3192	0.1684
100500917	-0.0970	0.9554
387254	-1.7914	0.1071
101927814	-15.3031	0.3065
51108	0.3723	0.4815
10261	-0.2233	0.8666
146183	1.0768	0.4540
105371126	0.3883	0.8608
730092	-1.1742	0.0603
112268174	-1.5982	0.0676
440345	-0.9968	0.2034
7385	0.4447	0.0763
255762	-0.6204	0.2280
730094	0.4302	0.7123
105371129	-0.0623	0.6945
146177	-0.6776	0.5670
100288072	0.7918	0.6567
100189032	0.0000	nan
29904	-0.5874	0.1306
100189291	0.0000	nan
55718	-0.9286	0.0864
1039	-0.5922	0.1623
440346	-2.7473	0.4878
105371130	-18.2131	0.0939
100131998	-1.7728	0.0807
641298	-1.1680	0.1997
100132247	-1.5539	0.0629
105371131	-1.5911	0.0809
653786	-0.5914	0.3757
112268175	0.3883	0.8608
107984851	16.6425	0.2722
9956	14.5448	0.2722
112268176	0.0000	nan
57478	-0.7873	0.0366
6340	0.0000	nan
6338	0.0000	nan
91949	0.0658	0.8164
23062	-0.7265	0.0169
124454	-0.4916	0.0127
56061	-0.5698	0.0153
4706	-0.6239	0.1145
79728	-0.4653	0.2609
84516	-0.0913	0.8764
5347	2.3763	0.2268
10595	0.0101	0.9938
63928	0.0000	nan
5579	11.2618	0.2722
105371141	-15.6135	0.4950
102466247	0.0000	nan
105371142	0.0000	nan
10368	14.3241	0.2722
105371143	16.7641	0.2722
5930	-0.3533	0.5769
27327	-0.6606	0.3389
400511	15.5308	0.2722
107984825	-13.6752	0.4950
115584	0.0100	0.9939
107984826	0.0624	0.6845
55114	-0.5606	0.0187
554206	-1.2709	0.0051
283887	-19.5905	0.0016
102723510	0.2492	0.7578
51451	0.1842	0.7041
100506655	-16.1067	0.0138
343	-13.4328	0.4950
342357	-1.0107	0.0382
105371146	0.0000	nan
105371147	0.0000	nan
105369297	0.0000	nan
9951	-13.5388	0.4950
100422923	0.0000	nan
105371149	0.0000	nan
105371150	0.0000	nan
102723536	0.0000	nan
105371152	0.0000	nan
105371153	0.0000	nan
105371154	0.0000	nan
162083	0.0000	nan
105371155	0.1378	0.9339
79831	-2.4558	0.1118
197370	0.6543	0.5647
400512	-2.8888	0.0066
3566	-2.4633	0.2845
50615	-2.4934	0.1471
283888	-17.0980	0.0891
2975	-1.0090	0.1761
23247	-1.4855	0.0422
107984874	15.1918	0.2722
100128079	-2.0085	0.0296
105371157	-13.9865	0.4950
146395	13.1399	0.2722
23214	0.1875	0.5929
388228	-11.3236	0.4950
105369182	-0.9835	0.7376
728741	-1.3742	0.0607
728689	0.3247	0.5517
102465520	-17.7108	0.4950
112268171	0.2352	0.8789
1201	-0.5708	0.4791
55911	-15.2383	0.3157
246778	1.8529	0.4165
26471	0.4464	0.7491
112869	0.9502	0.4751
6799	0.1540	0.9006
6817	-2.2335	0.1406
107984835	0.0000	nan
728734	-1.3682	0.0233
8663	0.2802	0.5722
102465907	-17.7108	0.4950
100507607	1.1957	0.2635
105379464	-18.0281	0.3033
11273	-1.4456	0.0263
7284	-0.4358	0.4713
100616256	-0.4128	0.1919
25970	-2.2032	0.0096
487	-0.3426	0.7258
100289092	-0.7771	0.6331
79874	-0.7250	0.4581
930	-1.0174	0.3123
84901	-1.0554	0.0673
100616487	-4.1927	0.0131
83985	-0.1835	0.8245
27040	-2.7270	0.0573
653390	-1.2074	0.0082
101928215	0.4668	0.7510
107984832	-3.0988	0.0260
101928188	-1.5135	0.0543
102723708	-14.3912	0.2754
105371159	-1.7422	0.4345
107984833	-18.1203	0.1561
440352	-1.0775	0.3471
728888	-1.0894	0.1231
100422558	-0.2732	0.7187
107282092	0.5526	0.3359
606724	0.1290	0.9284
552900	0.9291	0.4488
79008	-0.3505	0.5917
100526831	-0.5774	0.4137
445329	-1.5446	0.1544
388242	0.6388	0.3446
101928556	-1.5312	0.0888
440353	-1.0335	0.1615
440354	-0.2953	0.6774
105371168	1.0145	0.3402
100847041	-19.2402	0.3065
6693	0.0000	nan
23475	1.4218	0.1437
283897	12.9024	0.2722
653808	0.0000	nan
105371167	-15.9926	0.4950
3835	0.8973	0.1383
107984837	1.1393	0.1284
4150	0.0453	0.9539
112268170	0.1726	0.8743
112476	-2.6942	0.2215
79447	-0.2334	0.7020
9961	-0.1610	0.8732
10423	0.2045	0.2400
440356	2.3393	0.3166
26470	-0.5216	0.7197
253982	-0.3673	0.5698
253980	-1.0797	0.0543
107984836	-0.8769	0.2995
124446	0.0627	0.9453
9344	-0.9979	0.2066
8479	0.0231	0.8980
283899	-1.1038	0.1798
8448	-1.4242	0.1014
146378	0.0000	nan
83723	-15.1404	0.0658
112694756	-0.0551	0.9478
226	-0.0585	0.9449
5531	0.3948	0.6084
6911	-0.0231	0.9854
83719	-2.0114	0.0184
101928595	-1.6473	0.0088
79153	-1.6034	0.0996
5595	-0.1141	0.8365
107984834	1.4971	0.4690
11151	0.6900	0.3655
654483	1.1713	0.4245
548593	-0.6936	0.3536
100526830	-0.6438	0.3743
6818	-1.6045	0.1509
613038	0.7121	0.1712
101929894	-1.2954	0.1512
613037	-1.0773	0.1589
595101	-0.2590	0.7359
10421	-0.7093	0.3327
101928707	-1.3078	0.1738
26000	-0.7614	0.2780
29895	-16.3016	0.3586
1731	-2.7133	0.0158
197407	-0.3530	0.6991
51333	0.0395	0.9353
109616959	0.0000	nan
79077	0.1623	0.6323
22928	-0.6218	0.0439
3683	1.6210	0.4329
100616405	21.6610	0.2722
79724	-0.1091	0.8987
65988	-0.6604	0.1408
107984875	-0.5065	0.1380
92595	-0.2939	0.2162
146542	-0.2387	0.7874
146540	-1.1551	0.0188
115509	-0.4211	0.1930
78994	-1.1818	0.0768
64319	-2.3573	0.0421
730183	-3.9176	0.1009
10847	-1.5515	0.1138
677813	-0.4596	0.7223
100862671	-1.7189	0.0625
5261	-0.7966	0.1214
90835	-0.7812	0.0129
9810	-0.1580	0.8321
23361	-0.9178	0.0836
9274	0.1201	0.8733
100616231	-20.7181	0.0709
101928736	0.7063	0.5807
100313837	0.5125	0.6150
1489	-0.2034	0.5833
283932	-1.6806	0.0920
54620	-1.7158	0.0743
93129	-0.4832	0.5634
9739	-2.0813	0.0664
80270	-0.3889	0.7184
112755	-1.3436	0.1082
6810	-0.3775	0.2380
101928762	-2.5800	0.0228
79759	-1.1351	0.3155
9726	-1.6248	0.0494
339105	-2.9833	0.0015
79001	-0.5499	0.1151
10295	0.0972	0.8602
84148	-0.6713	0.3452
5652	-12.9969	0.4950
146547	0.7247	0.5635
2521	-0.7519	0.3536
29108	1.0618	0.2282
100652740	0.5310	0.4232
493829	3.7326	0.1982
260434	0.0000	nan
3684	-14.2326	0.3886
3687	13.5303	0.2722
3681	4.4415	0.2918
1339	0.0000	nan
283933	-0.8523	0.3859
79798	-0.9451	0.2176
7041	-0.7095	0.2087
6524	-0.7534	0.0530
64755	-0.0050	0.9945
51327	-16.6419	0.3066
105371173	0.0000	nan
102724018	-0.1070	0.9506
440359	-1.1064	0.1118
100132341	-1.3896	0.0776
124411	-1.1580	0.0052
107983990	-1.7018	0.3074
317702	0.0000	nan
10308	0.0119	0.9790
105371174	0.0000	nan
102725101	0.0000	nan
100289574	-0.5794	0.6316
105379466	0.0000	nan
729264	13.4122	0.2722
100507221	16.2307	0.2722
390705	0.0000	nan
105371191	0.0000	nan
102724062	15.0794	0.2722
107984013	0.0000	nan
24150	0.0000	nan
105371177	0.0000	nan
386757	-2.4066	0.1336
388255	0.0000	nan
653550	13.7170	0.2722
102724101	13.7170	0.2722
105369266	13.2017	0.2722
729355	0.0000	nan
105379473	0.0000	nan
102724127	13.1294	0.2722
105379474	0.0000	nan
101929031	0.0000	nan
107984855	0.0000	nan
107984083	0.0000	nan
102724207	0.0000	nan
104644205	13.4049	0.2722
390714	0.0000	nan
105369183	0.0000	nan
113218496	0.0000	nan
102724485	15.6635	0.2722
105379475	0.0000	nan
107987236	0.0000	nan
107987235	0.0000	nan
102724523	0.0000	nan
100505948	0.0000	nan
162137	0.0000	nan
107984902	0.0000	nan
105371195	0.0000	nan
102724928	15.1570	0.2722
105371197	0.0000	nan
606551	0.0785	0.9416
112268173	0.0000	nan
105371200	0.0000	nan
105371199	0.0000	nan
105371198	0.0000	nan
283914	0.0000	nan
105371201	0.0000	nan
105371203	0.0000	nan
146481	0.0000	nan
100130700	0.0000	nan
105371204	0.0000	nan
400533	0.0000	nan
124149	0.1506	0.9427
79801	3.5879	0.2417
55737	0.3455	0.5080
23594	2.4499	0.2436
91807	-1.1886	0.1872
388272	0.1192	0.7898
84706	-0.8447	0.4652
109623466	-18.0852	0.4950
10294	-0.0871	0.4810
81831	1.2775	0.3513
101927102	0.1110	0.7855
81533	-0.6901	0.3620
101927080	4.9349	0.0271
5257	-0.3596	0.4672
105371236	-13.1208	0.2192
100507534	-13.5036	0.4950
101927132	2.7921	0.3384
105371237	0.0000	nan
105371238	0.0000	nan
94160	-11.5051	0.4950
85320	-0.5149	0.5147
83752	-0.4790	0.2244
6477	-0.2189	0.6470
112268166	-0.7757	0.1402
9683	-0.6005	0.0802
105371240	-1.3602	0.0475
105371241	12.9642	0.2722
102724847	0.0000	nan
869	-12.5866	0.4950
102724859	0.0000	nan
105371243	16.6558	0.2722
123970	0.0000	nan
105371244	0.0000	nan
105371245	0.0000	nan
101927228	0.0000	nan
23090	-0.9115	0.5727
1596	15.3523	0.2722
255919	-0.5934	0.2083
55027	-0.0604	0.9188
64282	0.2890	0.7876
113	-1.9307	0.0109
102465462	0.0000	nan
29117	-0.3470	0.2506
105371248	0.0000	nan
85407	-14.1166	0.1359
124460	0.0000	nan
101927272	0.0000	nan
64127	-0.8321	0.5611
102724907	-1.2223	0.2940
1540	-0.7362	0.3786
100422972	-19.0220	0.4950
105371251	-14.1937	0.0524
105371252	0.0000	nan
112267895	0.0000	nan
102724940	0.0000	nan
101927334	0.0000	nan
107984903	0.0000	nan
107984887	0.0000	nan
105371253	0.0000	nan
6299	-0.4502	0.5669
107984886	-3.3641	0.0446
105371256	-17.3198	0.0159
102723323	-12.4565	0.2192
107984892	0.0000	nan
105371257	0.0000	nan
101927364	0.0000	nan
105371259	0.0000	nan
388276	0.0000	nan
100505619	0.0000	nan
102467079	0.0000	nan
105371261	0.0000	nan
283854	0.0000	nan
107983961	0.0000	nan
107984901	0.0000	nan
105371262	0.0000	nan
27324	0.0000	nan
643714	0.0000	nan
105371265	0.0000	nan
105371264	0.0000	nan
105371267	-1.1800	0.2299
80205	-0.6391	0.5061
643802	13.4539	0.2722
102723373	0.0000	nan
5934	-1.4359	0.0162
64400	-0.6482	0.1493
105371268	17.4240	0.2722
105371269	15.4425	0.2722
23322	0.0307	0.9713
79068	0.6371	0.4118
100505692	1.5885	0.0952
105371271	-1.0565	0.2509
100996338	-14.3302	0.4950
79191	-0.8558	0.1661
100996345	-12.9503	0.4950
105371272	-16.3367	0.0524
105371273	17.0696	0.0032
105371274	-14.8243	0.4950
101927480	0.0000	nan
105371275	-0.4076	0.6803
105371276	-18.7876	0.1890
643911	-0.6886	0.3796
10265	-1.3033	0.1128
105371277	-0.9206	0.2172
105371278	0.0000	nan
79190	-5.5347	0.1941
105371279	-17.8484	0.3065
107984884	-14.2604	0.4950
4313	-0.5160	0.2423
54947	0.0261	0.9834
84290	-18.3259	0.1994
6530	-12.2832	0.4950
105371280	0.0000	nan
390732	0.0000	nan
51716	0.3192	0.8317
1066	0.1349	0.9233
221223	-13.5624	0.4950
107984815	0.0000	nan
105371281	1.7111	0.4705
283856	0.0000	nan
102725116	0.0000	nan
2775	-0.4176	0.5705
26077	0.0000	nan
100500891	0.0000	nan
267	-0.2615	0.6948
11051	-0.4057	0.4950
55239	0.6177	0.4573
583	-0.9790	0.0117
105371283	0.0000	nan
84560	0.0000	nan
4504	-15.1753	0.4950
4502	1.1357	0.3949
4500	1.8833	0.1668
4493	2.7261	0.2173
4499	3.4289	0.2567
4498	3.3077	0.0461
4489	0.8642	0.6064
326343	-0.4545	0.8003
4490	0.0000	nan
4494	7.0750	0.2717
101927536	16.8018	0.2722
4495	5.2394	0.1991
4496	0.0000	nan
644314	0.0000	nan
4501	3.5774	0.2819
105371286	0.2567	0.8498
105371287	18.4417	0.0000
9688	0.4885	0.0361
406930	0.0000	nan
6559	0.0000	nan
102466752	0.0000	nan
9709	-0.5425	0.4044
1071	-3.8737	0.0592
84166	-1.8181	0.0296
221184	-0.3774	0.4786
105371289	-16.9959	0.1082
80011	0.3685	0.3719
89970	-0.0866	0.8944
23568	0.2260	0.7169
51090	-15.7810	0.0502
100189130	0.0000	nan
100189089	0.0000	nan
6367	0.0000	nan
6376	0.0000	nan
6361	0.0000	nan
57019	-0.7078	0.1338
57017	0.2041	0.8170
5432	-0.1776	0.7192
55715	-1.6805	0.0291
92922	-0.1510	0.8814
221188	-11.6227	0.4950
105371291	0.0000	nan
107984889	3.8128	0.3041
9289	-0.6229	0.4367
222487	-0.5973	0.2877
84229	-0.9832	0.7377
107984852	-1.9679	0.3751
10300	-0.4644	0.4828
3801	-1.3417	0.1065
102465463	-22.3581	0.0056
388282	0.0000	nan
1258	-12.1254	0.2192
374739	-12.2530	0.4950
57567	-1.7860	0.0057
79650	0.3160	0.7201
4324	-0.1521	0.8866
29105	-0.3626	0.3317
101927556	0.1646	0.6474
1459	-0.2240	0.6353
29070	-0.3057	0.6054
105371293	0.0000	nan
221191	-1.3222	0.2116
64785	1.0045	0.0203
105371295	1.7109	0.4705
65009	-0.3491	0.7670
79918	-0.0617	0.6369
23019	-0.0642	0.8694
677827	0.0000	nan
677830	-20.4322	0.1581
55238	0.1087	0.7488
2806	0.4567	0.4756
107984867	0.6633	0.6680
105371296	0.0000	nan
107984824	0.0000	nan
105371298	0.0000	nan
644649	-0.7261	0.6698
101927580	-12.5276	0.4950
105371300	0.0000	nan
105371299	0.0000	nan
729159	0.0000	nan
101927605	15.6368	0.2722
107984812	0.0000	nan
105371301	0.0000	nan
105371302	0.0000	nan
1006	-1.5303	0.1082
105371306	0.0000	nan
102723560	0.0000	nan
105371307	-14.7877	0.2542
105371308	-17.2515	0.2220
101927629	14.4426	0.2722
105371309	0.0000	nan
105371310	-19.3850	0.2423
105371311	2.3768	0.3653
107984894	-19.1693	0.2875
107984822	-17.9331	0.4950
105371313	0.0000	nan
1009	-1.0828	0.0665
105371314	-2.0728	0.3143
101927650	0.2445	0.8871
283867	-17.1794	0.0905
107984823	0.0000	nan
105371316	-16.4372	0.4950
105371317	-19.2233	0.0006
105371318	0.0000	nan
1003	-14.4643	0.3862
100505865	-0.6269	0.8147
146227	0.4587	0.7459
101927726	-18.3420	0.0109
7084	-0.7777	0.1028
51192	-0.0591	0.8070
100529251	-0.1230	0.2589
113540	-1.0956	0.2128
146225	-17.1016	0.3552
146223	-2.0859	0.1587
123920	-1.7219	0.0095
112268168	3.5234	0.3125
1783	-0.8203	0.1777
106699570	-1.8184	0.1906
283847	1.1078	0.2906
8883	-0.4511	0.4781
766	2.0048	0.4027
57546	-0.4736	0.5310
107984821	-1.4621	0.4880
1014	0.0000	nan
6236	-0.8648	0.4520
51647	-0.0371	0.9685
8824	-0.3088	0.6528
107984881	0.0000	nan
23491	-2.2204	0.2241
283848	-1.6104	0.1114
865	0.2972	0.7619
80262	-0.2564	0.3577
84752	0.1507	0.6614
8717	-0.7830	0.2217
55336	-1.0524	0.1256
3299	-3.0582	0.1124
8996	-1.5044	0.0331
653319	0.3059	0.7613
283849	-0.8753	0.0049
1874	-0.5112	0.4862
79767	-0.9729	0.0432
442901	-17.6462	0.4950
26231	-0.0421	0.9419
29100	-0.2006	0.7094
29109	-1.6557	0.0092
6553	-2.1314	0.0221
25894	-2.5389	0.0362
146212	-0.2580	0.8344
55282	-15.8006	0.0945
51673	-3.5287	0.0459
29800	-2.1113	0.1074
3291	2.1695	0.3866
9114	0.0849	0.7074
101927837	-1.5575	0.0179
181	-17.6055	0.0658
100505942	-1.9261	0.0350
79567	-0.7123	0.3468
107984813	-18.8952	0.0336
10664	-0.2428	0.2461
146206	1.8921	0.0473
65057	0.6039	0.4045
50855	-0.1294	0.9085
84080	-0.2767	0.7796
388284	-0.2945	0.7615
81577	-0.7984	0.0639
57610	-1.1211	0.0172
55815	-1.5904	0.0364
80152	-0.5284	0.2518
57215	-0.4134	0.5639
10204	0.9384	0.1056
23644	-0.7225	0.1190
123904	-18.4435	0.0043
5681	-1.7365	0.0219
1506	-1.4590	0.0007
5699	0.5631	0.6512
3931	-2.0315	0.0453
6560	-1.4883	0.0375
64180	-14.9625	0.3066
64174	0.0000	nan
100131303	1.9734	0.4277
55794	-0.7770	0.1519
54920	0.1376	0.8141
4775	-0.1429	0.3613
80004	0.5095	0.0210
102466194	0.0000	nan
23659	-1.8710	0.3476
9057	-1.2066	0.1117
84138	-0.8811	0.1140
54496	-0.4899	0.5481
55512	-4.4476	0.3640
105371321	17.7083	0.2722
146198	-0.9928	0.0972
1001	-14.8278	0.3066
999	-1.5806	0.2216
79613	-0.8240	0.0030
3038	0.0026	0.9958
113455421	-1.2638	0.0048
54921	-1.2641	0.0048
84916	0.1041	0.7718
6645	-1.3319	0.2184
27183	-0.8256	0.1677
64146	-0.9572	0.0461
84342	-0.1649	0.5443
51388	0.3026	0.6052
146456	0.4168	0.2631
7014	-0.1988	0.6719
80777	0.0918	0.8006
105371325	0.0000	nan
100302119	0.0000	nan
10725	-0.7948	0.4943
109617018	-0.2631	0.8840
1728	-0.4716	0.4486
28987	-0.1583	0.8141
11060	-0.3831	0.4451
406932	-19.0395	0.3065
348174	-0.8775	0.2578
283970	-1.3812	0.1385
100422922	-18.9450	0.4950
55066	-0.2869	0.7055
400541	0.1906	0.8762
283971	-1.2320	0.2986
105371328	1.1348	0.5193
100506060	-1.8890	0.2663
107984138	-0.8790	0.3081
118460	0.8013	0.3399
16	-0.1106	0.8642
11269	0.4138	0.4116
100506083	0.8224	0.4586
55308	-0.2768	0.3801
6483	-0.3827	0.1282
197258	-0.6203	0.4116
25839	-0.1680	0.4590
23450	0.5583	0.0554
100113402	20.3778	0.2722
692214	20.0319	0.2722
146433	3.1562	0.2969
92154	-2.3578	0.0090
55697	0.2099	0.6662
100130894	-0.1596	0.6514
7198	19.4364	0.2722
100188985	0.0000	nan
100189220	0.0000	nan
100189163	3.7810	0.3050
54768	-1.3548	0.5184
55783	-0.8300	0.1342
102723786	-3.7716	0.0050
102725168	16.6725	0.2722
794	-0.9733	0.5633
105371332	0.0000	nan
105371333	0.0000	nan
100189135	0.0000	nan
102723796	0.0000	nan
7571	-0.8242	0.0298
7567	-0.4102	0.5358
105371335	0.0000	nan
10164	-15.7759	0.4202
100132529	-16.9146	0.0710
6898	0.3126	0.8577
105371334	0.0000	nan
91862	-2.3367	0.1390
23035	-0.8392	0.3593
100379141	0.0000	nan
164	0.0758	0.9346
692111	-20.0465	0.3862
342371	-1.1306	0.0663
55565	-0.7348	0.2092
9798	-0.6362	0.1263
342372	-1.6797	0.2076
1723	-0.4581	0.0956
54957	0.8420	0.3472
3240	-14.2562	0.4950
3250	0.0000	nan
9785	-0.7666	0.1817
83449	0.5460	0.5948
105371341	1.0164	0.6419
101927957	-0.4713	0.4848
107984814	-0.0647	0.9553
101927978	-1.8974	0.0546
463	-0.5253	0.6169
283902	0.0000	nan
100506172	0.0000	nan
100189125	0.0000	nan
102723876	0.0000	nan
105371342	0.0000	nan
107984856	0.0000	nan
101928035	0.0000	nan
5713	0.7214	0.0368
283922	-1.2793	0.1354
440348	-0.5314	0.7367
105376772	0.6003	0.6803
497190	0.4412	0.7485
107984827	1.7108	0.4705
2734	-0.2839	0.2759
55159	0.5716	0.5464
197259	0.2915	0.4849
79152	0.0000	nan
105371343	-15.0262	0.4950
79726	-1.4555	0.0076
84937	-0.7675	0.2151
197257	-0.8983	0.3759
162239	-0.4253	0.3611
440387	-15.9282	0.3032
1504	-15.9282	0.3032
100506281	1.7369	0.4396
9564	-1.6615	0.0410
105371344	-20.1012	0.0538
105371345	-15.9333	0.1062
10428	0.0527	0.8562
124491	-0.8596	0.2183
4166	0.2508	0.8415
23563	-0.4511	0.3922
79583	-0.8242	0.0690
11345	-1.3318	0.0077
23536	-0.3390	0.5430
3735	0.7347	0.3828
54386	-0.2175	0.6195
100033411	-16.9204	0.1082
105371346	0.0000	nan
105371348	-5.2864	0.0767
105371347	16.9798	0.2722
105371349	0.0000	nan
85445	0.0000	nan
101928203	0.0000	nan
105376774	0.0000	nan
100616172	0.0000	nan
22879	-0.6740	0.2079
100130958	-0.6789	0.2170
170692	1.9728	0.4277
105376775	0.0000	nan
105371350	0.0000	nan
283927	-1.0875	0.0796
107984878	0.4170	0.8210
57687	3.6817	0.2138
105371351	0.0000	nan
10143	0.0000	nan
107984897	0.0000	nan
51741	-2.4245	0.0023
102724047	-12.7322	0.4950
105371354	-14.8428	0.2277
112268165	0.0000	nan
107984806	-14.8860	0.4950
4094	-3.2161	0.1247
101928230	-2.1949	0.1385
105371356	1.6014	0.4917
102467146	-17.1612	0.2448
101928248	-17.4391	0.2821
105371357	-14.9385	0.1083
105371358	-12.5381	0.4950
102724084	-17.0412	0.2418
83657	-1.2508	0.2210
105371360	-14.5296	0.4950
101928276	17.0628	0.2722
124359	-1.0390	0.2048
100996425	0.2776	0.7595
56942	1.0656	0.3894
55839	1.6248	0.2563
107984858	0.9005	0.0384
23300	-0.0691	0.6923
123775	-0.3907	0.2931
105371361	-16.9553	0.3886
2653	0.6627	0.3715
114780	-0.9414	0.6361
53630	-14.9401	0.2219
8139	-0.1579	0.7836
100616150	-1.1328	0.3380
80790	-1.0092	0.2705
102465840	21.2063	0.2722
102465251	0.0000	nan
105371362	0.1194	0.9506
100129617	-1.5748	0.3995
5336	2.5655	0.0087
93517	1.4421	0.2090
112268169	-14.0187	0.4950
3294	17.2600	0.2722
105371363	0.0000	nan
10200	0.6474	0.3135
101928392	0.0000	nan
1012	-1.8660	0.0885
102465863	2.8853	0.0043
101928446	0.1378	0.9339
101928417	0.0000	nan
105371368	2.1252	0.3811
100422853	0.0000	nan
105371366	-1.9040	0.3695
102724163	-0.2389	0.8865
3281	0.5969	0.3954
23417	-0.8363	0.0641
105371372	-19.2111	0.0130
105371371	-1.5334	0.2505
29948	-1.3742	0.1036
54550	-16.8451	0.0777
146167	-12.9910	0.4950
8720	-1.2322	0.0090
83693	-0.7757	0.0552
123872	-1.6253	0.0015
9013	-2.5315	0.0004
161931	0.0000	nan
654780	0.0000	nan
93107	0.0000	nan
58189	-1.0597	0.5738
9914	0.1252	0.8057
105371374	-0.7933	0.5314
57707	-0.1987	0.7521
23406	0.7468	0.1293
105371376	-1.8131	0.1864
79786	-1.4761	0.0008
9100	0.1023	0.3065
105371378	2.2396	0.3771
83716	-0.7107	0.3555
101928474	-0.6007	0.7390
105371379	-14.5675	0.4950
55625	-1.3591	0.1161
9764	-1.6020	0.1100
105371380	-2.2875	0.0861
339145	-0.1191	0.9323
105371381	-1.7832	0.2520
400548	-1.7704	0.1120
105371382	-3.7097	0.0309
23199	-1.0592	0.0807
113219463	-19.8230	0.3885
197196	-1.1616	0.5827
107984830	-1.6939	0.0949
100847022	-17.1962	0.4950
101928502	-16.8890	0.3065
51659	3.8635	0.0968
404550	0.7664	0.5984
100302261	0.0000	nan
10328	-0.0466	0.8084
101928557	-17.9036	0.0709
1327	0.9251	0.3187
3394	0.0000	nan
102466732	0.0000	nan
107984811	0.0000	nan
105371388	0.0000	nan
105371389	0.0000	nan
105376778	3.7107	0.3069
100506542	0.0000	nan
101928582	0.0000	nan
101154687	0.0000	nan
146513	0.0000	nan
732275	0.0000	nan
400550	4.3695	0.2364
2294	1.9670	0.2013
64779	-1.3896	0.0256
146512	-12.8888	0.4950
103752587	-2.5433	0.4291
2303	-0.3564	0.8253
2300	0.2822	0.7033
101928614	0.0000	nan
102724344	0.0000	nan
105371392	-13.8528	0.4950
107984819	-15.1714	0.4950
105371393	-13.6740	0.3886
440390	0.0000	nan
105371394	0.0000	nan
101928708	0.0000	nan
101928682	3.8482	0.3033
100506581	-0.4191	0.2813
101928659	-2.0696	0.1029
79791	-1.0564	0.1140
100189226	-21.8072	0.0505
81631	-0.3408	0.4589
23174	-0.1784	0.7979
101928737	-17.9277	0.3426
57338	-0.8620	0.6356
54758	-0.9007	0.0615
100129215	-0.0225	0.9851
105371399	-19.6325	0.0926
102724467	-0.2420	0.8591
8140	-1.5357	0.1125
102465464	-21.0817	0.3642
113218509	-17.7667	0.4950
107987237	-17.7882	0.1078
763	-0.3743	0.7133
54971	-1.0205	0.1689
105369246	-16.1381	0.0147
400553	17.8927	0.2722
105371401	-0.7759	0.2591
101928880	-18.7126	0.3051
107984862	-4.1772	0.1000
84627	-2.2683	0.0990
112268182	-1.5269	0.1029
161882	-2.4902	0.0057
100847057	0.0000	nan
107984890	-19.5100	0.1152
100128882	-20.8261	0.0788
107984905	0.0000	nan
400555	-19.0599	0.0726
124245	-1.7354	0.0162
27189	0.0000	nan
1535	0.8202	0.5706
4597	-1.2257	0.0959
197187	-0.3481	0.4575
333929	-1.8361	0.0711
115992	-0.7846	0.1488
348180	-0.6952	0.3632
9780	-1.5002	0.1839
100616167	-1.2395	0.2979
100289580	-3.9091	0.0887
339059	-17.1419	0.3086
107984842	-18.0367	0.0115
81620	1.8879	0.0126
353	-0.5491	0.3630
2588	-2.1230	0.0038
107987238	-1.0613	0.0352
107983950	-19.0629	0.0455
51693	-0.2708	0.7327
390748	0.7092	0.5045
863	-13.6829	0.2372
101927793	0.0000	nan
102724632	0.0000	nan
105371409	0.0000	nan
107984871	0.0000	nan
100129697	0.0000	nan
105371411	0.0000	nan
105371412	0.0000	nan
197322	-0.4633	0.4751
283860	-4.9183	0.1177
400558	1.7110	0.4705
1013	-16.1437	0.1235
146429	-13.6051	0.2754
197320	-0.5289	0.3411
105371413	-2.7159	0.1928
29123	-1.3100	0.0590
105371414	-1.8158	0.0461
100287036	-1.8502	0.4485
101927817	-16.3894	0.0268
101930112	-2.1234	0.1473
101927863	-1.7757	0.0135
6687	-1.0202	0.0641
6137	0.1642	0.8949
606500	-4.5557	0.0820
27132	1.1796	0.1630
1800	-2.1075	0.4207
5119	-0.4040	0.5812
124045	-1.0912	0.1223
105371416	-1.3654	0.1163
8558	-1.5245	0.0277
124044	-0.5523	0.5802
9605	-1.6924	0.0438
100128881	-2.2950	0.0172
92822	-1.4590	0.0138
2175	0.4978	0.1462
84501	-1.7888	0.0355
107984817	-17.1316	0.1923
105371419	-2.8504	0.0201
112268179	-1.1259	0.1537
22980	0.3058	0.7382
4157	-0.9206	0.1622
10381	1.0699	0.2343
54849	-0.1521	0.7679
109623464	-21.5675	0.1276
92806	-0.2296	0.4363
172	-1.0711	0.1314
79007	-3.3830	0.4117
2622	-1.7857	0.0189
750	-1.4995	0.1647
100130015	-1.4158	0.0042
11105	0.0000	nan
105376786	14.1066	0.2722
100996541	1.9380	0.4329
105376781	-0.5923	0.5215
101927999	-1.0569	0.4581
105371423	-0.9075	0.1726
107987240	1.5989	0.4558
102723655	13.1613	0.2722
102723930	0.0000	nan
105379545	0.0000	nan
107987382	0.0000	nan
105379535	0.0000	nan
105379533	16.4112	0.2722
102723713	14.1273	0.2722
105379537	0.0000	nan
112268315	0.0000	nan
102723753	0.4170	0.6905
107987384	0.0000	nan
653562	-0.4919	0.5820
105379539	0.0000	nan
105379540	0.0000	nan
112268316	0.0000	nan
102724014	0.0000	nan
102723841	0.0000	nan
105379544	0.0000	nan
102723869	-14.5488	0.4950
102724052	0.0000	nan
105379547	0.0000	nan
107987386	0.0000	nan
102723890	0.0000	nan
105377826	-1.0307	0.2701
101929823	-0.4504	0.4463
101929828	-0.0757	0.9554
653486	0.0000	nan
8447	-11.9661	0.4950
100506371	0.0000	nan
9501	0.3173	0.2161
100506388	-17.5099	0.2950
105371425	-13.4836	0.4950
105371430	-3.2848	0.0027
400566	-1.0851	0.0219
359845	0.6195	0.1824
55275	-0.0821	0.9043
79850	0.3576	0.3276
50628	-0.7878	0.0617
100131454	0.6859	0.2212
51031	0.1202	0.4644
55178	-0.0408	0.9393
64359	-0.6325	0.3777
101927727	1.3877	0.2387
29928	-0.1934	0.5266
29	-0.8985	0.0103
112268190	-0.1679	0.7699
105371481	-2.4556	0.0663
100422835	0.0000	nan
105379599	-15.3507	0.1083
105371480	-2.4478	0.0036
105371479	0.0000	nan
107984980	-15.2549	0.4950
727857	0.0000	nan
286753	0.0000	nan
7531	0.5360	0.5462
1398	-0.2708	0.0949
4641	-0.3921	0.3350
105371483	-0.7409	0.3835
51763	-0.6190	0.4161
100306951	-0.8776	0.2056
5306	-0.7175	0.0431
124935	0.7899	0.5395
8578	-5.4890	0.0313
83547	0.0267	0.9726
10594	-0.1427	0.7320
727910	-1.6666	0.0768
84981	-1.5566	0.0682
407004	-0.9381	0.3527
124997	-1.4430	0.0500
5345	-16.9147	0.1953
5176	-1.9046	0.1416
114826	-0.9088	0.1654
6117	-0.5473	0.2242
146760	3.1907	0.0049
105371486	18.4046	0.2722
105371485	0.0000	nan
1801	0.0878	0.9194
124641	0.4417	0.6638
406921	-17.1817	0.4950
406994	0.0000	nan
3090	-0.6212	0.3130
23293	-1.1812	0.0228
107984988	-2.4154	0.0103
101927839	-14.3995	0.4950
63826	0.0635	0.8211
55720	-0.0672	0.6474
692208	-19.0108	0.2692
692207	-19.1701	0.3033
9905	-1.8290	0.0119
101927864	-2.2536	0.0040
4335	-2.1617	0.0009
284009	-1.9014	0.1529
79066	-0.2867	0.5549
5048	-0.2456	0.7285
105371490	0.2895	0.6622
23277	-0.5618	0.2021
102465465	-17.9575	0.4950
105371592	0.1510	0.7186
101928991	0.3741	0.8660
100302208	0.0000	nan
23108	-1.9759	0.3231
101927911	-2.7097	0.3045
8386	0.0000	nan
4991	0.0000	nan
8389	0.0000	nan
8390	0.0000	nan
100288728	0.0000	nan
26189	0.0000	nan
8383	16.3675	0.2722
653166	0.0000	nan
4995	3.4724	0.2179
4994	-0.0252	0.9914
390756	0.0000	nan
8387	0.9736	0.6553
8392	-14.5760	0.4950
8388	-15.5357	0.4950
84690	1.2149	0.4780
443	-3.2548	0.0584
162514	-2.2292	0.0112
7442	-1.6658	0.0357
23729	-0.0769	0.7979
1497	-0.6016	0.2937
105371493	-1.9496	0.0799
105371492	-1.9773	0.0212
100533970	-0.9285	0.1604
30851	-0.8911	0.2020
83460	-1.6573	0.0019
5026	0.1434	0.9267
3682	-1.2981	0.0590
83903	2.0492	0.2085
55421	-0.3807	0.4500
84254	-1.6286	0.0389
5023	15.2063	0.2722
489	-2.0442	0.1851
105371496	0.0000	nan
23140	-1.1237	0.0423
124936	-1.1768	0.1033
51479	-0.4460	0.4521
7326	0.5005	0.6408
201305	2.8479	0.3431
107985053	15.0484	0.2722
124976	-0.0190	0.9221
10514	-0.4343	0.4777
124975	15.6759	0.2722
342527	0.0000	nan
400568	0.0000	nan
105371498	0.0000	nan
246	0.0000	nan
105371499	0.0000	nan
27043	-1.1476	0.0841
101559451	-1.2899	0.4401
409	-1.0056	0.0810
400569	-0.0374	0.9055
58191	0.4513	0.6370
84225	2.0481	0.3879
9032	0.0000	nan
284013	-0.8410	0.4589
388323	-20.0839	0.0213
5694	0.4241	0.1867
5338	-0.8812	0.1339
50488	-1.8785	0.0816
1145	0.2933	0.7684
100130311	0.1144	0.9194
2811	-2.2755	0.1591
8402	-0.1206	0.7468
26001	-1.1825	0.0271
5216	1.2111	0.0102
2027	-1.8094	0.0646
9552	-0.8702	0.2084
23125	-1.8026	0.0134
102465521	-20.1934	0.2219
102465522	1.4355	0.5029
101927979	-0.6336	0.1741
388324	-0.8279	0.0838
10749	-1.1089	0.2492
102724009	-1.0563	0.2581
105371502	-0.1119	0.8926
105371501	-17.9931	0.0078
55065	0.6990	0.6078
124961	-1.1798	0.0891
7775	-0.2749	0.6063
101928000	-1.9459	0.1510
9098	-1.0553	0.0850
84622	-1.0361	0.0802
100130950	-1.7093	0.0303
388325	-2.4890	0.0050
9135	-0.5756	0.2235
105371505	-0.9817	0.2916
4927	0.2912	0.1012
84268	0.2659	0.5420
708	0.9505	0.0058
56919	-0.3925	0.5810
105371506	-16.2213	0.2192
51009	-0.6033	0.0875
79003	-0.4870	0.4752
728392	-0.8204	0.0679
22861	-1.3927	0.0012
105371507	-0.8622	0.6355
339166	0.0000	nan
23302	-2.0203	0.3428
105371508	0.0000	nan
105371509	0.0000	nan
23746	0.0000	nan
107985017	2.6124	0.0998
54478	2.7816	0.0448
83394	0.6247	0.0622
9851	-0.8630	0.0229
84817	-0.0465	0.8423
51003	-0.4498	0.1387
388327	-0.9588	0.2224
100616401	0.0000	nan
100616466	0.0000	nan
100652883	-16.6457	0.2276
284111	0.0000	nan
54739	0.0709	0.9076
162517	-2.8994	0.3184
83659	-12.1467	0.4950
245	-1.6469	0.2078
100506713	-1.9413	0.1533
239	-1.6227	0.0095
100529209	-0.3244	0.2932
440400	-0.6456	0.0677
124944	0.3682	0.6796
100506755	0.2540	0.7945
406971	-17.3971	0.4950
574456	-17.0677	0.4950
255877	-2.3300	0.0720
201232	-0.3330	0.4595
162515	-4.5828	0.1391
10462	16.5798	0.2722
433	14.1749	0.2722
105371512	0.0000	nan
432	-0.1160	0.9338
1742	-1.4681	0.0315
37	-0.0269	0.9610
442898	-2.4332	0.1479
1856	-1.6177	0.0274
79142	-0.4812	0.5338
11337	-0.1165	0.8637
23399	-0.3343	0.1877
23587	0.1470	0.8130
1366	0.5524	0.5179
6517	-14.7280	0.2754
51087	-14.1020	0.4950
1984	0.7791	0.2338
2874	0.5568	0.5173
84461	-2.6386	0.0043
9744	-1.2747	0.0790
147040	-1.3335	0.0679
339168	0.0000	nan
8711	-0.5788	0.0108
100529211	-1.2265	0.0204
57048	-1.2094	0.0226
254863	-1.2963	0.0793
57555	-2.4543	0.0690
374768	-13.8485	0.4950
201243	0.0000	nan
107983988	0.0000	nan
284114	-1.1831	0.3545
2256	-3.5150	0.1059
1140	-0.1556	0.1239
57659	-0.7750	0.1185
643664	-18.5671	0.2429
5430	-1.1716	0.1244
407977	-1.6442	0.0407
8742	-1.0424	0.0467
8741	-2.7974	0.0528
26168	-0.0349	0.9523
100533955	0.2890	0.6901
1973	0.3136	0.6729
652965	0.0473	0.9540
652966	-2.3650	0.0018
26781	0.0407	0.9559
968	0.3437	0.5227
100996842	-0.4607	0.4444
9526	-0.0565	0.9112
6665	-2.5427	0.3467
9513	-0.9524	0.2110
6462	-0.1420	0.8931
112483	-0.4836	0.4921
482	0.7071	0.6494
7157	0.2821	0.6628
55135	-0.4846	0.3851
1949	1.1895	0.3305
146754	-13.5565	0.0028
118432	-17.0885	0.2754
105371516	-16.8545	0.4950
23135	-2.5828	0.0167
107987244	-2.9963	0.0644
92162	-18.8382	0.3061
84316	0.4144	0.6317
124637	-0.5397	0.3316
1107	-1.4178	0.0912
677763	-19.4673	0.0709
284023	0.3801	0.6052
9196	-0.8306	0.1502
58485	-0.0801	0.5917
116840	-0.6507	0.1096
105371517	-0.4597	0.7222
3000	-13.3112	0.2276
247	3.0634	0.3232
242	0.0000	nan
107985075	-13.0697	0.4950
100422983	0.0000	nan
59344	0.8422	0.6041
7206	0.0000	nan
7228	-17.7052	0.4950
7208	0.0000	nan
84667	-15.8610	0.3066
7230	0.0000	nan
7196	0.0000	nan
105376799	0.0000	nan
100189037	0.0000	nan
100189438	0.0000	nan
5187	-2.0846	0.0350
102465532	-19.7604	0.1082
6844	-1.3014	0.0205
84314	0.3590	0.5520
727676	1.7082	0.0637
105371520	-19.5706	0.0063
100189112	0.0000	nan
100189331	0.0000	nan
100616406	0.0000	nan
100189187	0.0000	nan
100189387	19.6042	0.2722
54785	-1.5471	0.1363
9212	3.0093	0.0098
284029	-0.3024	0.5987
100189123	-0.2317	0.8600
100189206	0.0000	nan
100189383	0.5399	0.7240
100189124	-19.8761	0.1083
80169	-1.3244	0.0206
100189222	-0.4039	0.6960
100189184	-20.7550	0.0092
100189393	-2.1380	0.1393
5198	-0.2863	0.3292
399512	-0.4359	0.0938
29098	-0.4827	0.3592
22899	0.3541	0.8734
146852	-13.4393	0.4950
100128288	-0.5222	0.1340
124751	-1.5604	0.0561
6154	0.8155	0.5174
643904	0.6492	0.7394
81565	-0.5292	0.0486
4628	-0.6155	0.5103
107987245	-0.3963	0.5809
112268195	-1.2261	0.2679
102724262	-0.3453	0.7696
105371525	-14.5962	0.4950
105371526	0.0000	nan
146849	-15.4346	0.2192
105371529	0.0000	nan
388333	0.0000	nan
105371530	0.0000	nan
162387	0.0000	nan
146850	-15.3586	0.2241
107985071	0.0000	nan
107985063	-15.7101	0.3032
23533	-0.2391	0.8769
101928235	2.3532	0.3820
9423	-2.3385	0.1396
101928266	-16.9464	0.1453
105371532	-4.7866	0.0623
105371531	-1.8741	0.0326
9482	0.6601	0.5216
146845	-1.8782	0.2881
124739	-3.4683	0.1600
107985011	-14.9253	0.4950
201140	-19.3558	0.4847
644070	0.0000	nan
9340	-2.9102	0.2331
5957	-16.6956	0.1438
8522	-1.4190	0.0173
8735	-17.1182	0.0551
107985004	2.9732	0.3359
100128560	-2.8965	0.2563
4626	-2.3718	0.5112
4622	-1.6743	0.2574
4619	-5.6242	0.3190
4620	-2.7468	0.1811
4621	-3.0223	0.1468
6341	-1.0387	0.0015
56985	-0.6046	0.2796
388335	-0.7755	0.0001
100506898	-0.3178	0.7936
101101775	-1.0916	0.2182
100289255	-0.7489	0.5129
644139	-12.0849	0.4950
105371536	0.0000	nan
388336	14.7916	0.2722
1770	1.8568	0.4207
101928350	0.0000	nan
7566	-0.8687	0.0509
6416	-0.3589	0.5006
100126313	0.0000	nan
284034	-14.7782	0.4950
105371540	15.6495	0.2722
93649	-0.6814	0.6865
101928418	0.0000	nan
100128006	-13.3486	0.4950
9912	0.1050	0.8100
100616494	0.0000	nan
60528	-0.4977	0.3889
105371541	1.3889	0.5388
105371543	-1.6397	0.3715
9955	0.8845	0.1499
100302287	20.2883	0.2722
105371544	0.0000	nan
107985014	-0.7880	0.2578
100506974	-17.3921	0.0348
94158	-1.1900	0.3257
100874058	-1.0201	0.1567
1352	0.0905	0.8747
146822	-3.8428	0.2437
9953	0.2310	0.6101
84815	0.6473	0.5564
107985080	2.4420	0.3617
107984996	17.9098	0.2722
105371545	0.0000	nan
107984977	0.0000	nan
94150	0.0000	nan
101928475	0.0000	nan
94151	0.0000	nan
107984976	1.7112	0.4705
105371547	0.0000	nan
5376	-0.1222	0.7926
100616125	-19.5641	0.3033
64518	-0.6384	0.4319
100533496	-1.2182	0.0777
284040	-0.9612	0.1877
94145	-18.1589	0.0658
201158	-0.8600	0.1755
374286	-3.9597	0.0264
10626	-0.5473	0.3257
57335	-0.5914	0.1287
353149	-14.9984	0.3293
105371560	0.0000	nan
105371559	1.3710	0.4921
644694	0.0000	nan
4213	-0.9900	0.0540
101928567	0.0000	nan
105371557	0.0000	nan
136	-0.6972	0.3373
125150	0.2081	0.5820
54902	-0.6513	0.1446
9611	-0.0695	0.7884
109623477	21.6882	0.2722
9487	-0.7714	0.2462
100302124	0.0000	nan
201161	0.1023	0.7899
7314	0.1075	0.9143
51393	-0.5365	0.5233
125144	0.8011	0.5738
692087	0.7019	0.6487
26800	-0.4979	0.7408
692106	-0.7480	0.4948
388341	0.7756	0.5425
105371554	-1.0799	0.3305
57336	-0.6843	0.2476
57547	-1.5167	0.0075
9720	-3.3413	0.1987
162632	-3.6056	0.1853
100129396	-2.0950	0.1876
105371553	0.0000	nan
105371552	0.0000	nan
400578	0.0000	nan
105371551	0.0000	nan
147228	0.0000	nan
96597	0.0000	nan
23495	16.1084	0.2722
284191	3.2644	0.3220
105371562	0.0000	nan
23164	-1.4639	0.0546
201164	-0.8285	0.3425
201163	-0.9010	0.1231
8533	0.5320	0.2241
56953	-1.3819	0.1139
55090	-1.0626	0.0066
51655	0.0832	0.9446
10400	0.3683	0.4511
105371564	-18.0617	0.1243
10743	-2.2148	0.0165
100861516	-16.7242	0.4950
140771	-12.3666	0.4950
6720	-1.4392	0.1893
102465466	-20.0015	0.1083
693120	-17.2901	0.4950
146691	-2.0822	0.0554
83450	-1.1621	0.0558
107984989	-3.2061	0.1711
91647	0.4690	0.4976
79018	-0.4249	0.1597
1819	-0.4958	0.2777
105371566	-0.2170	0.7939
51168	-5.9494	0.0195
105371567	-17.5250	0.0501
54890	-0.6986	0.3696
3996	-0.8310	0.1373
2314	-0.4730	0.5092
125170	-1.1946	0.1864
7156	-0.1098	0.8017
140775	-0.8268	0.0195
6470	0.7076	0.3712
102466733	-17.6502	0.4950
645027	0.0000	nan
400579	1.2702	0.4896
339240	0.0000	nan
339241	0.0000	nan
105371570	0.0000	nan
729252	0.0000	nan
105371569	0.0000	nan
654346	-0.4492	0.8335
220594	-1.5115	0.1495
80039	-1.3295	0.2628
284047	-1.7772	0.1700
107985051	-16.9181	0.2192
254272	1.7108	0.4705
729288	-0.9170	0.0252
2310	-1.1708	0.0115
147166	-1.1769	0.3566
10517	-1.6075	0.1367
51030	-1.1531	0.1386
101929141	-2.3313	0.2684
5636	-1.0239	0.0058
125206	-0.3581	0.5823
644815	-0.7973	0.1099
10750	-16.5628	0.1581
112268188	-18.1837	0.3065
26851	-0.7568	0.6327
780852	-2.5985	0.3432
102724624	-1.2016	0.4974
780854	-2.5985	0.3432
400581	1.0201	0.3678
79999	-1.1031	0.3183
780851	-1.5461	0.4257
780853	-1.8027	0.4288
388436	-1.2109	0.0433
22905	-1.3909	0.0397
100874309	-2.1573	0.5108
100874018	-0.6997	0.6603
27077	-0.8741	0.0490
100302256	-20.7493	0.2192
105371573	-1.6820	0.2124
5598	-2.1650	0.0414
4239	-3.4202	0.0288
7732	-1.6638	0.2308
105371574	-17.8527	0.1333
107984995	-17.3658	0.0056
112268205	-14.9892	0.3065
100189203	0.0000	nan
55244	-3.0058	0.1859
677882	1.6527	0.4326
105371578	-3.6002	0.1148
224	-1.3885	0.0853
146802	-17.7978	0.0340
218	-4.5303	0.1338
9706	-1.3710	0.0044
100189277	0.0000	nan
11216	-1.1242	0.0198
92521	-0.5269	0.5586
100131943	0.0000	nan
105371579	-16.5147	0.2736
348254	-1.9187	0.1486
347716	-2.1407	0.1056
100996259	-0.5654	0.6234
339256	-13.7427	0.4950
284194	-15.1233	0.3293
644945	-12.9417	0.4950
100996294	-15.7086	0.0109
105371580	-15.4812	0.2229
256223	0.0000	nan
105371582	-0.6152	0.2582
105371583	0.0000	nan
100287072	-1.1202	0.4368
339184	-16.5779	0.1169
440416	-1.9659	0.2316
339260	-1.5334	0.2505
23326	-0.6030	0.1722
101060544	-3.5189	0.1388
25979	-0.2103	0.7693
8834	-0.4214	0.5278
107984969	-1.2108	0.0806
256302	-1.5615	0.1545
5606	-1.4364	0.0298
3768	-2.3984	0.2737
105371589	-13.9016	0.1243
339263	-1.0329	0.0195
101930665	14.9581	0.2722
100134444	-17.8632	0.2022
23666	-0.9053	0.2249
105371595	0.0000	nan
105371597	0.0000	nan
284123	0.0000	nan
105377824	0.0000	nan
107987246	0.0000	nan
105377822	0.0000	nan
284124	0.0000	nan
100462977	2.7981	0.0356
105371703	0.0000	nan
105371704	0.0000	nan
100616277	-18.7688	0.4950
26118	-0.8118	0.3386
105371705	16.3718	0.2722
440419	0.0000	nan
8844	-2.5851	0.0747
3965	2.9268	0.2670
4843	-14.0000	0.2277
201229	-0.4293	0.6434
105371708	0.0000	nan
105371709	-20.8649	0.0345
51701	-0.2563	0.7972
102724517	0.1501	0.9062
105371711	-17.3581	0.0524
105371710	-16.2901	0.4950
23615	-16.6128	0.4040
105371712	0.0000	nan
23614	0.0000	nan
101926984	-0.2518	0.8387
284085	-14.5192	0.2754
27346	0.7474	0.2397
90410	0.4612	0.4775
7126	-0.3265	0.4388
26073	0.1958	0.1045
147007	-0.4369	0.1110
100616388	-18.5179	0.2192
645832	-16.2741	0.2691
7448	-19.0454	0.0004
23098	-1.5521	0.0110
113235	-1.3736	0.0171
9058	0.0000	nan
8456	-12.6721	0.2192
9094	-0.9976	0.1295
94005	0.6820	0.2947
230	-0.7131	0.3841
10615	2.4772	0.1818
100506436	-0.8639	0.2815
124923	-0.7654	0.2654
9703	-0.7815	0.2214
6388	-0.7716	0.0415
6830	-0.6437	0.1937
147011	-2.0420	0.0841
83871	-0.1276	0.8695
6147	0.3170	0.8004
26808	-21.9286	0.0957
26773	-0.3042	0.7935
26809	0.4774	0.7450
26772	1.8309	0.0243
116238	-0.0762	0.8731
284086	-0.8271	0.1565
9618	-0.9235	0.2630
55731	-0.1647	0.7213
26284	-0.1514	0.3064
574411	0.0000	nan
100616273	0.0000	nan
406936	0.0000	nan
100616385	0.0000	nan
2319	-0.5991	0.2861
147015	-0.9476	0.4005
57649	-0.7936	0.1404
101927018	-2.4189	0.1043
105371716	-16.6630	0.1757
124925	-0.7928	0.6302
51268	-3.9786	0.3292
399687	-1.1455	0.2345
9220	-0.6566	0.2839
1411	0.9682	0.3764
57532	-0.9345	0.1951
100616122	-4.0207	0.3113
57551	0.3039	0.7982
116236	-1.0694	0.1264
90313	-0.2908	0.7491
28964	-0.7745	0.0328
124930	-1.2344	0.1804
84940	-1.7567	0.1108
85464	-0.2361	0.7614
107984990	-1.7464	0.1243
374786	-1.2108	0.5409
84081	0.0981	0.4315
494335	-20.7578	0.2530
100423003	-19.9474	0.2372
6532	1.1275	0.4519
105371720	0.0000	nan
642	-0.5386	0.4395
105371721	0.0000	nan
388364	0.0000	nan
1362	-1.0360	0.2273
9527	-0.5135	0.1321
26083	-12.9014	0.4950
101927093	0.7118	0.7434
107133515	-0.6643	0.0829
6459	-19.0046	0.0003
105371723	-3.0141	0.0695
440423	-0.4934	0.2738
51379	-0.4151	0.5700
79915	1.2403	0.4954
79736	-0.4910	0.2409
55803	-19.0542	0.1522
84282	-0.6666	0.3395
503645	-2.4465	0.0156
107984974	0.0642	0.9269
646030	0.3434	0.8042
105371722	-0.4807	0.7652
100616266	0.0000	nan
4763	-0.6181	0.4539
101927057	-3.6551	0.0563
4974	-0.9847	0.2966
2124	-1.1740	0.3000
2123	0.4049	0.5960
84440	-1.0072	0.0740
105371725	-13.5888	0.4950
100616248	1.7461	0.4642
100189245	0.0000	nan
406968	-2.5008	0.1772
100616449	-17.3483	0.4950
100126356	-17.0806	0.4950
55352	-0.2831	0.7268
55813	-0.1128	0.3328
23512	-0.5632	0.5324
114659	-1.6371	0.3485
6458	-5.8314	0.2314
107985082	-1.0463	0.0314
102724625	-1.8197	0.3740
105371730	-0.4853	0.2919
55288	-0.6389	0.1286
503640	0.8119	0.3821
105371731	2.3651	0.3665
162494	-0.0188	0.9861
105371732	-15.3638	0.4950
64149	-0.1601	0.7548
693217	-0.4482	0.6331
7756	0.1960	0.7735
5717	0.0230	0.9378
8851	-1.2556	0.4269
4642	-1.8099	0.1077
105371734	-3.1691	0.1025
107985012	-3.2628	0.2366
102724715	-1.7438	0.2071
26022	-1.5780	0.1442
102724731	-2.9980	0.0110
124912	-2.5605	0.4146
40	-19.8636	0.4282
105371737	-17.0354	0.4575
100506677	0.0000	nan
112268206	0.0000	nan
147004	0.0000	nan
107985038	0.0000	nan
107987247	0.0000	nan
107985035	0.0000	nan
107985036	0.0000	nan
107985039	0.0000	nan
105371735	0.0000	nan
101927239	15.1560	0.2722
6347	1.1828	0.5266
6354	3.8519	0.2675
6356	4.9127	0.2856
6355	3.3577	0.3165
6357	-16.3611	0.1083
6346	0.0000	nan
105371738	0.0000	nan
105371739	0.0000	nan
400591	0.0000	nan
124842	0.1479	0.9236
105371740	-14.1980	0.4950
105371742	-14.6249	0.3432
105371741	0.0000	nan
10693	-0.4476	0.3970
91603	-0.2655	0.5273
3980	-0.1144	0.7564
117584	-0.5654	0.1098
100529207	-0.4972	0.1751
5892	-0.4384	0.1510
54752	0.0214	0.9443
54475	-0.0895	0.8982
146862	-11.3982	0.4950
146861	2.8572	0.3357
105371932	-1.2412	0.0023
162394	-0.1479	0.7665
91607	-0.3581	0.3448
105371933	-0.6571	0.5433
55106	-0.3874	0.6212
146857	-0.5154	0.3459
100506736	1.5185	0.2694
107985032	0.0000	nan
342618	1.6107	0.4898
107985033	18.2463	0.2722
105371743	0.8068	0.5289
692076	1.7343	0.4348
5193	-0.5184	0.0330
163	0.1141	0.8187
91608	0.4452	0.7508
246176	0.0000	nan
79148	-15.5511	0.2219
107985067	0.0000	nan
146853	0.0000	nan
8148	-0.9205	0.1861
256957	1.5559	0.4672
105371744	-16.1740	0.3066
6352	4.8634	0.0019
105371745	-17.3163	0.0709
100533789	15.7445	0.2722
201299	0.8238	0.7046
57151	0.0000	nan
6360	0.0000	nan
6358	0.0000	nan
348249	0.0000	nan
6359	0.0000	nan
107985068	0.0000	nan
6368	0.0000	nan
105371746	14.2689	0.2722
6362	0.0000	nan
102724850	0.0000	nan
6348	-14.2679	0.4950
101927369	0.0000	nan
6351	0.0000	nan
107985055	0.0000	nan
107985056	0.0000	nan
414059	-2.4235	0.0130
414062	-16.2604	0.4950
9560	-14.5841	0.4950
105371747	2.0675	0.1169
102724862	-2.8301	0.0103
102724956	-19.8725	0.0267
101060321	-2.4727	0.0110
102723414	0.3541	0.8734
729877	-2.7049	0.0104
84218	-2.5711	0.0258
100510707	-2.2095	0.1045
105371749	-17.7942	0.1439
9326	-0.0070	0.9869
80179	0.2750	0.3045
284098	0.4111	0.6769
79893	-0.2016	0.4458
79154	0.3108	0.2033
107985031	0.9567	0.6031
79922	-2.4064	0.0010
105371750	3.5260	0.3124
105371751	-12.4787	0.4950
102723471	14.5010	0.2722
3975	16.0722	0.2722
26574	0.4359	0.0695
100422969	-17.7315	0.4950
105371753	-14.2097	0.3229
31	-0.6991	0.1893
106635523	0.0000	nan
284099	0.2222	0.8947
6871	-0.4035	0.1335
11072	-0.5909	0.1562
11276	-0.9367	0.2980
11056	-0.2834	0.6157
102465136	-2.3277	0.1049
105371755	-2.1157	0.4252
105371756	-1.8670	0.1495
6928	-14.8671	0.3432
107985009	-14.6189	0.4950
105371754	-12.6290	0.4950
105371757	-14.4259	0.4950
284100	-13.5962	0.2192
101060351	-2.7395	0.0055
102723608	16.7012	0.2722
101060376	-2.7513	0.0037
101060389	-2.0707	0.0282
102723819	18.6995	0.0550
414060	-2.7943	0.0125
101929950	-1.2097	0.1089
102723859	-1.9396	0.0080
102723933	1.3534	0.5475
729873	-2.6910	0.0145
440434	-1.8163	0.0072
105371760	0.0000	nan
84311	-0.5043	0.4704
440435	-0.7600	0.5427
30837	-1.5001	0.0148
57636	-1.7203	0.0407
101929494	-0.9112	0.2185
80725	0.5874	0.7342
105371761	0.0000	nan
100170841	-1.4252	0.2917
105371764	0.3052	0.7952
105371763	-3.6564	0.0668
100616203	0.0000	nan
4302	-2.0721	0.0007
105371762	-3.5702	0.0075
100616153	0.0000	nan
284106	-0.9268	0.0957
7703	-1.5642	0.0377
100287808	-0.4369	0.6718
100189176	0.0000	nan
5691	0.8989	0.4286
8396	-0.7954	0.1017
54883	-0.3713	0.1690
100616416	0.0000	nan
388381	15.0841	0.2722
9349	1.0915	0.3777
109617002	-0.2451	0.7362
619505	-21.4161	0.1474
100189435	0.0000	nan
100189052	0.0000	nan
100189090	-19.5138	0.3066
3927	0.0093	0.9915
102465467	-20.6931	0.3033
100505576	-0.4234	0.6692
494188	-14.8598	0.3642
105371767	0.0000	nan
105371766	0.0000	nan
342666	16.4228	0.2722
100131347	-19.9492	0.2925
57125	-4.3777	0.2927
100189105	0.0000	nan
100189414	0.0000	nan
390790	-15.3339	0.4950
105371768	-1.9018	0.0385
782	-1.5479	0.0046
6143	0.7753	0.5208
342667	-1.3423	0.1492
101929578	0.0166	0.9943
84961	-0.7350	0.0869
113839521	-17.0937	0.4950
5469	-0.6317	0.2786
51755	-0.5086	0.4597
105371770	-0.7281	0.4536
105371771	-13.4970	0.4950
4761	-13.3103	0.4950
84152	0.0000	nan
10948	-1.0961	0.0560
8557	-18.2114	0.1294
5409	14.8374	0.2722
93210	-0.3909	0.4426
2064	-1.3958	0.1536
100616132	-21.9798	0.1082
84299	0.1020	0.6730
2886	0.4837	0.7067
22806	-12.3771	0.3066
124626	-12.7022	0.4950
55876	-1.7674	0.1905
94103	-1.0316	0.1641
100505591	-0.6850	0.4630
112268187	-18.0937	0.0173
284110	4.1878	0.2947
5709	-0.3134	0.5602
1440	17.9664	0.2722
9862	-0.8845	0.0861
102466757	-1.4272	0.4978
101340251	3.0614	0.2515
7067	-0.7287	0.2041
9572	-1.4514	0.1832
339287	-0.8116	0.1372
22794	-0.8522	0.0252
102466986	18.1201	0.2722
51195	-1.5116	0.0232
102465523	0.0000	nan
147179	-0.9115	0.2744
990	1.2779	0.4411
5914	-1.6902	0.0437
105371934	-0.9761	0.2677
101929693	-4.7631	0.0000
125111	-0.6898	0.4545
7153	3.4535	0.2622
3487	-0.7318	0.3468
107985064	-1.0977	0.2417
84951	1.0643	0.1843
105371773	-15.4981	0.3642
101059954	-17.2013	0.0650
107985090	-0.2716	0.8599
1236	-3.2723	0.0643
6605	0.1401	0.0126
125113	2.3570	0.3670
105371775	0.0000	nan
192666	-12.5462	0.4950
147183	16.0501	0.2722
353288	0.0000	nan
342574	0.0000	nan
162605	0.0000	nan
105371776	-15.4307	0.4950
3858	0.1054	0.9244
147184	-0.7329	0.1658
105371777	-15.6113	0.0371
3859	-13.9811	0.2192
54474	13.4122	0.2722
25984	0.1414	0.9283
107985072	1.1490	0.5495
390792	0.0000	nan
125115	5.1192	0.2055
85293	0.0000	nan
83897	0.0000	nan
83896	0.0000	nan
83895	2.4840	0.2028
728255	-15.0290	0.4950
81850	3.7954	0.1426
81851	5.1827	0.2831
81872	6.0854	0.2429
728279	5.0380	0.2478
730755	3.3309	0.2836
85294	4.7324	0.2620
100132476	17.7126	0.2722
728224	18.2111	0.2722
100132386	18.9416	0.2722
653240	15.3658	0.2722
83755	15.4934	0.2722
81871	0.0000	nan
85289	15.7693	0.2722
84616	0.0000	nan
85290	0.0000	nan
85291	0.0000	nan
85285	16.0254	0.2722
728318	0.0000	nan
83899	0.0000	nan
83900	0.0000	nan
83901	0.0000	nan
85280	0.0000	nan
81870	0.0000	nan
100507608	0.0000	nan
100505724	0.0000	nan
100533177	0.0000	nan
100505753	1.6989	0.1297
83902	0.0000	nan
3883	-12.8398	0.4950
105371778	0.0000	nan
3884	2.9397	0.2869
3885	2.4053	0.0112
3881	15.9293	0.2722
100505782	0.0000	nan
8688	0.0000	nan
8687	4.5678	0.1755
3882	0.7105	0.7438
3886	0.0000	nan
8689	0.0000	nan
3860	15.0706	0.2722
3866	2.7461	0.3496
102466658	0.0000	nan
3880	3.9305	0.0391
147093	0.0000	nan
3857	-16.1806	0.4395
3861	4.8424	0.2593
3868	1.6343	0.4764
3872	0.2039	0.4915
284116	0.0000	nan
10209	-1.1182	0.2596
2520	17.9525	0.2722
9001	1.8836	0.4054
3728	-0.9469	0.4936
10609	0.2048	0.4977
60681	0.0608	0.8953
115024	0.3006	0.7302
317719	-1.9645	0.0414
55175	-0.8463	0.1235
47	-0.5414	0.3205
83538	-1.6996	0.0433
1267	-0.7068	0.1710
7266	0.4516	0.0027
28511	0.0545	0.8806
201181	0.6774	0.4338
110806298	-0.1434	0.8825
79132	0.2131	0.8677
2648	-1.9868	0.0011
94086	-19.2986	0.2254
5878	-0.4081	0.3439
105371781	-2.3098	0.1716
23415	1.4618	0.4359
3060	0.0000	nan
84514	-0.5442	0.5559
6777	-1.1780	0.0129
6776	-0.1599	0.8258
6774	-0.8394	0.1000
284119	-0.0630	0.8959
102725238	-1.9642	0.2396
535	-0.5994	0.4961
100847030	-17.9820	0.4950
100847046	-1.1304	0.3644
4669	-1.9323	0.1010
108783654	-0.7159	0.1227
3292	-0.7915	0.2194
80347	-0.9922	0.1040
6945	-0.0290	0.8983
29893	0.7081	0.0893
162427	-0.3304	0.5318
7283	-0.1743	0.6959
27175	-1.3268	0.0374
79990	-2.0935	0.0282
2826	-1.9548	0.1313
8506	-1.8019	0.2586
2145	-1.0802	0.0230
102466195	-17.7877	0.4950
100190938	-0.0303	0.9798
10266	0.8312	0.5723
84313	-0.2834	0.5583
65266	0.6108	0.7267
28958	0.3505	0.6708
124817	-0.3429	0.2061
8678	-0.8508	0.1492
102465468	-19.6834	0.3065
107985007	-0.0933	0.9180
10197	0.3929	0.6257
314	-3.3317	0.0414
8639	-1.9559	0.2786
90586	14.7962	0.2722
388387	0.0000	nan
2538	0.0000	nan
100885850	0.0389	0.9624
80755	0.0341	0.9669
100885848	0.4760	0.7229
146923	-0.9596	0.1501
6155	0.3824	0.7189
3430	1.5794	0.4169
10493	0.3023	0.7352
8153	-2.4578	0.1497
672	1.6416	0.3314
10230	-0.2439	0.7812
101929767	-0.4046	0.3577
4077	-0.6039	0.1712
113277	-0.5893	0.6038
100874261	-0.7192	0.5615
6066	0.0000	nan
105371785	-3.4673	0.0359
100130581	0.0243	0.9243
379	-1.4341	0.2342
106660605	-16.4739	0.2753
100313779	0.0000	nan
1659	-0.5581	0.1725
2118	0.6270	0.3395
4222	0.8081	0.6366
105371786	2.6798	0.0131
107985085	-15.1837	0.3066
50964	-12.7102	0.4950
1845	-0.5760	0.3865
284067	-0.5418	0.7861
4356	-1.3758	0.1645
107984979	1.2376	0.5043
146894	2.1278	0.1970
107985077	-13.3940	0.4950
4355	-0.9151	0.0552
105371787	0.0000	nan
23591	0.0000	nan
107985086	0.0000	nan
102724183	0.0000	nan
107546764	0.0000	nan
5539	-16.1134	0.3065
5697	1.6382	0.1259
162417	0.0316	0.9725
84336	0.0503	0.9472
124801	0.4813	0.0023
92579	0.4034	0.3792
10014	-0.2322	0.7798
105371789	1.7458	0.4642
78995	0.9436	0.3823
92591	-1.6722	0.0216
339201	-0.8295	0.0218
79089	-0.6529	0.0918
56970	-1.3771	0.0306
101926967	-2.4445	0.0085
7343	-0.5216	0.3221
102465469	-19.9373	0.1082
6521	0.3535	0.8736
105371790	0.0000	nan
101926996	-0.1319	0.8894
10900	-0.3988	0.6850
51629	0.3282	0.3031
2896	-1.6099	0.0782
284069	-2.0994	0.0500
3674	0.3832	0.7879
23131	-1.1904	0.1172
105371791	0.0000	nan
2535	0.3138	0.7080
101927017	17.9454	0.2722
284071	1.2090	0.2746
124808	-0.1906	0.2221
105371792	-0.5539	0.4828
80174	0.3132	0.5818
107985044	1.0522	0.2948
4185	-0.8967	0.1560
10052	0.9372	0.5029
51751	-2.3109	0.1646
9343	-0.1990	0.6572
388389	-1.4970	0.0931
2670	-0.7804	0.3155
100528020	-0.9942	0.0540
105371793	2.1376	0.3867
146909	2.5032	0.3025
102466734	2.7109	0.3521
10882	-1.0665	0.5804
107987243	-17.1074	0.2307
79877	0.9417	0.0195
4836	-0.3696	0.3888
113026	-1.2649	0.0566
102465470	0.2573	0.7838
79777	-1.9457	0.0139
10614	-1.4693	0.0950
124790	-0.5704	0.2619
112268203	-0.5275	0.6445
105371795	-0.1140	0.8562
339192	-1.6714	0.1012
752	-1.1303	0.2573
107985040	-4.1938	0.0002
100133991	-0.9364	0.0079
124783	-14.9062	0.4950
9020	-1.9890	0.0002
105371796	15.3694	0.2722
201176	-0.7449	0.2980
9842	-1.3066	0.0763
100423004	-3.3049	0.0533
105369225	-0.9460	0.1385
55073	-1.2880	0.0491
105376839	-0.9094	0.5019
644172	-0.0534	0.9611
147081	-0.8904	0.0673
104909134	-1.5302	0.0351
105371802	-14.3993	0.4950
107985028	0.0000	nan
1394	-12.4963	0.4950
100128977	0.0000	nan
162540	0.0000	nan
4137	-0.9483	0.1748
100130148	0.0000	nan
105371800	0.0000	nan
246744	0.0000	nan
284058	-1.3375	0.0084
107985027	-0.3822	0.4708
644246	2.1895	0.2288
100506084	-0.3601	0.5549
9884	-1.2353	0.0870
107987254	-2.6934	0.0497
728806	-1.4653	0.1182
51326	-1.0006	0.2267
474170	-1.2374	0.0680
644297	-3.1063	0.0380
4905	-0.0011	0.9987
7473	-0.3516	0.5675
101929777	0.0000	nan
7484	0.9586	0.6601
105371798	0.0000	nan
112268191	0.0000	nan
9570	-0.7503	0.0846
100847067	0.0000	nan
388394	-17.4723	0.4480
101927060	-1.8606	0.1380
996	-0.0292	0.9750
4635	-17.7120	0.1440
3690	-0.5979	0.5591
107985029	-14.4564	0.4950
102724508	-18.3452	0.0313
124989	-1.5610	0.0591
653479	-0.2084	0.7304
9520	-1.1715	0.0134
112268184	-0.4206	0.4543
3837	0.5841	0.0297
9755	-1.2816	0.0882
30009	3.3888	0.3172
114881	-0.2236	0.7869
124995	0.2254	0.7837
90506	-0.4693	0.6642
90507	-1.7486	0.0294
80320	-0.3913	0.6382
102724532	0.3090	0.6798
6668	-0.7289	0.3321
100506325	0.1192	0.8295
55163	0.5377	0.1862
79170	1.2489	0.3766
80279	-0.5226	0.0166
51226	-0.3472	0.5140
113218499	-0.8647	0.4279
406943	0.9058	0.5935
4779	-1.1055	0.0657
10951	1.0831	0.4290
29916	-1.1840	0.0419
8631	1.7462	0.4641
100302211	0.0000	nan
105371807	0.0000	nan
101927166	5.1608	0.2837
105371808	-15.4176	0.4950
3211	-15.4646	0.3876
3212	-1.1246	0.1446
100874362	-1.9472	0.0635
3213	-1.1437	0.2029
3214	-2.0377	0.1591
406902	-21.4237	0.3079
404266	-1.0489	0.1616
3215	0.5887	0.6935
3216	-0.8596	0.2141
3217	-0.9115	0.1223
3218	-1.1986	0.4449
3219	-1.1968	0.6128
406972	0.0000	nan
101060400	1.1066	0.4088
105371809	-1.1765	0.5050
360205	0.0000	nan
84366	0.0000	nan
100422978	0.0000	nan
10481	-14.1245	0.3033
105371811	17.0415	0.2722
105371812	19.3613	0.2722
284076	1.1605	0.5351
105371813	0.0000	nan
10241	-0.7734	0.1204
105371814	0.7937	0.0589
516	0.8700	0.1953
65264	-0.6352	0.0157
11267	0.3355	0.7085
2695	2.8706	0.0031
10642	1.2781	0.2557
124872	2.5584	0.3636
7229	0.0000	nan
2793	0.0000	nan
51225	-15.8237	0.1890
162466	14.6337	0.2722
105371816	0.0000	nan
124871	-15.3619	0.2192
102465137	0.0000	nan
22834	-0.2930	0.3592
102724596	0.6008	0.5444
5245	1.1075	0.0294
101927207	0.0000	nan
4804	-0.4521	0.7741
100288866	-14.5862	0.4950
102465141	0.0000	nan
11248	-3.8342	0.0138
8405	0.0538	0.8510
107984999	-18.4711	0.0306
10237	0.8621	0.0148
81558	-0.7792	0.3258
11143	0.4115	0.4384
255061	-1.2082	0.5327
729220	-17.5303	0.0259
1748	-17.6192	0.0247
1747	-13.8670	0.4950
284080	-2.6685	0.0633
3675	-0.1175	0.8787
5164	-0.5671	0.3187
201191	-1.3248	0.2202
84687	-0.4674	0.5454
105371818	-15.7323	0.0233
6442	0.6281	0.3246
373861	0.4545	0.6649
1277	-1.2817	0.3275
101927230	-2.1746	0.0826
105371819	-19.2063	0.0478
105371822	-6.6764	0.0189
162461	-1.5848	0.4210
103752589	-5.5893	0.0909
64132	-0.6967	0.3737
51264	0.3082	0.7351
146956	0.6858	0.5688
55379	0.3091	0.1834
80221	-0.1147	0.8757
1101	-1.5561	0.1922
55316	-0.6835	0.0273
84073	-2.4206	0.1835
55040	-19.2881	0.1349
105371824	-20.4627	0.1809
64847	-0.7190	0.1455
253962	-1.2614	0.1845
8913	-2.3859	0.0808
101927253	1.1375	0.5534
8714	-1.6410	0.2834
91369	-0.0413	0.9385
51747	0.1196	0.8385
55018	0.0000	nan
102466918	0.0000	nan
124857	0.0000	nan
10140	-0.9559	0.3160
400604	-0.9838	0.4897
105371825	-12.2618	0.4950
9043	-0.7141	0.3078
654364	0.3701	0.7148
4830	0.7361	0.3511
4831	0.3950	0.7024
54799	-1.4174	0.1292
51096	0.0032	0.9889
101927274	16.4807	0.2722
440446	16.0297	0.2722
105371828	0.0000	nan
56934	1.9384	0.4328
105371829	0.0000	nan
105371830	0.0000	nan
105371831	0.0000	nan
107984983	0.0000	nan
100506650	0.0000	nan
107984982	0.0000	nan
84643	0.0000	nan
107985001	0.0000	nan
10040	-0.1983	0.7581
1353	-0.5728	0.4192
252983	0.1134	0.8673
107985002	-1.6625	0.1511
3131	-0.2868	0.8070
23531	0.3066	0.7909
101927367	17.5485	0.2722
105371833	0.0000	nan
102724732	0.0000	nan
101927389	-15.0992	0.4950
55273	-4.5316	0.1966
58488	-0.3400	0.3123
162282	-3.9552	0.3546
112268194	0.0000	nan
9241	-3.6176	0.4174
339210	-0.2607	0.6868
8526	-0.3278	0.7060
246754	1.3711	0.4921
7706	-0.4148	0.1001
100500827	0.0935	0.9182
8161	-0.4338	0.0287
105371836	13.8966	0.2722
59342	-1.0920	0.0181
376412	0.0000	nan
8165	-0.9816	0.0475
101927510	-13.3719	0.4950
124540	0.4952	0.6941
101927557	0.0000	nan
107984993	1.7461	0.4641
101927539	0.0000	nan
101927581	0.0000	nan
51649	-0.0791	0.6985
404093	-1.5090	0.0604
107985065	-15.8217	0.4202
7716	-0.6706	0.1989
101929185	-0.8332	0.3521
6426	0.6777	0.5337
105371840	16.7777	0.1719
101927666	0.0000	nan
140735	-0.8376	0.0459
26689	0.0000	nan
55545	0.0000	nan
124538	0.0000	nan
8288	-16.1112	0.1582
54903	-0.3898	0.5101
105371841	-14.2660	0.4950
4025	2.7103	0.3521
4353	0.0000	nan
9256	-3.0783	0.0540
100506779	-0.1835	0.6677
406934	0.0000	nan
100616220	0.0000	nan
6827	0.0951	0.6106
54894	-1.6699	0.0572
124535	-11.8248	0.4950
9110	-1.1109	0.0206
101927688	0.3769	0.7131
5414	-0.2504	0.7426
56155	0.6759	0.6605
107985048	-14.8801	0.4950
105371842	0.0000	nan
5889	0.2482	0.3423
105371843	-17.9935	0.2192
22843	-2.0266	0.2498
4591	-0.7626	0.1566
348235	1.0077	0.4639
768216	0.0000	nan
407027	0.0000	nan
55771	3.5119	0.2567
55181	-0.7343	0.0476
284161	-2.5571	0.0165
388403	-1.2366	0.1022
100616204	-17.6702	0.4950
101927728	0.0000	nan
105371845	0.0000	nan
105371847	0.0000	nan
79665	-0.9305	0.0089
1213	0.1655	0.8492
51651	0.1334	0.6527
81671	-0.4082	0.5469
406991	-0.6057	0.6168
51174	-0.7169	0.2508
6198	-0.3335	0.6571
51136	0.0971	0.9186
653645	-0.7487	0.2231
101927755	-0.8500	0.0276
105371848	-16.4442	0.1083
63897	-0.5344	0.0191
100616210	-1.4202	0.1517
105371849	-1.8014	0.0920
645638	-1.6253	0.0556
653653	-0.1982	0.8479
100996660	-4.0374	0.0121
762	-0.1425	0.8225
84669	-0.5616	0.3617
677681	0.0000	nan
105371850	0.0000	nan
124773	1.5303	0.4565
10513	-0.2902	0.7111
388406	0.0000	nan
8493	-0.6824	0.1191
54828	0.0473	0.9063
107984992	-15.8924	0.1083
101927855	-18.3398	0.3581
103689912	-18.3901	0.0169
6909	-1.1014	0.2870
388407	-19.2985	0.0753
9496	-0.5335	0.6994
342538	1.4432	0.2882
83990	2.8384	0.3239
57508	-0.2480	0.7885
9969	-0.1817	0.8471
440452	-2.3553	0.0018
105371853	0.0000	nan
105371936	0.0000	nan
146779	-14.9897	0.2192
105371854	0.0000	nan
339175	0.1364	0.6394
112268200	0.0000	nan
112268201	-18.9215	0.0159
11011	-0.2266	0.4247
112268202	-2.3535	0.0438
107985020	-2.6813	0.1315
9902	-2.9304	0.0594
162333	-3.9217	0.2395
105371855	-3.0949	0.1313
101927877	0.0000	nan
693218	0.0000	nan
26115	0.4316	0.7405
105371857	-1.3899	0.6164
105371856	-0.0552	0.9666
107983996	-2.0573	0.2533
1534	-0.6553	0.3539
1636	-2.5875	0.1937
81033	4.0322	0.2991
10238	-0.1031	0.7881
51204	0.1640	0.2560
4215	-1.2817	0.0877
107984984	1.5094	0.0079
101927898	-18.6626	0.0024
80774	0.2531	0.7291
729683	0.6988	0.6031
92335	-0.4606	0.1224
57003	0.0266	0.9691
11325	-0.7427	0.0019
117246	-0.1011	0.8543
5705	0.1577	0.1837
107984986	-0.2286	0.4959
6603	-0.7706	0.3048
146771	-0.8909	0.4670
1443	0.0000	nan
2689	0.0000	nan
107987248	0.3537	0.8735
1442	0.0000	nan
1444	0.0000	nan
112268204	0.0000	nan
2688	0.0000	nan
974	-16.5667	0.2476
6329	-13.3986	0.0502
105371858	15.7589	0.2722
400612	-12.3611	0.4950
92340	-0.6423	0.6529
3384	-4.4125	0.2607
2081	-1.5778	0.0060
105376843	-1.8392	0.1630
692227	-1.6363	0.2147
677842	-1.9308	0.3210
55852	-1.2278	0.2541
5175	-4.9036	0.4163
284021	-0.9922	0.4549
11232	-1.0797	0.2381
1655	-0.8197	0.2394
100616387	-2.9704	0.0191
100616408	-3.2441	0.0459
90799	-0.4938	0.4232
64750	0.1903	0.8010
109286553	-0.9592	0.1210
101929240	-1.6705	0.0085
146880	-4.6078	0.0054
102464831	-23.0603	0.0541
440456	-2.5306	0.0137
100422961	-2.1778	0.0317
105376844	-0.9331	0.1915
105371860	-19.3298	0.0091
374819	-2.7340	0.1179
107985000	-1.7016	0.3707
201283	-1.6433	0.0765
10672	0.0674	0.9499
105371864	-0.4545	0.8003
100507002	-2.6086	0.0035
8787	-4.1736	0.2424
105827617	0.0000	nan
8313	-2.7436	0.1458
201134	-0.7876	0.2844
105371867	-14.7516	0.1236
350	0.0000	nan
5578	0.1819	0.8414
101928001	0.0000	nan
693219	0.0000	nan
27091	0.0000	nan
27092	17.1012	0.2722
786	0.0000	nan
9931	-0.6785	0.4001
101928021	-1.8121	0.0732
5718	0.6637	0.5855
26207	0.2684	0.6881
100500895	0.0000	nan
693131	0.0000	nan
101928045	0.0251	0.9722
25926	-0.2925	0.4333
100124536	-18.6490	0.3033
2186	-0.3693	0.6485
284018	-0.3456	0.6209
7233	0.0000	nan
3838	1.3667	0.1397
100499466	-0.2461	0.6075
105371871	1.9139	0.4059
105371870	-3.4510	0.0055
440461	-14.7547	0.2691
51321	0.2984	0.2278
22901	0.4643	0.1250
9120	-1.5069	0.1052
5573	-1.1393	0.1154
55062	-0.1259	0.7287
693220	-0.4133	0.5841
54757	-1.1830	0.0739
105371873	1.4026	0.4885
101928104	-16.5073	0.1285
105371877	-15.0685	0.0007
105371874	0.6531	0.7280
10351	-1.1495	0.6377
10350	-3.2042	0.1209
104355297	-4.3329	0.0419
23460	-1.9994	0.0800
100847008	-18.8478	0.3033
100616316	-19.5848	0.3033
10349	-2.8820	0.1216
100133319	-14.8648	0.2192
23461	-2.4118	0.0911
105371878	-16.3604	0.4950
105371879	0.0000	nan
5608	-2.0631	0.2509
105371880	14.7274	0.0550
107985073	0.0000	nan
101928122	-15.3999	0.4950
102723487	0.0000	nan
105371881	0.0000	nan
112267896	0.0000	nan
101928141	-13.6792	0.4950
3773	1.8237	0.4508
105371882	0.0000	nan
400617	-0.7260	0.6415
3759	-1.1852	0.4110
105371884	0.0000	nan
101928165	0.0000	nan
107985015	0.0000	nan
102723505	2.7106	0.3521
102606463	0.5984	0.3832
102723517	0.0000	nan
400618	-0.6116	0.6061
101928205	-15.3310	0.2229
107987249	-12.9139	0.4950
6662	-1.5010	0.3857
146795	0.0000	nan
100499467	-0.1663	0.8603
400619	0.7876	0.6241
107985006	-18.8694	0.2217
107985005	-18.9468	0.2300
105371887	0.2824	0.4773
201266	-0.3187	0.3209
6752	1.0246	0.5745
9382	-0.1757	0.5073
84923	-0.5779	0.0190
55028	-0.6412	0.1452
642843	0.1739	0.8431
23580	-1.0036	0.1277
54549	-1.0547	0.3312
101928251	0.0000	nan
107985091	0.0000	nan
100134391	0.0000	nan
283982	0.0000	nan
400620	16.8630	0.2722
107985081	0.0000	nan
105371888	0.0000	nan
102723567	0.0000	nan
6169	0.7787	0.4419
85001	0.3848	0.6052
94015	-1.1812	0.3974
64446	16.2080	0.2722
105371891	0.0000	nan
124602	0.0000	nan
107985078	0.0000	nan
388419	0.0000	nan
350383	0.0000	nan
55890	-13.0335	0.2691
11314	0.0000	nan
124599	0.0000	nan
107985074	14.4749	0.2722
10871	16.0884	0.0443
100130520	0.0000	nan
100131439	0.0000	nan
146723	0.0000	nan
101928343	0.0000	nan
342510	15.8325	0.2722
105371894	14.3637	0.2722
326624	-1.1796	0.4672
146722	0.0000	nan
105371893	-2.1380	0.0820
100500847	-1.2985	0.1844
9368	0.1124	0.6544
26151	-0.8911	0.1654
54868	-0.8269	0.4080
2905	-2.0419	0.0803
2232	-0.2105	0.8303
283985	0.0000	nan
124590	0.0000	nan
92736	0.0000	nan
347741	0.0000	nan
283987	0.7165	0.6059
102723641	0.0000	nan
30850	-0.8739	0.1322
3396	1.2438	0.0065
23510	-1.3255	0.0587
100189078	0.0000	nan
100189181	0.0000	nan
100189371	0.0000	nan
10476	0.7587	0.2367
9121	-1.3157	0.0270
79637	-1.9094	0.0166
30833	0.2341	0.8136
107985034	0.0351	0.8550
51155	0.6286	0.2271
6613	0.2525	0.0634
79902	-0.0113	0.9838
23163	-0.9639	0.0371
51081	-0.1325	0.8247
57409	-0.5146	0.4872
100287042	0.0357	0.8413
60386	-0.3989	0.4075
2885	-0.5920	0.1411
100500841	0.0000	nan
9772	-1.4819	0.0477
102466911	-20.6189	0.0370
57513	-2.2663	0.0160
283989	-1.5078	0.0753
107985023	-1.8514	0.0791
3993	0.0404	0.9732
80022	-3.7263	0.4176
9400	-1.7163	0.0150
643008	-1.7827	0.1113
100130933	-13.7204	0.4950
107985013	-1.7613	0.0269
29115	-0.2031	0.6406
3691	-0.9500	0.3398
2584	-0.4305	0.6273
3021	0.5339	0.2979
100616282	0.0000	nan
85451	-1.2632	0.0140
201294	-18.0566	0.0242
23558	-1.0219	0.1441
91107	-0.9443	0.5408
201292	-0.9751	0.0853
64978	-0.6857	0.2865
85302	-0.9732	0.3134
51	-0.3447	0.4136
100529145	-0.9824	0.2676
100134934	-0.6494	0.4689
1018	-2.1739	0.0740
2125	13.9126	0.2722
6730	-0.4143	0.0065
8811	-0.8497	0.4096
353174	-0.8652	0.1724
23265	-0.6074	0.0797
102466753	-19.8355	0.3033
101928447	-16.8634	0.2277
2302	0.0000	nan
100507218	0.3315	0.5541
114804	-0.0351	0.9450
105371896	-12.8312	0.4950
107985019	-15.7224	0.2192
283991	0.2480	0.6723
84074	-1.6191	0.2012
5635	-0.4863	0.1883
8877	-0.0871	0.9128
63893	-1.1449	0.0071
15	-11.5276	0.4950
79651	0.0367	0.9560
114757	-0.5143	0.4669
768206	-0.9906	0.1786
100507246	0.6102	0.4434
677850	-1.2827	0.1609
677849	-20.5287	0.0007
677848	-0.2667	0.8772
10610	-1.2243	0.3601
55808	-14.7030	0.3862
105274304	-0.6582	0.6121
439921	0.2308	0.5436
23210	-0.4499	0.1761
124512	-0.8827	0.0609
6427	1.4091	0.3627
693221	-0.8465	0.1385
79157	-1.5301	0.0203
101928514	-15.6668	0.0109
107985089	0.0000	nan
283994	0.0000	nan
146664	-0.4289	0.7109
105371899	0.0000	nan
654434	-0.9010	0.1652
6397	-1.0167	0.2150
677781	-1.3992	0.3993
102466864	-1.9162	0.2162
105371900	0.4907	0.7641
105371901	-13.9841	0.2192
105371906	14.8845	0.2722
105371907	0.0000	nan
10801	-0.8722	0.1802
100422851	-17.6903	0.4950
112268199	0.4026	0.7851
105371903	-2.1777	0.1567
400622	0.0000	nan
100507351	14.7667	0.2722
107985079	15.3892	0.2722
100132174	0.0000	nan
105371908	0.0000	nan
400624	3.8128	0.3041
107985087	0.0000	nan
105371909	0.0000	nan
57690	-0.7434	0.3810
107985010	1.9132	0.4016
100131096	-1.6683	0.1496
11322	1.2220	0.3814
147138	0.7288	0.6694
100141515	0.0000	nan
9144	-2.0004	0.1406
7083	3.3254	0.0054
107985050	2.3275	0.0182
125061	0.7857	0.2736
332	3.5156	0.1171
283999	2.6016	0.3601
105371910	-0.1128	0.9419
100996291	1.9737	0.4276
105371912	-1.9526	0.0395
9021	-0.9591	0.3321
101928674	-0.8639	0.5158
9489	-1.3782	0.0057
8632	-1.1056	0.0567
107985047	0.0000	nan
100996295	0.1750	0.9115
101928710	1.3535	0.5475
112268196	-0.6128	0.0195
9267	-1.1357	0.0149
57602	-1.1367	0.0256
7077	-0.9588	0.3230
100653515	-1.5369	0.4521
3959	-1.1808	0.1881
124583	-1.0743	0.0091
100507410	1.7042	0.4527
114897	-0.3425	0.7925
64772	-3.4432	0.0085
146713	-0.6635	0.6329
100616170	0.0000	nan
100652929	-11.8262	0.4950
339221	0.0000	nan
84733	1.2198	0.1713
57332	-3.2145	0.0015
102723961	0.7287	0.6694
105371919	14.7822	0.2722
8535	-1.1428	0.1554
101928766	-13.0613	0.4950
101928738	0.0000	nan
125058	-1.2640	0.1091
55036	-2.4067	0.0144
100616121	0.0000	nan
2548	-2.7339	0.0103
9775	-0.4169	0.4047
79092	-4.0056	0.0346
6448	-2.2615	0.0316
284129	-2.1973	0.0002
57674	-0.8089	0.0995
100294362	-2.0570	0.0433
284131	-1.6171	0.0689
100616359	-21.4857	0.0761
4884	-0.0366	0.9835
57521	-1.1160	0.1635
105371922	0.0000	nan
107985021	-0.2648	0.6684
101928855	-14.4004	0.1082
107985022	-15.3116	0.4950
400627	-0.0788	0.9635
79643	-1.0655	0.1546
100129503	-1.1461	0.0672
440465	-1.4538	0.0106
10458	-0.4922	0.0079
107987250	-0.3293	0.4443
9625	-15.4260	0.2476
724027	0.0000	nan
100422915	0.0000	nan
442906	0.0000	nan
100302229	0.0000	nan
388428	-13.4870	0.4950
22994	-0.9480	0.2505
146705	-1.9799	0.0077
105371925	-2.6519	0.0117
284184	0.0408	0.9164
124565	-1.5167	0.1225
284185	-14.5019	0.2276
112268186	-1.5086	0.1911
100130370	-2.3548	0.0948
57597	-3.3163	0.0017
100616294	-19.4710	0.2753
100422944	-21.2661	0.0016
105371926	-18.2354	0.0061
112268189	-0.7213	0.0503
105371927	-16.7006	0.3066
71	0.1098	0.7391
25794	-3.4074	0.0463
80233	-1.2686	0.1270
55666	-0.7948	0.1429
83882	-0.8521	0.2462
5148	0.4792	0.7467
339229	-0.5330	0.3002
339230	-0.3475	0.2831
339231	0.1105	0.7252
9146	-1.0179	0.1322
102465471	-18.6284	0.2754
6182	-0.6384	0.2918
1468	-0.6356	0.2836
105371929	-13.4157	0.2192
105376789	13.6109	0.2722
2642	0.0000	nan
348262	-0.1034	0.9236
116729	-17.4076	0.1420
5034	-0.6619	0.3419
396	-0.8740	0.1426
10189	0.6297	0.4746
51529	0.9334	0.2586
5833	-0.4274	0.6815
256933	-0.4841	0.7142
51547	-1.5553	0.0032
4097	-1.2328	0.1140
92659	-0.0939	0.9327
5831	0.5433	0.6923
255275	-18.0522	0.0081
147111	-1.6374	0.5027
105371939	-15.6834	0.3033
79058	-0.1061	0.9072
201254	-0.1997	0.6477
201255	-0.7370	0.3442
5881	-2.7725	0.0208
51181	0.4496	0.3316
113523640	-14.3973	0.4950
5986	-1.3603	0.1053
2873	0.1077	0.8545
64118	-0.8249	0.0896
2194	-2.6480	0.3059
106633803	-18.1935	0.3033
284001	-2.7203	0.0207
9123	-2.2106	0.0216
102465472	-21.8494	0.0461
1453	-1.4979	0.0062
101929511	-15.0359	0.2192
107985059	0.0000	nan
924	-5.5180	0.3281
6398	-0.7371	0.5567
400629	-14.3973	0.2754
2837	2.3606	0.3651
79701	-0.9672	0.2238
284004	-0.8567	0.3358
79415	-0.8283	0.1420
105371941	0.4414	0.1806
26502	-1.0272	0.0727
100189255	-17.7052	0.4950
3607	-1.0102	0.0390
105371942	-0.9097	0.1290
56270	-1.2672	0.0443
10966	-0.6556	0.1126
100616196	0.0000	nan
105376791	-13.5727	0.4950
101929552	0.0000	nan
79672	-0.1554	0.2241
64122	-2.7891	0.0118
6904	-0.4844	0.1552
79755	-15.2512	0.1897
146712	0.3076	0.3051
284207	0.4042	0.7050
107987251	-2.6023	0.0069
101930496	-3.4930	0.0380
101929650	-0.8387	0.4741
105371948	-18.6863	0.1528
100505909	0.0284	0.9639
388574	-0.7533	0.1249
403340	1.9746	0.2444
105379279	0.0000	nan
105379280	2.5415	0.0626
105379281	0.0000	nan
102724130	14.4771	0.2722
105371950	0.0000	nan
260334	1.7105	0.4706
727758	0.4219	0.7106
102466878	-17.4828	0.4950
105371951	-15.8833	0.2192
9097	0.3166	0.7870
9984	-0.1133	0.6182
81035	-0.3618	0.1137
107985155	-1.5360	0.0667
105376854	-16.7176	0.3065
1068	0.0000	nan
27098	-0.6873	0.5101
105371952	-2.2675	0.0176
494514	1.1157	0.1323
7298	1.5501	0.3410
55556	0.6976	0.4681
7525	0.0712	0.9406
116	0.1263	0.9560
388456	0.0000	nan
107985165	0.0000	nan
105371953	2.8122	0.3453
56651	-14.3302	0.4950
105371954	-13.9079	0.4950
105371960	0.0000	nan
105371959	0.0000	nan
105371958	0.0000	nan
105371957	0.0000	nan
105371956	-13.5229	0.4950
105371961	0.0000	nan
64863	-0.1618	0.8448
10403	2.6457	0.1792
645158	-2.5113	0.0514
23347	-0.5247	0.5045
84034	-0.1863	0.8305
9663	-1.3858	0.0220
727896	-0.1461	0.8489
105371963	0.3535	0.8736
8736	-3.1890	0.0564
101927044	-1.0637	0.3370
10627	-0.0685	0.8856
104968399	0.3500	0.2615
103910	0.2718	0.3494
105371964	-14.9423	0.4950
7050	-0.2673	0.6546
105371965	19.3741	0.2722
100505592	0.4679	0.6162
9229	-0.0191	0.9871
649446	0.4166	0.6851
84777	-1.7964	0.0273
105371967	-0.4597	0.7223
107985137	0.0000	nan
201477	0.0000	nan
102465430	0.0000	nan
101410534	-14.2760	0.4950
284215	0.0000	nan
105371968	0.0000	nan
105371969	0.0000	nan
642597	0.0000	nan
147525	-0.8837	0.3597
339290	-0.3595	0.6111
7541	-0.0495	0.9345
107985144	13.3500	0.2722
105371970	1.3884	0.5389
23136	-0.5670	0.6356
107985145	-14.9559	0.0502
100286986	-16.5581	0.4503
645355	0.0000	nan
100616244	0.0000	nan
645369	-12.2181	0.4950
91133	-1.4421	0.4669
101927150	14.8138	0.2722
100422840	0.0000	nan
100130480	-15.9763	0.4950
105371972	-13.7261	0.4950
107985176	1.4920	0.2579
101927168	-0.4554	0.7292
79822	-3.2982	0.0038
400643	-13.0664	0.4950
284217	-0.1574	0.7356
101927188	-2.8762	0.2369
339291	0.0000	nan
105371973	0.0000	nan
105371974	0.0000	nan
105371975	0.0000	nan
112577592	-16.7688	0.3033
105371976	-17.4948	0.2413
5797	-1.3031	0.0371
107985119	-12.6350	0.4950
100192426	0.0000	nan
201475	-0.1908	0.6700
100287082	0.1275	0.8835
23255	-1.9087	0.0060
4729	0.2508	0.6574
101927275	-1.9709	0.0959
23253	-0.5503	0.5259
107985188	-1.3581	0.0131
102724397	-1.1751	0.2133
57045	-0.0985	0.9298
105371980	15.9177	0.2722
10928	-0.1575	0.4834
9989	-0.4391	0.2580
101927323	-20.1617	0.0820
112268216	0.0000	nan
11031	-0.7273	0.2336
105371981	-14.9788	0.2754
84203	-2.7443	0.1416
105371982	-0.5296	0.6135
9218	0.4641	0.5873
105371983	0.0000	nan
105371984	-17.1920	0.3432
105371985	0.0000	nan
105371986	-18.6495	0.3130
105371989	0.0000	nan
105371988	-13.6511	0.2276
101927350	-13.9605	0.2192
147495	-0.5163	0.6094
8774	-0.3619	0.6223
105371990	-15.5925	0.2418
102724470	0.0000	nan
107987262	0.0000	nan
101927410	-14.8834	0.3065
63895	-3.9862	0.0934
102466735	-17.8308	0.4950
105371992	0.0000	nan
105371993	-1.0818	0.4796
105371995	0.0000	nan
107985173	0.0000	nan
105371994	0.0000	nan
101927433	0.0000	nan
646000	0.0000	nan
102465690	0.0000	nan
2774	-0.6445	0.0594
57132	-0.2416	0.3341
65258	-0.9576	0.0223
101927511	-16.1497	0.2804
3613	-1.6305	0.2487
342850	0.0000	nan
497259	0.0000	nan
1149	-14.3905	0.4950
105371996	0.0000	nan
84617	0.1740	0.7487
10939	-0.6381	0.1123
107985154	-0.6835	0.0301
10650	-2.4746	0.0066
105371998	-0.8058	0.2338
56907	0.0135	0.9843
56984	0.3344	0.3282
79959	-0.6643	0.1675
100996324	0.0000	nan
5771	0.5509	0.2147
81929	-0.0946	0.8667
55125	-0.3250	0.7075
753	-0.8748	0.5111
147276	0.0000	nan
100288122	0.0000	nan
100847080	0.0000	nan
107985120	-14.6518	0.3033
102724615	0.0000	nan
100616130	0.0000	nan
125228	-0.2473	0.4564
8731	-0.2689	0.7095
4161	-16.8227	0.0173
4158	0.7112	0.7436
162655	-0.2796	0.7114
440482	-1.6970	0.3913
284233	1.9735	0.4277
105372003	-16.5607	0.1543
440224	-15.0280	0.3066
388468	1.8035	0.4542
105372004	0.0000	nan
105372006	0.0000	nan
105372005	17.6474	0.2722
105372007	0.0000	nan
374860	-3.0461	0.0093
105372008	0.0000	nan
100422907	0.0000	nan
105372009	-18.0733	0.1951
105372010	0.0000	nan
400644	-19.4206	0.2249
101927642	-19.5072	0.1066
644669	17.1946	0.2722
6093	0.1182	0.9128
107985161	-19.6337	0.3375
101927496	-1.9118	0.2473
80000	-1.0894	0.2608
101927521	-0.8126	0.4927
114799	-1.0994	0.1202
6632	0.4591	0.0080
171586	-0.5458	0.5299
100302135	0.0000	nan
105376866	0.0000	nan
57534	-0.5048	0.5929
102723167	0.7900	0.6987
406922	0.0000	nan
406905	-18.8029	0.4950
105372016	0.0000	nan
102724208	0.0000	nan
100128893	-3.0518	0.3628
2627	0.1739	0.8597
105372017	0.0000	nan
105372018	-13.8881	0.4950
101927548	0.0000	nan
105372019	-14.0905	0.2192
64693	0.4853	0.7580
101927571	-17.7513	0.3642
5932	0.1658	0.7402
100616139	-1.2045	0.0534
91768	-0.9552	0.4602
85019	0.2088	0.3983
8780	-0.2698	0.4618
29919	-0.4312	0.1570
4864	-0.3932	0.0930
147463	-1.2786	0.4292
3909	-1.0484	0.1737
107985181	-15.9948	0.4950
105372023	0.7285	0.6695
125488	-0.0257	0.9478
102724246	0.6392	0.4129
112268213	0.0012	0.9982
26256	-0.8604	0.4340
114876	-0.3740	0.6141
100302195	0.0000	nan
55364	-0.6559	0.2184
59340	0.5541	0.5478
105372026	-0.0439	0.9803
729950	-19.0021	0.0667
105372027	-13.4091	0.4950
105372028	-15.9926	0.4950
105372029	0.0000	nan
105372030	-1.9732	0.3757
107985141	-14.0539	0.2754
25925	-1.6419	0.0162
107987256	0.0809	0.8591
105372031	-13.2777	0.4950
6760	0.1825	0.7857
143471	0.0000	nan
6875	-0.1141	0.8634
105372034	0.0000	nan
107985142	0.0000	nan
100506787	0.0000	nan
284252	-0.9517	0.2057
102466874	0.0000	nan
102725227	14.4882	0.2722
728606	0.0000	nan
105372035	18.2484	0.0102
361	0.0000	nan
147429	17.2526	0.2722
83539	0.0000	nan
105372036	0.0000	nan
107985143	0.0000	nan
105372037	0.0000	nan
105372038	0.0000	nan
105372040	15.7550	0.2722
105372041	0.0000	nan
107985126	0.0000	nan
105372042	0.0000	nan
1000	-0.2705	0.8658
105372043	0.0000	nan
105372044	0.0000	nan
105372045	0.0000	nan
100302131	0.0000	nan
105372046	0.0000	nan
105372047	0.0000	nan
1825	14.2608	0.2722
1824	2.5475	0.1760
101927698	0.0000	nan
1823	0.0000	nan
105372049	0.0000	nan
1828	0.0000	nan
101927718	0.0000	nan
147409	0.0000	nan
1830	-14.0187	0.3886
1829	-2.7099	0.0920
100652770	1.3889	0.5388
7276	-21.6779	0.4862
9331	-0.3883	0.7281
147407	-1.4150	0.0209
22878	-0.8429	0.2785
54941	0.6143	0.6997
51444	0.0377	0.9712
4225	-16.9833	0.0050
64762	-0.8578	0.1525
441818	-0.4115	0.2730
57565	0.0000	nan
112268208	16.0930	0.2722
105372055	0.0000	nan
105372058	0.0000	nan
107985186	0.0000	nan
374864	13.4207	0.2722
105372059	0.0000	nan
80816	0.5767	0.5421
107985157	-17.8258	0.0028
8715	16.3895	0.2722
1837	-0.2696	0.5671
105372061	-0.4820	0.6612
10982	-0.1272	0.8545
84307	-0.9040	0.0647
100101467	-1.2607	0.0191
10778	-0.5980	0.0018
107985139	-1.1517	0.0311
7572	-0.5450	0.4837
252884	-1.6308	0.0655
105372063	-15.3339	0.4950
125476	-0.4862	0.5428
100616257	0.0000	nan
2589	-0.8534	0.2570
105372065	-15.5319	0.2261
105372064	0.0303	0.9794
406963	0.0000	nan
100500864	0.0000	nan
105372066	3.5234	0.3125
83608	0.6904	0.1673
55197	-0.6125	0.4053
25800	-0.6571	0.3152
55250	-0.8059	0.0027
101927809	-0.8228	0.2077
55034	-1.4625	0.1335
80206	-1.9121	0.3547
105372071	-16.6425	0.4950
25941	0.7013	0.2324
57536	-1.0369	0.1350
105372069	0.0000	nan
56853	0.2658	0.8011
105372068	0.0000	nan
106635546	0.0000	nan
107985118	0.0000	nan
100422857	0.0000	nan
102724417	0.7460	0.7314
105372073	-15.4491	0.4950
105372072	2.3882	0.3786
105372074	0.0000	nan
112268212	0.0000	nan
105372076	0.0000	nan
105372077	0.0000	nan
647946	2.1534	0.3807
112268214	2.7454	0.3497
101927879	-14.0533	0.4950
100126323	0.0000	nan
101927857	0.0000	nan
100846997	0.0000	nan
100847025	0.0000	nan
105372079	-14.3863	0.2423
105372080	0.0000	nan
105372081	0.0000	nan
101927900	0.0000	nan
105372082	-17.3356	0.4950
107985132	0.0000	nan
105372084	0.0000	nan
107985168	0.0000	nan
641516	-13.0323	0.4950
105372083	0.0000	nan
105372085	0.0000	nan
5289	-0.6201	0.1411
284260	3.6695	0.1949
6014	0.0000	nan
6860	0.0000	nan
105372088	-16.4826	0.4950
105372087	-21.8747	0.1585
101927921	16.0211	0.2722
105667213	0.0000	nan
105372089	-18.5491	0.2827
101927943	-2.2804	0.1092
26040	-1.2522	0.0600
100422829	-18.8029	0.4950
105372091	-17.0649	0.4950
101927961	-15.9141	0.1892
8170	-1.6317	0.2480
101927980	-0.5428	0.6984
107985153	1.4251	0.2421
105372093	-0.9423	0.5854
105372092	0.0000	nan
6563	1.5716	0.2096
57724	0.1948	0.8665
284266	0.7109	0.6628
9050	-0.6270	0.4677
498	0.3630	0.4850
100188995	19.3962	0.2722
115106	-0.2531	0.5429
147339	-0.5765	0.4324
494470	0.7281	0.6696
105372095	0.0000	nan
125336	0.0000	nan
105372096	15.7046	0.2722
29906	3.7088	0.1701
105372097	1.5384	0.1140
9063	-0.1586	0.7845
83473	-0.8900	0.0754
100506888	-13.0010	0.4950
107983955	0.0000	nan
728929	-13.1950	0.4950
162699	-13.0010	0.4950
51224	-14.4654	0.2276
105372098	-0.7427	0.3901
84064	-0.7371	0.1422
51124	-0.1627	0.7972
652991	0.0000	nan
110175910	-16.0589	0.4950
100616264	0.0000	nan
105372100	0.0000	nan
4087	-0.4333	0.0760
105372101	20.3741	0.2722
201501	-1.2191	0.6693
105372104	0.0000	nan
84322	0.0000	nan
9811	-1.7803	0.0802
107987258	1.6466	0.2736
100616366	0.0000	nan
105372107	0.8765	0.3167
107985147	-3.0746	0.2432
105372106	-15.7298	0.4620
105372105	-1.7980	0.3037
4092	-0.3905	0.3105
105372108	0.5355	0.7608
100129878	-19.1828	0.0516
54808	-0.1755	0.5627
100616420	0.0000	nan
497661	-1.2858	0.0047
100526842	0.2497	0.7989
100302257	-20.3941	0.2276
6139	0.2956	0.7728
100124516	-3.9543	0.0593
26791	0.3452	0.8049
26790	-0.6429	0.4931
101928144	-12.5349	0.4950
9388	2.9707	0.3321
105372112	0.0000	nan
112268210	0.0000	nan
107984031	0.0000	nan
10449	0.9914	0.0198
103091864	-17.7991	0.0101
677769	-21.5453	0.0024
4645	-1.0607	0.1556
100422865	0.0000	nan
220136	0.0547	0.9534
4152	-0.9021	0.0151
30827	-1.2913	0.0542
105372114	0.0000	nan
220134	4.6216	0.2439
105372115	1.7108	0.4705
5596	0.0000	nan
105372116	0.0000	nan
83876	-0.3314	0.6418
4200	0.3498	0.6199
55520	-0.6237	0.1300
107985152	-1.2210	0.0631
105372117	-1.6064	0.0844
4089	-0.3419	0.4191
51320	-0.6002	0.3343
105372118	0.2161	0.8642
100287225	15.1786	0.2722
105372120	0.0000	nan
105372121	0.0000	nan
1630	0.7623	0.5294
100616232	0.0000	nan
102724651	-15.6901	0.4950
101928167	-15.6657	0.3066
8932	-0.1168	0.6328
677819	1.3740	0.5425
11201	-1.3324	0.0517
147323	-1.3828	0.4733
162681	0.9216	0.5762
284254	0.0000	nan
5874	0.1351	0.8898
80323	-1.3685	0.4953
107985125	18.0979	0.2722
105372125	-16.1843	0.4950
101927229	0.1976	0.8900
6925	-1.2053	0.3025
105372127	0.0000	nan
100616290	19.3012	0.2722
105372126	0.0000	nan
105372130	1.6753	0.4771
100132501	-0.0359	0.9744
107985183	-12.8818	0.4950
105372131	2.7102	0.3399
101927273	-14.8644	0.2277
107985164	-2.0170	0.2695
642484	-3.0692	0.2784
102724698	-16.5259	0.3033
100505474	0.0000	nan
105372132	0.0000	nan
105372135	0.0000	nan
9352	0.5523	0.5666
23335	-0.1999	0.8014
107985140	-1.5172	0.4709
105372136	0.0000	nan
100885779	-12.3954	0.4950
284257	0.0000	nan
105372138	0.0000	nan
51046	0.0000	nan
9480	1.1637	0.1894
112267870	0.0000	nan
2235	-0.2823	0.3765
4677	0.0234	0.9695
100505549	-1.1726	0.0051
5205	-0.4531	0.5393
105372141	0.1274	0.8976
105372140	0.0000	nan
23327	-1.6099	0.1612
105372143	-15.1339	0.3886
107985182	13.7025	0.2722
406906	0.0000	nan
100616357	0.0000	nan
115701	-1.1232	0.0147
105372145	1.0809	0.5371
106635543	0.0000	nan
102724745	-15.1384	0.1130
101927322	-1.5602	0.3105
10892	-0.9288	0.2097
105372146	0.1904	0.8017
105372147	0.0000	nan
55205	-1.3863	0.1013
112268211	-15.7322	0.4950
390858	0.0000	nan
107987259	-11.7472	0.4950
90701	-0.2100	0.7611
2922	-1.7877	0.6195
30062	0.0000	nan
339302	-17.4057	0.4372
3998	0.2422	0.8078
107985156	-4.7085	0.1836
147372	-1.4037	0.2293
5366	-0.2033	0.8372
105372151	0.0000	nan
105372152	0.0000	nan
105372155	17.0069	0.2722
4160	-0.9610	0.4845
105372156	0.0000	nan
28316	1.3095	0.4927
105372157	0.0000	nan
100996669	-14.0420	0.3033
220441	0.1659	0.8994
105372159	-16.4846	0.2220
112268209	-19.5668	0.4083
105372158	-16.5220	0.0502
23556	-0.6537	0.1732
57614	-0.1144	0.8762
8792	0.5908	0.6032
54877	-0.8399	0.1006
23239	-0.0676	0.8421
105372160	2.7854	0.0995
105372161	-15.5493	0.2917
596	-0.3148	0.7050
2531	-0.4114	0.1890
9525	0.0154	0.9774
5268	-13.8351	0.4950
89777	2.5011	0.1615
5275	13.5970	0.2722
6318	1.5262	0.5074
6317	-13.1029	0.4950
89778	0.0000	nan
8710	-0.6144	0.6167
5055	3.0952	0.2046
5273	0.2636	0.8678
284293	-0.1577	0.8974
105372165	-2.4156	0.1603
5271	0.4468	0.5856
221241	0.0000	nan
284294	0.0000	nan
400654	0.0000	nan
105372166	0.0000	nan
105372167	0.0000	nan
107985178	0.0000	nan
101927404	0.0000	nan
105372168	0.0000	nan
107985128	0.0000	nan
105372169	0.0000	nan
1005	11.7852	0.2722
105372170	0.0000	nan
28513	0.0000	nan
100847002	0.0000	nan
92126	0.4084	0.7417
643542	-0.1939	0.7714
105372174	0.0000	nan
105372173	-1.9147	0.2669
105372172	2.0939	0.3920
101927430	-12.7720	0.4950
105372175	-12.9904	0.4950
54495	-0.3109	0.7423
79839	-1.8459	0.1968
107985134	-14.5933	0.3300
107985135	-11.1571	0.4950
107985136	0.0000	nan
220164	-1.2498	0.2769
105372179	18.3750	0.2722
105372178	-0.1076	0.9503
107985138	-1.4576	0.3180
10666	-1.2230	0.3958
25914	0.0806	0.9138
105372180	-1.6199	0.4996
107985158	-15.1856	0.4950
9306	-0.0715	0.9236
101927481	-1.4787	0.2147
102724895	-0.3877	0.7077
101060542	1.7108	0.4705
112268215	0.0000	nan
105376872	-13.5242	0.2692
220158	0.0000	nan
107985166	0.0000	nan
105372185	12.2995	0.2722
105372188	0.0000	nan
105372187	0.0000	nan
107985179	0.0000	nan
100505776	0.0000	nan
105372186	0.0000	nan
102724913	0.0000	nan
105376873	0.0000	nan
102725148	-13.4769	0.4950
105372189	0.0000	nan
147381	-13.1327	0.3229
81832	3.5913	0.3087
100847083	0.0000	nan
100505797	-14.8145	0.4950
400655	0.0000	nan
100505817	0.0000	nan
105372190	3.3844	0.0471
105372191	0.0000	nan
201456	-0.7337	0.4816
29090	0.0320	0.9215
1528	-0.4835	0.3916
644041	0.0000	nan
101927606	0.0000	nan
125704	0.0000	nan
55748	0.4708	0.0434
84735	-13.7910	0.4950
55628	-0.4449	0.4326
400657	-0.4392	0.4367
107985130	-16.0654	0.3066
105376874	-15.6204	0.4319
284273	-1.3720	0.1001
10194	-2.1175	0.2040
105372200	0.4110	0.6098
284274	0.2168	0.8776
107985177	0.0069	0.9924
105372201	-2.0497	0.2806
105372202	0.0000	nan
100505853	0.0000	nan
105372203	0.0000	nan
105372204	0.0000	nan
339298	0.0000	nan
105372206	0.0000	nan
105372207	0.0000	nan
105372208	-14.6950	0.4950
105372210	-14.0747	0.4950
105372209	-11.2703	0.4950
105372211	-11.7261	0.4950
9658	-1.4860	0.0332
101927989	-1.9872	0.0348
400658	-2.2061	0.0211
284276	-1.1347	0.2000
400660	-1.8864	0.5219
101927651	-15.0032	0.4950
107985151	0.0000	nan
105372212	0.0000	nan
400661	0.0000	nan
105372213	0.0000	nan
100131655	0.6644	0.5881
7776	-1.5904	0.0549
105372214	-18.3805	0.0502
4155	-2.4977	0.2716
105372217	-17.4260	0.2624
107987261	-3.3659	0.1373
2587	-10.4308	0.4950
107985171	0.0000	nan
107985172	0.0000	nan
107985129	0.0000	nan
101927715	0.0000	nan
105372218	0.0000	nan
105372219	0.0000	nan
105372220	0.0000	nan
105372221	0.0000	nan
105372224	0.0000	nan
645321	0.0000	nan
27164	16.6488	0.2722
105372225	0.0000	nan
374868	-0.4643	0.2465
105372226	0.0000	nan
107985149	1.7459	0.4642
4772	-1.9478	0.0158
107985163	-16.8406	0.2212
101927897	-1.0983	0.1393
107985162	-0.0299	0.9827
102723506	-1.4888	0.1580
284240	-13.6829	0.4950
105372228	-12.3483	0.4950
284241	-16.7537	0.2542
9150	-0.8448	0.2373
105376875	0.7460	0.7314
26251	-0.3132	0.7191
80148	-0.5577	0.5406
440498	-0.0230	0.9793
10907	0.5014	0.4134
79863	0.2640	0.5232
100506070	-0.5838	0.6338
22850	-0.0753	0.8362
100130522	-2.6424	0.2100
84552	-1.2359	0.2898
375690	-2.0579	0.0387
105376912	-16.2394	0.2192
100422919	0.0000	nan
641702	1.3885	0.5389
81099	0.0000	nan
399844	-2.4768	0.0193
101928344	-1.3880	0.0951
107985295	-2.2851	0.1646
8612	2.1491	0.3293
54531	-1.4060	0.0551
51298	1.8238	0.4508
126567	-14.9793	0.2448
25759	-2.1065	0.1798
284451	-1.1960	0.2171
8174	-19.3620	0.1106
105372232	-1.2295	0.2388
91978	-0.3457	0.7224
997	-0.6613	0.4404
3004	-13.9885	0.4950
105372233	-4.8903	0.0058
682	-0.7338	0.1945
610	-3.5188	0.0316
107987266	-1.8924	0.0179
5442	-0.7838	0.2875
105372234	0.8456	0.6002
27006	-18.6485	0.1292
55658	-0.8294	0.0700
10272	-0.9478	0.3648
400668	0.0000	nan
5064	-1.1403	0.3950
126353	-15.5421	0.2192
101928450	-1.5886	0.0805
107985343	-2.6288	0.0356
5725	-0.7704	0.0386
100616459	-19.9120	0.3293
79948	-0.6367	0.3188
100422854	-19.0830	0.4950
566	1.5754	0.4571
5657	0.0000	nan
1991	-3.0636	0.2598
1675	-0.4304	0.7765
10025	-1.1147	0.0199
101954271	-2.3731	0.2825
91300	-0.1675	0.6900
84634	0.0000	nan
1820	-0.8305	0.1440
57418	0.0351	0.9734
116444	-0.5904	0.2743
105372235	-18.1920	0.0076
91304	-1.3730	0.0174
103625684	-3.8016	0.1941
1265	-0.1222	0.7687
10347	-3.7084	0.2259
23526	-1.0217	0.0701
5434	-0.9442	0.1970
2879	-0.3934	0.6736
22904	-2.4114	0.0126
102723798	-17.3131	0.0757
102725180	-3.5436	0.1237
6794	-0.5685	0.5025
255057	-2.0610	0.0458
513	0.4309	0.1937
102723811	0.3964	0.7850
90007	-2.1931	0.0063
107985303	-4.5698	0.0370
105372236	-4.1629	0.2181
148046	-4.4149	0.0039
1153	-1.2033	0.1688
55009	-0.0962	0.8672
1943	-13.7426	0.1082
84939	-1.4362	0.0379
100189306	-17.6853	0.4950
100189195	0.0000	nan
374291	-0.2642	0.7643
2593	-0.4539	0.5151
26528	-0.8331	0.1462
6209	-0.3277	0.5539
10297	-0.8103	0.3816
148223	-1.4669	0.0869
54760	-2.8968	0.0076
92840	-0.4385	0.6771
339366	-1.5184	0.2570
107985337	-3.2436	0.3768
126520	-4.1144	0.3469
399664	-0.7488	0.3797
53615	-0.7393	0.4055
10975	-0.5618	0.1091
6929	-0.8190	0.1080
390874	1.8238	0.4508
101928543	2.2740	0.1670
148229	-2.7838	0.1819
57455	-2.7763	0.0114
100302210	-1.8030	0.0951
100288123	-4.9267	0.0128
83855	-2.2333	0.0149
81926	-0.6720	0.4394
113178	-0.6925	0.2470
113179	-1.3333	0.2350
105372238	2.5995	0.3496
1455	-0.9579	0.2365
255193	-17.9181	0.2865
55643	-0.8396	0.1555
107985278	1.6131	0.1982
2872	-0.2766	0.8045
126308	-0.2275	0.6015
113177	-3.4633	0.0139
8943	-0.8316	0.1696
84444	-1.8360	0.0092
55111	-0.6712	0.2393
100302283	-3.5515	0.0603
102466736	-0.2237	0.7862
8175	-1.5972	0.0386
268	-19.2843	0.0120
100423031	-19.7162	0.2277
126306	-14.8100	0.2754
105372240	-14.4307	0.4950
4946	-0.4459	0.5380
374872	0.6633	0.6618
645191	-15.1277	0.2372
101928572	2.1606	0.4031
51690	-0.5385	0.3454
56928	-2.3716	0.0051
360200	-1.5347	0.0456
26517	-0.2558	0.7516
84823	0.3815	0.2820
102466806	0.0000	nan
101928602	-3.0459	0.1506
4616	-1.8791	0.0902
2788	-0.8938	0.3649
102465838	0.0000	nan
148252	-1.1627	0.1806
29985	-0.3714	0.5656
6449	-0.1054	0.8728
7064	-0.3351	0.5831
115196	-1.5797	0.0479
148254	-0.5225	0.1034
80032	-1.6766	0.5857
126295	-0.5927	0.3754
101928631	-2.6375	0.0272
58492	-1.5180	0.0523
79816	-1.0401	0.2833
7089	-0.8209	0.6453
166	-0.3313	0.7275
105372242	1.9735	0.4277
2767	-1.0868	0.0444
2769	2.1755	0.3807
100996351	0.1374	0.9341
8698	0.0000	nan
56926	-0.9713	0.2350
60680	2.6934	0.1755
105372244	-16.1347	0.3065
4782	-1.4559	0.0927
284422	-15.0792	0.2691
105372246	2.8036	0.3459
83475	-0.9145	0.2442
105372245	-1.7191	0.1111
51343	-0.9095	0.1976
126321	-1.3250	0.0853
100128569	-1.4542	0.0825
10362	-0.2529	0.7406
126326	-2.1421	0.3203
6915	-0.9621	0.4006
404665	-1.4947	0.0487
58509	-1.2577	0.1166
23396	-2.2278	0.1711
27134	-0.7004	0.4891
9546	-0.5949	0.4583
105372248	-17.7647	0.3065
116541	-0.0233	0.9806
84839	0.0000	nan
4145	-14.7095	0.4950
23217	0.0000	nan
85300	13.3072	0.2722
27231	0.0000	nan
1613	-0.8515	0.2057
693222	-22.9803	0.1578
1938	0.1905	0.8680
26812	-20.1246	0.3586
51588	-0.3572	0.5017
51341	-1.5592	0.1153
5605	0.2628	0.8267
84699	0.0000	nan
51548	-1.6941	0.0346
170961	-1.1370	0.2141
10148	-16.5225	0.4219
55702	0.4038	0.6575
56961	-12.9288	0.4950
126259	13.7973	0.2722
79187	0.3867	0.5717
55620	0.6422	0.6708
84954	-1.0377	0.0363
6455	-0.2546	0.6965
10036	-0.0015	0.9972
107985297	2.1047	0.0786
80700	-0.2663	0.7827
100616371	-21.3051	0.0139
84717	-0.2027	0.8202
729359	-2.6298	0.1096
440503	0.0000	nan
116844	0.0000	nan
10501	1.2625	0.5090
105372249	15.4111	0.2722
126282	-0.6309	0.3267
56005	-0.3460	0.5822
91039	-0.4280	0.5105
100131094	-1.1288	0.1166
105372250	-19.1221	0.2772
7197	-17.7052	0.4950
100189416	-18.6678	0.2192
284424	0.0000	nan
407045	0.0000	nan
55527	-0.5420	0.4399
148022	-1.4773	0.0382
10226	0.0129	0.9799
645432	-1.1335	0.2033
29128	0.5979	0.6266
100616337	0.0000	nan
23030	-2.4057	0.0011
5802	-1.6381	0.2291
105372253	-1.0237	0.5330
105372252	0.0000	nan
148066	0.0000	nan
257000	1.6893	0.2827
9667	-0.7392	0.1717
6294	-0.6488	0.0293
107985320	-18.2543	0.1172
125988	-0.3084	0.7082
374875	-0.6363	0.4660
25873	0.4813	0.6967
9361	-0.1973	0.8635
257062	-4.1047	0.0401
163154	-1.3701	0.3165
56931	-0.5236	0.5264
4902	-15.6364	0.4950
2528	0.0000	nan
2525	1.3652	0.5002
101928844	16.3718	0.2722
2527	-1.8835	0.0685
126328	0.0640	0.9475
400673	-0.6640	0.3310
828	-4.2671	0.0706
8498	-0.6126	0.1833
100128568	-0.2348	0.8620
5990	-0.8690	0.0150
105372255	-17.7591	0.1691
81616	-0.5966	0.5552
4298	-1.8071	0.0180
125981	0.5666	0.7335
8192	0.2933	0.7778
84266	0.2758	0.7976
5623	0.5857	0.3145
2962	0.0284	0.9734
102465533	-20.1679	0.4950
102465473	0.0000	nan
390877	-1.0695	0.1172
8570	-1.2399	0.0053
100500888	-1.5642	0.1128
284427	-0.8576	0.3528
79085	-0.9348	0.3992
92359	2.7109	0.0034
79958	1.4910	0.1454
10382	-14.6354	0.1082
8744	-1.8850	0.2956
970	0.8226	0.6483
8740	1.1635	0.3078
718	0.4979	0.7442
56927	-0.2137	0.6169
102465474	-20.9557	0.2691
9322	-1.1146	0.0947
107985302	-1.8833	0.0869
10045	-3.4977	0.0100
7409	18.0137	0.2722
2015	-1.3553	0.5633
105372256	0.0000	nan
326342	14.1706	0.2722
497049	0.0000	nan
112268245	0.0000	nan
729458	16.4696	0.2722
284428	0.0000	nan
653656	0.0000	nan
125997	16.2175	0.2722
653657	0.0000	nan
79230	-0.0180	0.8088
3643	-0.3404	0.5242
23370	-1.3317	0.1092
107985284	-0.3067	0.8640
92960	-1.7787	0.1350
374877	-16.3269	0.1419
105372261	-4.3166	0.0835
140467	-1.2966	0.0854
57192	-1.0754	0.1635
10908	-2.2510	0.2110
57662	1.8238	0.4508
102465475	0.0000	nan
56949	-0.4197	0.5547
100131801	-0.8088	0.1535
126006	-0.1917	0.8648
6813	-1.4613	0.3101
56729	0.0000	nan
199675	-0.6464	0.8100
126003	1.2766	0.0818
2208	2.3882	0.3786
105372262	0.0000	nan
339390	0.0000	nan
30835	16.9042	0.0004
10332	0.0000	nan
105372263	0.0000	nan
440508	-12.9220	0.4950
115704	-0.8996	0.2700
80164	-16.1464	0.2771
388499	-15.3894	0.1082
80131	-0.7131	0.2232
5609	-1.1927	0.0159
100507588	-0.1685	0.6726
6618	0.0836	0.9144
404217	-4.1506	0.0429
10469	0.1366	0.9014
1994	-0.4213	0.0481
105372266	1.0121	0.3382
6370	2.1609	0.4030
84467	3.6500	0.3060
79603	-1.3921	0.4736
107985282	0.0000	nan
51293	-0.7539	0.2712
4701	0.8621	0.4102
6234	1.0091	0.5266
256949	0.2271	0.7202
51129	-3.0312	0.0170
100507567	-0.3142	0.3323
100847049	-17.3324	0.4950
9230	-1.4867	0.0158
51257	0.3352	0.7782
4670	-0.2147	0.4466
84106	-3.8459	0.1155
84330	-0.7145	0.1884
4542	-0.2988	0.7539
81794	-2.4282	0.0164
105372267	-14.8556	0.4950
107983991	-13.3089	0.4950
284382	0.0000	nan
284383	0.0000	nan
148156	-1.0745	0.0080
85509	0.0000	nan
94025	11.3818	0.2722
125963	0.0000	nan
390882	0.0000	nan
125962	0.0000	nan
390883	0.0000	nan
57693	-0.7105	0.0880
162998	0.8423	0.6041
125958	0.0000	nan
26648	0.0000	nan
374879	0.0841	0.9264
84527	-0.9798	0.1092
100529215	-0.9643	0.1102
7730	-1.2356	0.0304
112268250	0.9168	0.5792
10781	-1.0357	0.1507
105372269	-1.8610	0.1205
147741	0.0012	0.9992
105372268	-0.5145	0.7165
79088	0.0271	0.9104
101928238	-2.7371	0.0345
7675	-0.1121	0.6518
105376914	0.0000	nan
93134	-0.3713	0.6222
284385	0.2091	0.7188
54811	0.2205	0.6640
729648	-0.3033	0.6940
105372270	-13.5565	0.4950
162993	-1.5627	0.0007
100505555	-2.2738	0.0414
54850	-0.5319	0.1837
59286	-1.0888	0.0224
100996288	14.5146	0.2722
5300	-0.1747	0.8263
93145	0.1825	0.8303
50509	-1.4360	0.1347
50700	-13.3430	0.4950
100847093	0.0000	nan
388503	1.7106	0.4705
55337	-0.4622	0.3425
83854	0.1190	0.5000
56342	-0.4392	0.3551
692312	-0.3382	0.5217
692229	1.9384	0.4328
100113382	0.0000	nan
5032	-0.5821	0.1329
8666	0.8797	0.4415
1786	-0.3957	0.5464
9294	0.1370	0.8546
100422925	-22.6671	0.2772
51073	0.2743	0.6218
105372272	-13.6778	0.4950
3383	1.7799	0.4048
3386	1.8241	0.4507
7087	0.8768	0.5868
100125288	-0.8362	0.3490
112812	-0.1962	0.6942
125950	-1.1573	0.0283
3385	0.3310	0.5402
7297	-0.9229	0.0592
11140	-0.1669	0.7954
100302213	-0.5418	0.2902
5141	-2.5583	0.0169
9817	-1.0243	0.1377
53637	-14.5640	0.4950
84971	-1.0834	0.1254
100302226	1.6932	0.4367
65095	-0.8076	0.1291
1032	-0.1172	0.9066
10053	-3.1254	0.2457
57153	-1.0942	0.4180
147727	0.7429	0.2535
3609	-0.7025	0.0563
81890	-0.6493	0.4078
1785	-0.9264	0.1014
693223	0.0000	nan
100616425	0.0000	nan
406976	-23.2725	0.0002
102466737	-20.4713	0.2754
11018	-0.7219	0.2621
255809	-1.5184	0.1665
10498	-0.5451	0.1876
78992	0.4672	0.6090
90580	-0.8137	0.1865
6597	-0.2122	0.5875
115271120	-3.5706	0.1136
3949	-1.4801	0.2164
102465534	-17.9444	0.4950
147841	1.9619	0.1340
25959	-0.9480	0.0921
57572	-2.3293	0.0168
105372273	-0.7360	0.2799
55908	-18.8864	0.0280
26526	0.0000	nan
105372274	0.0000	nan
9545	-1.4613	0.1093
374882	0.8228	0.5662
126075	-0.8219	0.2163
64748	-2.1682	0.0753
126074	-1.9302	0.1152
2057	-1.5444	0.1688
57139	-16.4244	0.1728
115948	-2.1998	0.0087
5589	-1.0411	0.1079
1995	14.3238	0.2722
115950	-1.3173	0.1305
102465856	-17.5714	0.4950
51295	0.2082	0.8666
1264	-1.6512	0.2508
84337	1.1927	0.0478
54	0.5567	0.4814
199692	-0.5056	0.0780
664709	0.1720	0.6431
401898	-0.8179	0.4913
55552	-1.2176	0.0342
126068	-0.5228	0.5070
126069	-0.7760	0.2232
126070	-1.2315	0.0673
90594	-1.4495	0.0433
7620	-0.6314	0.5371
90592	-0.7194	0.1942
284390	-1.0441	0.0096
101928464	-0.3218	0.6478
163059	-0.8189	0.0588
729747	0.6952	0.5810
284391	-0.5121	0.3865
388507	-0.9222	0.1335
105372275	-0.7120	0.1637
100529855	-0.2829	0.0782
7568	-0.8499	0.0155
90589	0.4605	0.2917
7695	-1.1934	0.0121
100289333	-18.5732	0.0092
107984139	-1.0731	0.0988
51710	-0.8265	0.0820
147837	-1.3372	0.0267
79973	0.9616	0.1720
90576	-0.9509	0.2201
10224	-1.8465	0.0344
163051	-0.9786	0.0063
163050	-1.1809	0.0278
105372278	3.3073	0.1336
57474	-0.1007	0.8029
163049	-0.5054	0.4064
105372279	0.0045	0.9901
4125	-2.3363	0.0080
84292	-0.2002	0.7945
51398	-0.2994	0.6563
1725	-0.1652	0.7547
105372280	0.4341	0.7584
84261	-0.3478	0.7343
30000	-1.5569	0.0521
106633804	-1.3428	0.1615
26810	0.7282	0.6696
79002	0.1919	0.7842
439	0.5416	0.6093
54831	-15.0644	0.2277
29911	-1.6103	0.0334
100847071	-17.8177	0.4950
3726	-0.2663	0.7725
7001	-0.2162	0.8101
10535	1.3608	0.1403
83546	-14.8770	0.2229
105372281	-16.3649	0.3033
22983	-3.3391	0.0233
102466196	0.0000	nan
1777	-0.7095	0.2982
10661	-13.1423	0.4950
2639	-0.5402	0.3511
256126	-0.6641	0.2150
100847016	-19.0274	0.2691
2193	-0.1074	0.8122
106144598	-0.5343	0.3958
811	0.6805	0.4087
102466659	-1.2201	0.5350
5886	0.0735	0.9215
90480	1.0761	0.4610
199699	2.1788	0.3801
4784	-1.0508	0.2688
107985286	-2.1047	0.3981
4066	-0.1803	0.8295
105372282	-0.0048	0.9921
55621	-0.9873	0.1726
112939	-0.3965	0.3605
8677	0.1396	0.9000
9592	-1.9186	0.0313
107985288	-0.6365	0.7257
773	-0.2194	0.8636
105372283	0.0000	nan
107985287	1.7462	0.4641
105372284	0.4325	0.7820
81576	-1.3944	0.0698
84245	-0.3615	0.4473
28974	-0.0803	0.8987
65249	-2.5268	0.1077
107985334	-2.6363	0.0569
284454	-1.5137	0.0944
407013	-3.6114	0.2468
407018	-21.9532	0.1863
407010	-21.1422	0.0268
342977	-0.3945	0.7306
406957	-19.2720	0.2261
574457	-18.3504	0.2754
79173	0.3418	0.7799
54862	-1.1300	0.1785
79883	-1.7700	0.0752
90379	-2.0735	0.0087
5989	-2.4143	0.0485
107985309	-0.8815	0.6988
117579	0.0000	nan
9466	-0.1536	0.8462
342979	2.7801	0.0925
113230	-2.0830	0.1379
102466515	0.0000	nan
646457	-15.9974	0.2307
90378	0.0977	0.9269
5566	-1.7877	0.0135
55723	1.8854	0.0252
100507373	-1.6161	0.0100
22859	-1.5402	0.0896
105372288	1.4482	0.2775
101928845	0.0000	nan
976	-0.2192	0.8157
10212	0.5473	0.1876
5585	-0.8098	0.3590
5731	0.2214	0.8690
10755	-0.6763	0.4731
3337	-0.8860	0.0731
9524	0.2848	0.6014
693224	0.2600	0.7791
112268253	3.5055	0.2000
4713	1.2032	0.4094
388512	-14.4854	0.3051
84658	-12.5462	0.4950
106635534	1.6189	0.4212
107985308	0.0000	nan
84449	-1.1365	0.0162
30817	0.8528	0.5101
26664	0.0000	nan
26659	12.8642	0.2722
390892	0.0000	nan
26333	0.0000	nan
26658	0.0000	nan
6511	16.8551	0.2722
126402	0.0000	nan
23581	0.0000	nan
126370	0.0000	nan
85360	-1.3570	0.1134
10994	-0.5892	0.4291
4854	-0.7357	0.3128
102465476	0.0000	nan
79852	3.4760	0.2096
23476	-0.9865	0.0647
10270	-0.9599	0.0187
26993	-0.4392	0.5787
58525	-1.6925	0.0523
100302127	0.0000	nan
64926	-0.9898	0.4124
114770	15.2751	0.0004
126410	-13.3454	0.2192
11283	0.0000	nan
4051	0.7798	0.6621
66002	-11.4656	0.4950
26538	0.0000	nan
26532	0.0000	nan
388514	-12.6052	0.4950
284433	0.0000	nan
26539	0.0000	nan
105372290	0.0000	nan
652995	0.0000	nan
102724279	0.0000	nan
105369202	0.0000	nan
8529	0.0000	nan
57834	-13.4832	0.4950
126541	0.0000	nan
105372291	0.0000	nan
126536	16.4293	0.2722
148231	0.0000	nan
105372292	0.0000	nan
7171	1.5267	0.2274
4218	0.2733	0.5278
84941	0.3736	0.4213
117286	0.0000	nan
26017	-0.1131	0.8581
8907	-0.6708	0.1795
10365	-1.9123	0.3905
58513	-1.2147	0.0785
125972	-16.2354	0.0028
84167	-1.7628	0.0029
10523	-2.1249	0.0195
79939	-0.2181	0.7074
105372295	-1.8862	0.0142
9441	-0.5917	0.0237
105372296	0.3014	0.8221
79086	-0.6536	0.1900
79041	-1.7767	0.1083
284434	14.8050	0.2722
23309	-2.3315	0.0070
9002	0.0000	nan
27151	-3.6347	0.1691
93323	0.8232	0.1538
4650	-1.4605	0.0907
109623483	0.0000	nan
55850	0.8387	0.4689
79629	0.0310	0.9351
2063	-1.0649	0.1688
83878	-13.6300	0.2754
29086	0.1765	0.7807
126549	0.2163	0.6132
79575	-1.1561	0.2244
64981	-0.6582	0.0926
79016	-1.3852	0.1055
57719	-2.3637	0.1451
84705	-1.2658	0.0281
83483	16.7680	0.2722
105372298	0.0000	nan
110806280	-15.8238	0.4950
684	2.0410	0.3919
105221694	0.3839	0.8153
93343	-0.1344	0.8713
100130519	-18.3664	0.0683
115861	-15.0153	0.2192
376497	-0.4786	0.5785
100507551	-0.2600	0.7111
25796	-0.0268	0.9791
199786	-0.6210	0.4587
79709	-0.7834	0.2045
23025	-0.4550	0.8001
55201	-1.9122	0.0724
23149	0.0802	0.9490
10331	0.0000	nan
3640	4.7459	0.2878
3718	-0.7892	0.3195
6142	0.3309	0.7644
26780	-21.2351	0.1121
6528	15.9396	0.2722
115098	-0.6590	0.4135
3780	1.4767	0.3494
27106	-2.6872	0.0029
3594	-11.8589	0.4950
23031	-0.6909	0.2917
5296	-1.3508	0.0634
10437	2.1433	0.1124
84769	0.5813	0.1077
5864	-0.5330	0.5017
102725254	-17.5647	0.3065
5143	-0.5783	0.6941
729966	17.3895	0.2722
80726	-2.4576	0.0198
3727	-1.4703	0.1988
100422833	0.0000	nan
25804	0.6596	0.0974
105372300	-20.4656	0.0089
54858	-1.3739	0.0721
9518	0.4945	0.7604
100422943	-21.4777	0.2314
126364	-15.9842	0.3718
170463	-0.5621	0.4916
51477	-2.9705	0.4072
8178	-1.8506	0.0188
23770	-0.3248	0.7523
79036	0.2109	0.8049
7311	0.2080	0.8395
55049	-0.7447	0.2559
9244	-0.2921	0.8795
25789	-1.5514	0.3480
55295	-1.7120	0.0006
23373	-2.8470	0.0013
1311	-3.6089	0.3059
107985321	-18.5563	0.1804
5976	-2.5822	0.1739
10715	2.1247	0.3198
2657	3.0226	0.3248
11316	0.0621	0.9506
54555	0.3559	0.7467
9454	0.0595	0.9334
102724360	-1.0233	0.4246
107985268	-3.5576	0.2587
10147	-0.9064	0.1154
93436	-0.4061	0.6009
284439	-1.6354	0.0121
54929	-0.5399	0.3067
4207	-0.5330	0.4874
100271849	-1.9834	0.0522
729991	0.0944	0.8610
8625	0.4727	0.6837
126382	0.2831	0.6621
1463	-15.0996	0.4028
404037	-18.1037	0.3223
53345	-0.5130	0.7430
57794	-0.1729	0.8311
23383	-1.3185	0.0053
54815	-0.9788	0.1329
693225	0.0000	nan
83983	-2.0238	0.0464
51079	0.6626	0.6349
374887	-1.8408	0.1048
148113	-0.8112	0.5226
80714	-2.5348	0.1320
9170	-1.3365	0.2140
51291	-1.5559	0.1118
57130	-0.9343	0.0740
94039	-0.5373	0.3259
7561	-0.5417	0.1195
101060187	-15.5169	0.0840
284440	-1.7248	0.0451
112267872	-1.1297	0.0846
7608	-3.2843	0.0207
440515	-0.0773	0.9290
56242	-0.4478	0.5796
81931	0.7147	0.5133
91120	-0.4827	0.6055
105372308	0.1419	0.9090
105372309	-1.3808	0.5166
7643	-0.0296	0.9627
105372310	0.6079	0.4842
90649	-0.1705	0.8167
105372311	-16.5680	0.3642
102724427	0.0000	nan
105372314	0.0000	nan
664701	-0.2483	0.4402
100302179	-18.8372	0.4950
105372317	15.2153	0.2722
105372316	-13.1321	0.4950
100129842	-1.0736	0.1862
105372318	-14.3043	0.3876
199777	-0.6415	0.3986
105372319	0.7372	0.6874
7617	0.7134	0.6432
7639	0.1295	0.8887
112268247	0.0000	nan
80264	0.2687	0.8068
148206	1.1252	0.5303
170959	-0.8302	0.4344
7562	-0.4030	0.6739
148203	0.1491	0.8839
284443	-0.2740	0.7740
105372321	-0.5698	0.5961
400680	0.9640	0.5622
353088	0.3111	0.7677
101929007	-1.0668	0.2254
105372323	-13.0870	0.2192
400682	2.2244	0.3800
163227	0.1696	0.8795
641367	-0.2234	0.8611
7594	-0.5627	0.5180
105372324	0.0000	nan
105372326	14.8573	0.2722
112268249	-0.7489	0.5128
105372325	0.0000	nan
7757	-0.4863	0.6567
112268248	0.0000	nan
113835	0.8379	0.5958
163223	-12.3156	0.4950
105372328	0.0000	nan
107985324	0.0000	nan
100287226	0.0000	nan
105372330	0.0000	nan
148198	1.7110	0.4705
105376917	0.0000	nan
101929124	16.6869	0.2722
100128139	0.0000	nan
105372331	0.0000	nan
440518	0.0000	nan
100996349	0.0000	nan
374890	0.0000	nan
57615	4.3290	0.1867
7652	14.0956	0.2722
646864	0.0000	nan
105372332	0.0000	nan
388523	-13.5135	0.2192
101929164	0.0000	nan
101929144	3.1954	0.3250
100129543	3.1221	0.3207
440519	0.8563	0.5116
100132815	-0.8837	0.0519
7644	-1.0768	0.2038
107985285	-15.8593	0.1308
104472717	1.9181	0.4176
105372335	0.0000	nan
105372334	0.0000	nan
105372337	16.3912	0.2722
105372338	-4.2194	0.1080
105372339	0.0000	nan
171392	-0.7851	0.4408
148213	0.6591	0.6230
388524	0.0799	0.9260
730087	0.4825	0.7091
100505851	-17.7932	0.4950
9534	-0.6302	0.4025
100101266	-2.2672	0.3489
105372345	-15.0344	0.3293
148189	-0.4464	0.4326
101927151	0.1320	0.7222
105372348	-12.8580	0.2192
105372347	0.0000	nan
105372346	0.0000	nan
107985269	0.0000	nan
100420587	0.0000	nan
105372349	0.0000	nan
102724908	-11.7204	0.4950
107985336	-17.8594	0.2673
107985335	-16.3216	0.2230
148145	-16.9810	0.4531
102724958	-16.9617	0.3486
100505835	-16.9918	0.3412
7386	0.1922	0.6921
105372352	-15.9314	0.1137
284395	0.0000	nan
342865	12.9052	0.2722
10775	-0.0704	0.8937
105372353	-4.0779	0.0861
79156	0.4963	0.7060
83636	-1.0853	0.0097
107985345	-13.9577	0.4950
898	-0.8647	0.2398
8725	0.0904	0.7188
107985271	0.0000	nan
9745	1.1713	0.3559
105372354	-15.9874	0.2192
107985280	0.0000	nan
105372355	0.0000	nan
105372358	-0.1800	0.8933
105372356	-1.8760	0.3199
57616	-0.7253	0.1662
107985312	0.0000	nan
107985311	-3.0592	0.0237
105372360	0.0000	nan
100507527	0.0000	nan
105372361	0.0000	nan
105372362	0.0000	nan
105372363	12.8805	0.2722
105372364	0.0000	nan
100996665	0.0000	nan
105376899	17.4886	0.2722
101927411	0.0000	nan
107985270	0.0000	nan
22847	-0.1317	0.8441
400684	-0.0848	0.8615
147991	-0.1371	0.8882
9141	0.5145	0.4410
84079	-0.5281	0.0508
109616972	-19.8955	0.0313
388531	-2.8667	0.1395
390916	0.2474	0.5760
105372368	-18.2373	0.2729
91646	-1.0226	0.2615
11136	-2.2039	0.2460
84902	0.0736	0.5772
91442	0.3631	0.5964
85415	-0.9384	0.3293
55094	-0.2183	0.3183
126248	-2.7249	0.0670
100189006	0.0000	nan
4037	-0.5901	0.5703
56301	-0.9950	0.0770
1050	-2.1241	0.1919
80054	-17.2567	0.0664
1054	-0.5093	0.6101
5184	-0.4819	0.3680
105372370	-14.0079	0.4950
100996681	0.0000	nan
64377	1.3890	0.5388
79047	-0.5116	0.6941
105372371	0.0000	nan
26065	-0.3193	0.6669
9710	-0.9717	0.1191
2821	-0.6054	0.1493
84306	0.4826	0.2040
10054	-0.5067	0.1092
126374	-1.4317	0.0758
100129800	-1.6049	0.0759
105372374	-14.5100	0.2192
643719	-0.2101	0.6107
284402	-1.8695	0.0743
100130342	-17.3658	0.2192
55900	-1.4380	0.0085
339318	-1.2013	0.0932
148103	-1.2216	0.0201
400685	0.0000	nan
100652909	0.0000	nan
105372377	0.0000	nan
100652911	0.0000	nan
102723513	-15.1331	0.4950
90075	-0.4292	0.0612
126375	-0.7544	0.1818
57655	-0.8491	0.2816
6324	-0.6253	0.5895
3249	-13.4794	0.2192
100128675	16.2260	0.2722
5349	0.3886	0.8607
102466205	0.0000	nan
163175	-18.4326	0.0177
5348	-0.2048	0.7569
53822	-17.6413	0.0712
53827	0.1030	0.9001
105372379	0.0000	nan
148109	16.3828	0.2722
51599	-0.1179	0.4006
105372380	-15.8950	0.4950
7392	-0.6844	0.4256
57817	0.0000	nan
4099	0.0000	nan
933	0.3739	0.8661
100847070	18.7406	0.2722
2864	0.0000	nan
2865	0.0000	nan
2866	0.0000	nan
100128682	15.1202	0.2722
101927522	1.9736	0.4276
2867	0.0000	nan
388533	0.0000	nan
93099	1.0690	0.5844
374897	-0.2585	0.8878
26330	-2.6036	0.0512
100506469	-0.9442	0.0658
10430	-0.0855	0.9057
495	0.0000	nan
102723617	19.8515	0.2722
23354	0.2048	0.5557
79171	-0.0700	0.9023
2116	-0.4793	0.1333
1340	0.8860	0.0381
11045	-19.4748	0.0028
100862728	-19.4821	0.0212
27033	-18.0979	0.1010
9757	-2.8286	0.0061
79713	-0.5214	0.3143
199746	-0.3986	0.5013
55851	-1.1278	0.0523
55957	0.5855	0.3950
126393	-0.0473	0.9636
148137	-0.8332	0.1674
115703	-1.9222	0.0640
644050	2.3890	0.3785
58510	-13.1149	0.4950
4868	-13.9026	0.4950
84063	0.3653	0.8284
107985317	0.0000	nan
333	-0.9509	0.5075
84807	-2.1602	0.0308
10870	1.5010	0.3797
7305	16.4187	0.2722
79414	-1.3125	0.1087
105372383	1.9480	0.1066
644096	-0.7566	0.3444
163183	-0.3401	0.6285
84964	0.8232	0.2959
101927572	-0.6735	0.2440
25999	-0.6554	0.1090
199745	0.2586	0.7802
284403	1.0100	0.3378
728361	0.8726	0.4109
5438	0.4241	0.6885
1155	0.4294	0.4357
105372385	-2.4559	0.1761
826	1.3243	0.0676
1346	-1.3989	0.2998
147929	-0.9866	0.0589
7705	-0.4985	0.5075
107985304	-0.4832	0.5149
100134317	-1.5248	0.1487
100506930	-0.8112	0.1166
57677	-1.6102	0.0414
284406	-0.8195	0.0745
644189	-16.0263	0.0078
84924	-0.8987	0.1786
728752	-0.5207	0.4157
339324	-0.2900	0.7025
57711	-0.3740	0.5504
101927599	-0.5768	0.2482
84911	0.1387	0.8562
92283	0.0781	0.9320
163081	-1.0272	0.0867
101927621	-0.5591	0.6585
342892	-0.8201	0.2763
728485	-16.1762	0.0658
284408	-2.7669	0.0009
388536	-0.5286	0.1226
25850	-1.0099	0.1082
374899	0.1076	0.7834
374900	-0.8744	0.0148
147923	-1.1942	0.0548
105372390	-15.7001	0.4950
199704	-0.2085	0.6973
92285	-1.1943	0.0441
163087	-0.7094	0.2577
101927667	0.4147	0.6622
284412	-1.2975	0.3244
284459	-0.8276	0.0690
84503	-0.0922	0.8466
148266	-0.3206	0.7291
148268	-0.8050	0.1221
101927720	-0.8969	0.4320
390927	-0.3511	0.7867
100507433	0.8806	0.3094
163255	-2.4913	0.0092
51276	-1.0100	0.1880
22835	-1.0650	0.1378
163115	-0.0614	0.9445
84775	-0.8379	0.0896
126231	-1.7713	0.0484
105372394	-14.4136	0.4950
644554	-1.9819	0.1563
100631378	-2.1819	0.3506
105372395	0.0000	nan
83889	3.2952	0.3207
107985301	0.0000	nan
23094	-1.7627	0.3653
105372396	0.0000	nan
109623473	0.0000	nan
8193	0.0381	0.9636
94274	0.7190	0.6385
10653	-2.1784	0.1078
90522	0.0263	0.9736
64073	-0.9315	0.4506
9424	1.0739	0.2446
57828	-1.1977	0.4507
5714	0.7798	0.5034
199720	-0.6038	0.3898
399473	-0.8893	0.3022
147965	-0.6029	0.1942
115727	-0.7008	0.2437
6261	2.9733	0.2506
107985290	0.0000	nan
11184	1.1620	0.4314
105372397	-17.0373	0.1082
27335	0.5274	0.6145
81	0.0219	0.9518
107985291	-21.3002	0.0512
147968	1.0837	0.1719
3963	-0.4601	0.7220
653499	-0.7428	0.5140
3960	-2.3155	0.5753
1891	-0.3644	0.2645
3191	-0.0471	0.9349
126432	-0.3703	0.4688
22933	-0.1208	0.8147
4793	-0.3603	0.6537
643669	0.4024	0.2637
54938	-0.0093	0.9919
6183	-0.3646	0.6473
115290	-0.5910	0.0955
126433	1.0211	0.1180
390928	2.3126	0.0099
10298	-1.6865	0.0650
342897	3.4019	0.0751
342898	0.0000	nan
282617	0.0000	nan
101180976	14.9093	0.2722
282616	0.0000	nan
282618	0.0000	nan
57622	-0.0407	0.9794
9535	-0.1355	0.9193
55095	-1.0736	0.1807
54623	-0.0252	0.9764
55588	-0.1759	0.6782
7538	-1.9251	0.1132
100616163	0.0000	nan
100189324	-18.6483	0.2192
64857	-1.7156	0.0719
6217	-0.0250	0.9783
6829	-0.9317	0.1893
109623469	-20.2669	0.2692
92609	0.2550	0.6305
10683	0.2123	0.8724
348303	0.0000	nan
126272	-0.7395	0.0014
163126	-1.3673	0.0118
105372399	-15.0188	0.4950
29124	0.0000	nan
100129935	0.0000	nan
148003	0.0000	nan
400696	0.0000	nan
56891	0.0000	nan
1178	0.0000	nan
342900	0.0000	nan
9149	-1.7618	0.0619
102465974	-19.8920	0.0524
2091	0.5909	0.4939
8857	-0.2979	0.7447
107987267	-14.7918	0.3033
5704	0.6729	0.1893
339327	-0.8149	0.0540
163131	-0.7786	0.3483
284323	-0.8881	0.2466
4294	-2.2202	0.0460
148014	-0.6609	0.4288
79935	1.0937	0.0847
208	-0.5922	0.0401
107985289	-3.9726	0.0233
693226	-21.5610	0.0236
126526	-0.7398	0.0387
23646	-1.2473	0.0892
102465477	-19.2581	0.4950
147746	1.6062	0.4199
57716	-1.6359	0.1055
29950	-0.2070	0.6871
29946	-0.3358	0.5776
105372489	-1.1847	0.1534
645	0.0240	0.9781
57731	-1.1468	0.3363
92799	-1.2832	0.0964
8425	-1.2362	0.0321
9253	-0.8707	0.0212
79934	-1.0280	0.1728
80271	-1.2360	0.0623
284325	0.1414	0.5972
6626	0.1438	0.8257
8190	0.0000	nan
100529262	-0.4523	0.1450
100529264	-0.3332	0.6512
53916	-0.5181	0.1189
112398	-0.2846	0.7249
171523	-1.0336	0.0978
1548	-4.4671	0.0300
1549	-6.5867	0.1928
22952	-1.8734	0.2341
107985299	-0.6528	0.6584
1556	-2.3635	0.0939
1555	-2.1066	0.1255
1553	14.8048	0.2722
1572	0.1409	0.9106
29785	2.8676	0.3346
558	1.2084	0.2830
11100	0.0685	0.8211
105372401	1.2901	0.3412
90324	-0.5641	0.1485
7040	-1.4698	0.1029
80776	-0.7714	0.1928
641649	-1.4636	0.0586
56915	0.4031	0.5962
593	0.1255	0.8877
374907	-1.0928	0.0709
55101	-0.1681	0.6339
100170765	0.0000	nan
107985329	0.0000	nan
100505495	0.0000	nan
101927931	-1.7589	0.5822
90273	16.2260	0.2722
105372404	15.5944	0.2722
1089	0.0000	nan
105372405	0.0000	nan
1087	0.0000	nan
1048	0.0000	nan
4680	0.0000	nan
112268252	0.0000	nan
1084	0.0000	nan
147719	5.2694	0.2364
63946	16.2166	0.2722
6223	-0.2190	0.8379
102465478	-0.9605	0.3031
973	-0.7085	0.6210
9138	-0.8901	0.1074
390937	0.2910	0.8249
100505585	-1.2079	0.5327
10567	-0.3521	0.6065
478	1.3601	0.4845
2901	-1.1926	0.2537
64763	-0.1533	0.7416
5452	-1.1555	0.3086
100505622	-1.2620	0.4737
100422980	-19.1036	0.4950
162989	0.0272	0.9625
116115	-0.2391	0.5730
2931	-0.7037	0.0798
2077	-0.8196	0.0761
23152	-2.8667	0.0839
5050	2.0473	0.0062
284338	0.3946	0.6162
284339	-1.1621	0.6982
1954	-2.3097	0.0195
102465875	0.0000	nan
84518	-0.1039	0.9501
101930071	0.1101	0.9124
100996307	-1.1558	0.0973
3991	-0.8806	0.0503
284340	2.9005	0.0592
634	-16.3443	0.0269
105372407	0.1413	0.9284
1088	0.0000	nan
5671	-0.5199	0.3506
440533	-0.4242	0.5024
100289650	-1.1062	0.3388
653492	-0.2494	0.7695
5669	-0.3103	0.1164
5675	-0.2468	0.7422
5676	0.7964	0.5758
5680	0.1424	0.8713
5670	-1.0626	0.3098
107985349	-0.4908	0.4207
5673	-0.6773	0.3031
5672	1.9425	0.0770
284344	0.4079	0.7142
5678	1.1549	0.0968
23574	-14.9298	0.4950
57126	-2.4401	0.1561
83639	4.0044	0.1277
27076	-3.0734	0.4521
653583	-1.5633	0.2585
23474	-0.1621	0.7937
284346	-2.0203	0.1961
7515	0.8659	0.0086
390940	0.2355	0.7817
126298	-0.1289	0.5876
79177	-0.5990	0.1865
126299	-0.5852	0.4310
100170229	-0.7565	0.4054
105372411	-1.4587	0.1812
199731	-1.6958	0.0728
105372410	-15.3535	0.4950
5329	1.0191	0.1310
105372412	-16.9218	0.0685
56269	-14.4066	0.4950
56006	-1.0454	0.0731
3783	0.5794	0.6266
284348	-2.6013	0.1607
284349	-0.5637	0.3857
342908	-1.9809	0.0719
100505715	-0.2595	0.7867
7596	-1.0552	0.0447
7638	-1.5710	0.0844
7711	-1.0822	0.0384
101928063	-0.5611	0.4010
7773	-0.8765	0.0994
105372414	16.3408	0.2722
7673	-0.9134	0.1225
7766	-1.1862	0.0142
342909	-0.8506	0.0648
7767	-1.8802	0.0101
100379224	-2.4275	0.0010
7768	-1.1712	0.0083
10780	-0.9090	0.0510
7769	-0.6075	0.1214
7770	-0.5305	0.2165
353355	-0.4785	0.3700
9310	-1.7361	0.0105
7771	-1.3149	0.0011
26974	-0.1994	0.7357
7772	-1.0586	0.0572
7733	-0.9192	0.1009
125931	0.0000	nan
388550	4.9975	0.2851
147710	-16.7419	0.3097
107985305	-0.9621	0.3220
5817	-0.0667	0.8410
100616355	-19.3031	0.2192
56971	-3.2179	0.0485
107985306	-2.5244	0.0643
388551	-14.3009	0.3066
602	-1.3641	0.1064
102465879	-21.0936	0.0115
23624	-12.9803	0.4950
4059	-1.7609	0.2154
5819	-0.9696	0.1074
10452	0.0625	0.9390
348	-2.6830	0.1190
341	-1.4898	0.2256
342	4.5584	0.2902
346	0.0000	nan
100533990	3.5234	0.3125
344	3.5235	0.3125
1209	-0.6656	0.3601
5971	-0.5030	0.5973
11129	-1.8962	0.0161
162979	-0.6957	0.4669
79760	0.5788	0.2038
105372419	0.5780	0.1523
284352	-0.6333	0.4129
284353	-3.2191	0.1693
105372420	-16.8260	0.3033
79090	-0.5640	0.5231
388552	-0.0213	0.9446
90332	-0.6248	0.7016
57787	-1.3388	0.0331
1158	-0.3078	0.8417
147700	-1.2965	0.0637
2068	-0.4530	0.4500
10848	-1.6096	0.1501
10849	0.3106	0.6228
2067	0.1145	0.8802
102464836	-19.5401	0.4950
2354	-1.7800	0.2182
6253	-0.8248	0.2711
147699	0.2238	0.8184
107985314	0.1126	0.9279
7408	-0.9443	0.2819
107985315	-19.8593	0.0124
80207	-0.4178	0.2778
2828	0.9866	0.3242
24139	-2.2632	0.1074
442902	2.4754	0.3706
100287177	0.2048	0.8714
2696	-2.5060	0.0087
693227	1.9737	0.4277
100500845	1.9736	0.4277
6633	0.9286	0.4916
54814	-0.8061	0.3381
23403	-1.9468	0.0041
388553	1.5413	0.4606
147912	-1.1859	0.0768
109729182	-3.4464	0.0843
1760	-2.8773	0.0536
1762	-1.7627	0.0146
81492	0.9312	0.6372
8189	-0.7372	0.1790
3171	-13.9486	0.2192
26145	-0.4729	0.6129
339344	-2.1179	0.0433
339345	13.6167	0.2722
4858	2.8670	0.3353
729440	-0.1557	0.8573
768217	0.0000	nan
8993	-17.8644	0.0267
105372421	-2.7490	0.0869
444882	-13.6660	0.4950
147920	2.6376	0.0788
388555	0.0000	nan
105376901	-14.4187	0.4950
105372424	1.1611	0.5988
645553	-13.1571	0.4950
93429	0.0000	nan
374918	0.0000	nan
64344	4.0025	0.1623
5536	-0.3544	0.4091
105372426	-0.8986	0.0568
83987	1.0163	0.4745
55228	0.0097	0.9923
100506012	-0.4542	0.5390
57469	-2.5777	0.0076
808	0.2549	0.5133
5739	0.0336	0.9538
94235	-0.9879	0.4676
147906	-1.0281	0.1891
100506068	-3.5612	0.1948
25865	-0.8444	0.1863
100422913	-19.2703	0.4950
107987269	-2.3440	0.0080
29888	-0.8033	0.3020
79147	-1.6854	0.0052
6510	-0.7069	0.4592
107985273	-15.9123	0.2192
100170220	-16.9331	0.4950
1175	-0.5786	0.4744
2909	-0.0428	0.9495
4861	-1.6361	0.1401
54958	1.1980	0.0981
23211	-2.1681	0.0258
10055	0.5059	0.2938
27113	-0.6164	0.5514
100422899	-22.8027	0.0888
100422832	-22.5080	0.0200
26093	-2.2879	0.0056
255783	0.3676	0.0917
105372427	-2.0867	0.0808
728	-2.7487	0.0605
27202	1.5932	0.2740
9704	-0.9633	0.0587
56917	0.3684	0.7531
6543	0.0000	nan
11133	-1.0195	0.0166
100505681	-0.7499	0.3000
8775	-0.0067	0.9942
84215	-13.1334	0.3033
29998	-2.4056	0.0246
30846	-0.9268	0.0952
29997	0.2131	0.8484
692091	-22.1766	0.0190
106144593	0.4651	0.5814
6415	-0.3549	0.5779
284355	-12.9957	0.4950
1406	18.3289	0.2166
102725176	0.0000	nan
6822	-12.9454	0.4950
100126800	0.0000	nan
100170223	0.0000	nan
100126798	0.0000	nan
100169951	0.0000	nan
100170218	0.0000	nan
100126799	0.0000	nan
100170219	0.0000	nan
100169959	0.0000	nan
100170226	0.0000	nan
100170225	0.0000	nan
100131137	0.0000	nan
64100	0.0000	nan
56344	-0.1830	0.8862
8605	-0.2639	0.7490
106144526	0.3780	0.2915
3978	0.3724	0.4017
107985293	1.8464	0.0315
374920	-1.1615	0.0797
22900	-0.8664	0.2067
100505812	-0.2908	0.5585
105372429	-15.3128	0.2192
163071	2.4646	0.2625
93233	-1.0870	0.1794
2014	-0.1969	0.7210
55260	-1.9957	0.0219
23546	3.6457	0.0840
10945	-0.0550	0.8192
107984140	-3.7678	0.0867
2906	-0.8253	0.1148
83743	0.2111	0.6911
3770	-1.9767	0.1568
9266	-1.0114	0.1611
114783	-3.9870	0.0918
6820	0.1492	0.9052
54854	2.2483	0.3692
171169	-13.9489	0.4950
6141	0.8976	0.5081
56848	-1.7976	0.1290
1628	-1.6494	0.1288
770	-0.8121	0.5019
653677	-0.7395	0.4738
126147	-2.1354	0.0861
105372431	-17.5310	0.0702
2524	-0.3168	0.7090
105447645	-18.3635	0.0807
284358	-0.3281	0.6934
54922	1.7068	0.2219
284359	0.0000	nan
2523	2.6672	0.3408
26291	-15.8012	0.4950
587	0.1831	0.8417
105372432	-2.0945	0.0107
51171	-2.4696	0.0513
57664	0.0662	0.9437
23645	-0.3340	0.6616
7288	-0.9391	0.3729
4924	-0.8556	0.3230
100874085	-1.1921	0.2662
27294	-0.2902	0.7387
581	-1.2349	0.1286
2512	0.0983	0.9212
2997	-0.7261	0.2545
10856	0.6757	0.4601
102466738	0.0000	nan
3972	1.3228	0.1323
101059948	-1.5374	0.1419
1082	4.2004	0.2941
100170228	0.0000	nan
114336	3.2676	0.3156
114335	4.6616	0.2882
100126780	0.0000	nan
93659	5.2368	0.2779
94115	4.5023	0.2363
94027	0.7869	0.5232
4909	-0.0244	0.9705
3743	1.4519	0.0072
6625	-1.0137	0.0983
64130	0.4308	0.3435
55150	0.9392	0.4206
8541	-0.6171	0.3955
3270	-15.7285	0.4219
54795	-1.8215	0.2232
107985340	-18.1837	0.3065
28968	-1.2943	0.2451
100422979	-2.0418	0.3431
951	-2.9712	0.1600
8463	-0.1590	0.8468
27120	-1.0843	0.2694
101928295	-1.8661	0.1529
147872	15.4254	0.2722
113091	0.0000	nan
100507003	0.0000	nan
57030	-3.9483	0.3997
55011	0.0309	0.9745
126133	-0.3757	0.6356
2323	-0.7321	0.3927
23521	0.1955	0.8642
26819	-1.9257	0.2210
26818	-21.4410	0.0573
26817	-0.1299	0.8600
26816	0.3373	0.7712
6205	0.2145	0.8389
84546	-0.2696	0.6325
406942	0.0000	nan
2217	-1.1237	0.1709
57333	0.3380	0.7625
51070	0.4999	0.6875
5639	0.7140	0.6590
57479	-2.8437	0.0380
6237	-0.5376	0.2106
58506	-2.4168	0.0471
3661	-0.4378	0.5134
83596	-0.7025	0.1873
3276	0.4772	0.6935
100847074	20.2471	0.2722
199800	-17.2831	0.0811
126129	-1.7704	0.0475
60385	-1.9323	0.1613
105372434	-17.7868	0.0016
160	-1.2009	0.1451
102465479	0.0000	nan
80199	-0.3835	0.6217
105372435	-0.2467	0.7958
81857	-1.6238	0.0757
102465480	-2.5581	0.0074
100506033	-0.9904	0.1926
53635	-0.2677	0.3764
100616313	-20.4044	0.0524
101928378	-0.4385	0.2259
11284	-0.8162	0.2279
84335	-1.0668	0.0528
79735	-1.3372	0.1816
100616314	-2.9529	0.0568
259307	-0.4105	0.7095
23636	0.0033	0.9922
22809	-1.1422	0.4510
100616483	-0.6917	0.6332
114132	-0.2504	0.1525
400709	-0.6246	0.7069
51231	-0.4653	0.2864
25888	0.1329	0.7551
400710	-17.5410	0.1177
100169956	0.0000	nan
100191063	0.0000	nan
100169952	0.0000	nan
100169957	0.0000	nan
100169953	0.0000	nan
100169958	0.0000	nan
100169955	0.0000	nan
100170216	0.0000	nan
100169954	0.0000	nan
100170224	0.0000	nan
105372436	0.0000	nan
100170217	0.0000	nan
100170227	0.0000	nan
126123	15.5876	0.2722
79784	15.4038	0.2722
3748	-15.3566	0.2389
105372437	0.0000	nan
256236	-13.4982	0.4950
9476	-18.8294	0.0103
7376	-0.5374	0.5005
5424	-1.0632	0.0701
6689	-13.3235	0.4950
4606	16.1276	0.0088
112703	-2.2404	0.1908
284361	-0.9055	0.2353
126119	-1.2346	0.1074
554235	-2.5447	0.0220
94030	2.1436	0.3834
100126781	0.0000	nan
84258	-15.5790	0.0658
342918	2.1376	0.3867
50944	-1.9418	0.0688
6320	-1.3780	0.1611
2854	0.0000	nan
105372440	4.2955	0.2941
105372439	-15.7251	0.4950
93650	-1.6683	0.1496
84798	0.8013	0.5627
692203	-21.6955	0.0002
692202	0.0000	nan
692204	-18.2578	0.2192
284365	-18.6450	0.0067
3816	0.0000	nan
55554	0.0000	nan
105372441	0.0000	nan
354	0.0000	nan
3817	0.0000	nan
606293	0.0000	nan
9622	15.6635	0.2722
25818	0.0000	nan
5653	0.0000	nan
105372442	0.0000	nan
5650	17.6208	0.2722
11202	0.0000	nan
284366	0.0000	nan
5655	2.0162	0.4216
11012	0.0000	nan
43849	0.0000	nan
26085	0.0000	nan
107985341	0.0000	nan
43847	-0.2295	0.8643
90353	0.1501	0.8940
27180	-14.0479	0.4950
27036	0.0000	nan
101928517	0.0000	nan
284367	0.0000	nan
102465873	0.0000	nan
945	16.1196	0.2722
107985327	0.0000	nan
284369	0.0000	nan
105372444	0.0000	nan
107985326	0.0000	nan
402665	-15.5238	0.3432
147645	-0.7002	0.0293
2109	1.3916	0.0022
125875	-2.2100	0.0682
4818	-14.0297	0.4950
3982	0.0000	nan
105372446	-0.4209	0.4191
147646	-13.3244	0.4950
89790	-14.5532	0.4950
100129083	-14.0626	0.2192
27181	0.0000	nan
729767	0.0000	nan
89858	0.0000	nan
946	-11.6393	0.4950
7728	-0.4474	0.4767
729975	0.8202	0.3378
8778	0.0000	nan
100049587	12.8359	0.2722
102238594	-0.5825	0.5633
147650	-2.3170	0.0779
407056	18.0994	0.2722
406887	0.0000	nan
406910	-19.2671	0.3033
3036	-19.0709	0.4074
2357	-0.1320	0.9187
2358	-14.6135	0.2276
105372448	0.0000	nan
2359	3.5586	0.3114
84765	-1.3828	0.0245
101928571	-1.3810	0.1475
65251	-0.7519	0.1671
79898	-0.4029	0.0699
101669766	-18.9435	0.0333
59348	-0.0842	0.8218
284370	-1.1209	0.0186
80110	-0.1683	0.8389
112268244	-2.6050	0.0078
9668	-0.8667	0.2492
284371	-1.2099	0.0981
90317	-0.8882	0.0544
162962	-1.1968	0.0341
5518	-0.0037	0.9944
102466984	-20.0253	0.0502
105372449	3.5688	0.0751
90321	-0.0616	0.8953
693228	-17.2753	0.4950
147657	-0.4111	0.5117
162963	-1.2028	0.0662
400713	-0.3330	0.3090
102724105	-1.3264	0.1047
84436	-0.7778	0.1777
147658	0.5381	0.3728
147660	-0.0800	0.9078
388558	-0.9459	0.0388
55762	-0.5076	0.2429
7696	-0.1280	0.9092
55769	-1.9314	0.0156
81856	-0.8296	0.3314
105372452	18.7369	0.2722
105372451	-17.8171	0.0658
162966	-0.3769	0.6570
7576	-0.4445	0.5204
90333	-0.3438	0.5473
162967	-1.1126	0.0985
388559	-0.9745	0.3514
100529240	-1.1574	0.0233
399669	-1.1832	0.0253
125893	-0.9266	0.0416
79986	-1.1231	0.4139
105372453	-1.3769	0.3849
147664	0.0000	nan
100271846	14.2472	0.2722
90338	-1.0332	0.0223
55786	-0.6135	0.3603
84671	-0.4289	0.5712
79788	-1.5784	0.0059
390963	-1.2190	0.0040
342926	-1.1465	0.0260
317701	0.0000	nan
317703	0.0000	nan
646508	0.0000	nan
112401	15.9726	0.2722
107987270	17.7857	0.2722
91664	-0.8960	0.0459
107987264	-0.4078	0.3993
170958	-0.0518	0.9470
91661	-0.2289	0.5581
110116772	-0.8650	0.1247
147804	0.5419	0.5742
388561	-0.7842	0.1336
126017	-0.5679	0.1104
55422	-0.8066	0.0161
284379	16.3277	0.2722
503834	0.0000	nan
107985342	17.7901	0.2722
574458	0.0000	nan
574459	0.0000	nan
100302255	0.0000	nan
574460	0.0000	nan
574461	0.0000	nan
574462	19.4385	0.2722
574463	19.1934	0.2722
574464	0.0000	nan
574465	19.4385	0.2722
574466	0.0000	nan
100302265	0.0000	nan
574467	0.0000	nan
574468	0.0000	nan
574469	0.0000	nan
574470	0.0000	nan
574471	0.0000	nan
574472	0.0000	nan
107985346	0.0000	nan
574473	0.0000	nan
574474	0.0000	nan
574475	0.0000	nan
574476	0.0000	nan
574477	0.0000	nan
574478	0.0000	nan
574479	0.0000	nan
574480	0.0000	nan
574481	0.0000	nan
574482	0.0000	nan
574483	0.0000	nan
574484	0.0000	nan
574485	0.0000	nan
574486	0.0000	nan
574487	20.0912	0.2722
574488	0.0000	nan
574489	0.0000	nan
574490	0.0000	nan
574491	0.0000	nan
574492	0.0000	nan
574493	0.0000	nan
574494	0.0000	nan
574495	0.0000	nan
574496	0.0000	nan
574497	0.0000	nan
574498	0.0000	nan
100302205	0.0000	nan
574499	0.0000	nan
574500	0.0000	nan
442916	0.0000	nan
100616185	0.0000	nan
442917	21.9700	0.2722
442918	0.0000	nan
91662	2.6759	0.3546
105372457	-1.6022	0.1758
91663	0.1433	0.8832
5582	-0.9843	0.4892
59284	3.1260	0.3281
59283	3.3929	0.0214
100126325	0.0000	nan
59285	0.0000	nan
284415	15.9304	0.2722
441864	-13.5569	0.4950
126014	-2.1537	0.0189
4696	-0.5761	0.3234
29844	0.2192	0.7679
26121	-0.2135	0.7508
4849	-1.2760	0.0844
102724273	-3.5806	0.2059
79165	-0.6711	0.3824
147798	-1.4990	0.2722
112268246	-0.5611	0.3362
79143	-0.6890	0.2609
79042	-0.4396	0.3644
6203	-0.1068	0.9233
11025	0.7416	0.2572
107985279	-1.9590	0.1682
79168	-1.8052	0.1466
10990	12.2213	0.2722
10288	4.3534	0.2932
100616171	0.0000	nan
353514	0.0000	nan
23547	0.0000	nan
3903	0.0000	nan
57348	-2.4289	0.3789
104355426	-1.5927	0.0069
114823	-2.1132	0.0294
94059	-0.0860	0.8259
148170	-0.5577	0.5618
3904	0.0000	nan
105372460	0.0000	nan
90011	0.0000	nan
107985347	-14.1226	0.4950
105372461	0.0000	nan
11027	0.0000	nan
11024	0.0000	nan
10859	0.0000	nan
102466251	0.0000	nan
11006	0.0000	nan
102724290	0.0000	nan
79166	17.0816	0.2722
115653	0.0000	nan
3804	0.0000	nan
3802	0.0000	nan
101928804	15.9770	0.2722
3805	0.0000	nan
3811	0.0000	nan
3809	0.0000	nan
3812	0.0000	nan
2204	-13.4388	0.4950
9437	0.0000	nan
199713	17.0096	0.2722
55655	15.7693	0.2722
107985325	-0.5939	0.6041
51206	14.4390	0.2722
112724	-0.4422	0.4510
54869	0.4435	0.5588
54776	-1.0097	0.2136
102466872	0.0000	nan
7138	-16.7260	0.3581
7137	0.0000	nan
352909	0.3072	0.7229
101930593	-16.6430	0.1083
6861	0.1868	0.8668
5794	-0.9402	0.5700
255043	0.3957	0.6251
22870	-1.2220	0.2172
102465482	-18.7702	0.2192
102465481	-1.0998	0.3380
102466739	-17.8177	0.4950
23640	0.1163	0.8769
84446	-2.6647	0.0410
284417	-2.1123	0.2893
84787	-1.3693	0.2024
125965	1.1250	0.5563
284418	16.8368	0.2722
3589	-0.5505	0.5610
147744	-2.6419	0.0119
388564	-18.3347	0.0000
6158	1.1924	0.4061
102465483	1.2639	0.4600
27338	0.5455	0.6126
109623451	-21.6783	0.2223
105372462	0.3836	0.8121
729956	-14.7160	0.2761
79763	0.2181	0.8167
89887	-1.7982	0.1122
57106	-0.6299	0.0969
284297	-2.8451	0.2247
646643	-15.8205	0.0334
100130827	2.0161	0.4217
163033	-0.7612	0.3967
84922	-2.0646	0.0043
147807	-0.1138	0.9203
107985322	-2.3858	0.0209
100507290	-2.6720	0.0241
147808	-1.2064	0.1020
107983998	-3.0070	0.0304
51545	0.0116	0.9923
51157	-0.5607	0.3218
29903	-0.8797	0.4063
11338	-1.4167	0.0524
29924	-1.5754	0.1253
338321	-2.8412	0.1405
105372465	0.0000	nan
342931	0.0000	nan
729974	0.0000	nan
204801	15.9488	0.2722
147945	15.3704	0.2722
126204	16.4315	0.0347
126205	13.2871	0.2722
126206	0.0000	nan
101928886	-13.1423	0.4950
126208	-0.6151	0.4770
55311	-1.0587	0.1137
85569	17.5069	0.2722
342933	-0.9792	0.4107
649137	-2.8968	0.0058
79149	-0.3827	0.5462
100506374	-4.3326	0.0964
105372470	-0.6166	0.3320
112268243	-0.9745	0.1906
105372468	-0.1072	0.9505
147947	0.2646	0.7495
147948	-0.2646	0.5029
386758	-1.1240	0.0802
147949	-0.3221	0.3322
63934	-1.6697	0.1459
100128252	0.5136	0.6513
105372471	-0.4942	0.7017
57573	-1.6358	0.0433
101928982	-1.6221	0.2289
140612	-0.4117	0.6139
112268241	-1.5830	0.0676
388566	-0.2231	0.6631
58491	-0.7687	0.0904
114818278	-1.8461	0.0308
147670	-0.5571	0.7003
90485	0.0602	0.9741
105372473	16.1367	0.2722
105372472	0.0000	nan
101929059	0.0000	nan
23619	2.4508	0.3534
5178	0.0940	0.9277
100169890	1.5832	0.1100
100073347	0.0000	nan
105372475	0.0000	nan
57663	-11.8341	0.4950
114026	12.8700	0.2722
503835	0.0000	nan
9422	-0.6114	0.4240
6795	-0.4158	0.4968
390980	-0.3669	0.0736
105372476	-1.8804	0.0918
10794	-0.7188	0.0107
125919	-0.9134	0.0486
57343	-0.8712	0.0064
284306	-0.8762	0.2929
10597	-0.1453	0.7631
147694	-0.5989	0.0884
7565	-1.6473	0.0128
388567	-0.7188	0.2363
57191	-0.7574	0.4365
400720	-0.9066	0.2098
79744	-1.2888	0.1159
374928	-1.0711	0.0410
256051	-0.6377	0.1725
162972	-1.4794	0.0715
55659	-0.5200	0.0390
284307	-0.5205	0.4040
348327	0.0698	0.9053
7693	0.2985	0.5473
10520	-0.8735	0.0116
201516	-12.8977	0.4950
90233	-0.5801	0.0638
7710	-0.6678	0.4853
79891	-1.2620	0.0527
284309	-1.1715	0.0455
54807	-0.7379	0.1587
79818	-0.5676	0.1234
2282	-0.2274	0.8638
100293516	0.0071	0.9623
84914	-0.6012	0.4884
100874260	-0.8308	0.3424
730051	-1.4026	0.0203
147687	-1.1435	0.0814
147686	-1.0654	0.1271
10172	-1.7786	0.0047
147685	-1.3345	0.1157
80095	-1.1657	0.0363
100128398	-2.0304	0.0447
105372478	0.0000	nan
284312	0.1373	0.9341
7694	-0.0825	0.8903
65982	-1.6174	0.0271
79673	-1.0159	0.0185
10782	0.0735	0.8238
105372479	-3.6380	0.0020
27300	-0.3001	0.2754
105372482	0.3258	0.3405
7554	-1.1978	0.0141
108903150	-0.0384	0.8994
105372481	0.0469	0.8598
105372480	-0.1466	0.7182
342945	-0.8106	0.1074
102465484	-22.6063	0.2186
1	-1.0211	0.1094
503538	-0.2349	0.2828
162968	-0.8514	0.0541
105372483	-20.6420	0.0095
116412	-0.8795	0.2955
105372484	-17.9258	0.0502
100616168	-20.7753	0.1130
6193	0.5314	0.6590
113218487	0.5127	0.6705
646862	0.0000	nan
110806301	-18.2964	0.0650
201514	-0.9875	0.0045
7691	-0.6986	0.0982
388569	-0.7995	0.3033
25799	-1.1181	0.1042
55663	-1.3748	0.0947
112268251	-2.6730	0.0246
10998	0.2525	0.5208
105372485	0.6221	0.6179
84878	-1.3208	0.1492
105372486	-1.8761	0.1076
10155	0.1714	0.8605
102465976	-20.4356	0.0370
27243	1.0926	0.3121
9040	-0.1536	0.8736
100131691	-2.0375	0.0047
7593	-1.9254	0.0252
65996	-0.4384	0.4118
107987272	-0.2635	0.7545
245938	0.0000	nan
81623	0.0000	nan
140850	0.0000	nan
245939	0.0000	nan
140881	0.0000	nan
400830	0.0000	nan
140680	-1.3127	0.0495
85364	-0.5161	0.4839
100507459	0.0944	0.8045
6666	-1.3051	0.0920
101929937	0.5433	0.4793
80023	-0.2434	0.3254
57761	0.6762	0.6668
10616	-0.3616	0.6652
128637	-0.5908	0.1243
1457	0.2132	0.6742
6939	0.0000	nan
107985387	0.0000	nan
140809	-0.4735	0.3815
107985423	1.0558	0.0852
105372491	16.4799	0.2722
85508	16.0448	0.2722
113278	0.0000	nan
83541	-0.4822	0.2737
51378	-13.8472	0.2262
105372492	-14.9548	0.4950
343637	-3.2122	0.2366
105372494	-17.0444	0.2678
9491	0.2442	0.6299
105372493	-2.4537	0.0503
55321	0.5564	0.7374
105372496	-0.9164	0.4781
400831	-16.4793	0.3432
642636	2.4426	0.3590
9751	-0.9993	0.1999
100528031	-0.0035	0.9945
27111	-3.5592	0.0550
100507495	-0.9538	0.0070
2280	2.2330	0.2470
102465524	-0.5758	0.5595
105372497	17.6031	0.2722
55968	-0.1062	0.8418
284759	0.0000	nan
105372499	-15.0533	0.4950
105372498	0.0000	nan
128646	-17.2923	0.4219
107985409	0.0000	nan
10326	-1.2637	0.0167
55423	0.0000	nan
101929010	0.0000	nan
105369219	-16.9282	0.3558
100289473	-1.9011	0.1902
107984104	-1.0051	0.4761
105372501	-14.6718	0.1733
107984088	-0.6534	0.3693
102724545	-2.8507	0.0421
140885	-0.9891	0.0001
727993	-12.9963	0.4950
5173	-11.6631	0.4950
140901	-0.6739	0.1251
105372502	-15.2045	0.3033
388780	0.0000	nan
7053	0.0000	nan
105372503	0.0000	nan
343641	0.0000	nan
6628	-0.4242	0.5686
100113378	-20.6796	0.1219
79175	-0.8028	0.0635
105372504	0.0000	nan
117532	-14.5383	0.2192
105372505	-17.9545	0.0078
10528	0.4445	0.4139
100302138	0.4963	0.5847
692213	-23.1597	0.1332
677831	-0.9576	0.3816
692201	-1.0011	0.3450
26793	-2.0068	0.0499
26792	-2.0914	0.1596
3420	0.0754	0.9154
105372507	-17.1201	0.1131
57593	-2.5058	0.2188
105372506	-2.2458	0.1968
56265	0.5766	0.6124
128653	-2.2743	0.2135
100288797	0.3750	0.8245
64773	-1.4220	0.0694
64601	-0.1692	0.7735
5786	-1.0495	0.0180
2797	-17.4442	0.0082
64949	-0.0513	0.9507
101929098	1.1153	0.4821
5020	0.3418	0.7581
551	0.0000	nan
100134015	-0.7365	0.2041
22888	-0.3107	0.5711
60493	-0.5705	0.0396
9762	-1.7429	0.0622
107985414	-0.9862	0.2970
65992	-0.3883	0.5914
3704	-0.5210	0.1699
83959	-1.2517	0.2869
25943	-0.8016	0.1065
105372508	0.0000	nan
105372509	0.0000	nan
8455	-1.5980	0.0066
64096	0.0000	nan
80332	-2.4184	0.0132
6614	-3.4400	0.0656
116835	-1.1836	0.4404
54976	-0.6604	0.4814
25876	-17.7079	0.0333
1059	-0.2754	0.7705
994	-0.1642	0.6941
101929125	-2.1480	0.0707
55317	-0.2677	0.4566
57506	-0.7523	0.0198
107985395	0.1090	0.9055
80025	-1.1383	0.1847
406896	1.8749	0.4162
100302282	2.0461	0.3948
11237	-1.5037	0.2707
54498	0.1315	0.8763
728228	-17.3688	0.1131
146	-0.0310	0.9811
105372510	-14.8611	0.4950
5621	-1.2502	0.0284
23627	14.8548	0.2722
149830	14.3981	0.2722
105372511	-2.6126	0.4442
9770	-0.9064	0.4409
107985392	-16.0581	0.2821
9962	-0.9589	0.0773
29058	-0.1344	0.7095
5111	0.2065	0.7395
100302739	-0.2823	0.0361
8760	-0.8029	0.0972
128674	0.0000	nan
100507629	0.0000	nan
107985411	0.0000	nan
643406	-1.6141	0.0975
105372513	-14.4403	0.2754
149837	-0.5095	0.0525
101929207	-16.3564	0.4950
56261	-0.4836	0.4971
105372514	0.0000	nan
149840	0.2126	0.4655
1114	3.0029	0.1954
51605	-0.4424	0.3497
84515	1.6116	0.3586
101929225	1.1624	0.1815
54675	-0.1906	0.7216
164312	0.1448	0.8869
55612	1.1688	0.4039
101929244	5.4829	0.2813
105372516	0.0000	nan
105372517	-14.9858	0.4950
650	-1.0301	0.1952
101929265	0.0000	nan
101929288	0.0000	nan
101929312	0.0000	nan
102465865	0.0000	nan
105372518	0.0000	nan
54363	-14.4333	0.4950
56255	-0.9279	0.2632
105372520	-14.0519	0.1083
23236	-1.3626	0.5508
100874337	0.0000	nan
105372521	-12.4290	0.4950
26767	0.0000	nan
105372522	-15.6865	0.3580
5332	-1.6804	0.0528
101929329	0.0000	nan
24141	0.0000	nan
57144	-12.5677	0.4950
105372523	0.0000	nan
101929348	17.7508	0.0088
101929371	0.0000	nan
100131208	17.9024	0.2511
63926	-0.9007	0.4229
105372524	-0.2958	0.8837
6616	7.1032	0.2751
112268268	0.0000	nan
8195	-0.5490	0.3525
128710	0.4612	0.4884
182	-1.6050	0.1015
102465525	0.0000	nan
101929395	-15.8948	0.2192
107985398	0.0000	nan
105372525	2.7917	0.3384
101929413	-14.8788	0.3229
728434	0.0000	nan
105372527	0.0000	nan
105372528	0.0000	nan
339593	0.0000	nan
105372529	0.0000	nan
105372530	-15.3441	0.2691
728450	0.0000	nan
22903	-0.1670	0.8352
105372531	0.0000	nan
107985406	0.0000	nan
107985407	2.9385	0.3378
105372532	0.0000	nan
101929486	-13.8947	0.4950
102606466	3.1609	0.3265
105372535	-14.3351	0.4950
100505515	-14.6137	0.4950
55304	-0.2507	0.7262
55617	-0.5836	0.2717
140862	-1.1713	0.1410
105372539	-2.6434	0.0317
100505536	-15.4179	0.2754
51575	0.4993	0.4695
79133	-0.3992	0.0979
80343	-18.1287	0.0615
140733	-2.4827	0.0031
23767	-0.6055	0.5640
140848	0.0000	nan
100379174	0.0000	nan
107985394	3.8238	0.3039
613266	-13.9787	0.4950
55614	-1.1953	0.0575
105372541	0.0000	nan
105372542	0.0000	nan
6629	0.3762	0.2805
56914	0.0000	nan
105372544	0.0000	nan
105372545	0.0000	nan
5126	-0.2203	0.8944
105372546	-10.3761	0.4950
631	-1.6416	0.5507
11034	-0.4123	0.6412
6238	-0.5526	0.3336
140836	0.0000	nan
105372547	0.0000	nan
107985440	-16.6366	0.1234
105372548	-14.4021	0.4950
105372549	2.3737	0.3800
27131	0.3815	0.5643
692086	0.7552	0.3880
92667	-0.4113	0.5174
58495	0.0000	nan
100303755	0.0380	0.8229
57325	0.1106	0.7680
105372551	0.0000	nan
7692	-0.6620	0.1349
105372550	-1.2742	0.1173
107985418	0.0000	nan
440757	0.0000	nan
55184	-0.3296	0.2351
10621	-0.0419	0.9414
100422875	0.2205	0.8671
10741	0.5353	0.6375
10483	0.0088	0.9678
388789	0.5596	0.6272
92675	1.3774	0.0350
101929526	-13.1492	0.4950
107985399	1.6532	0.4357
29075	-3.3623	0.0311
100270804	-2.0973	0.0783
100128496	0.0000	nan
140856	0.0000	nan
102724734	-1.8246	0.3755
107985442	1.3538	0.5474
101929547	-14.9917	0.2691
57419	-3.8147	0.0381
100130264	16.0091	0.2722
107987276	-2.6420	0.0377
54453	-0.2893	0.5474
51126	-0.3821	0.0928
105372553	-1.1770	0.2063
51340	0.1815	0.7005
26074	-14.1361	0.0233
105372554	0.0000	nan
107985413	0.0000	nan
101929575	0.0000	nan
3642	0.0000	nan
57186	-0.7867	0.0284
105372555	0.0000	nan
105372556	0.0000	nan
55857	-0.2219	0.8006
101929591	-4.4213	0.1339
22803	-0.0373	0.8558
644524	0.0000	nan
105372558	0.0000	nan
112268271	-12.8357	0.3033
4821	0.0000	nan
101929625	0.0000	nan
101929608	0.0000	nan
5075	2.2579	0.0436
100270679	0.0000	nan
105372560	0.0000	nan
105372561	0.0000	nan
101929663	0.0000	nan
284788	0.0000	nan
105372562	0.0000	nan
105372563	0.0000	nan
105372564	-12.7644	0.4950
140828	0.0000	nan
3170	0.0000	nan
101929685	0.0000	nan
105372566	0.0000	nan
105372567	0.0000	nan
105372568	0.0000	nan
107985449	0.0000	nan
101929707	0.0000	nan
105372569	0.0000	nan
6754	0.0000	nan
7056	2.6324	0.3083
22918	3.3069	0.0461
200261	0.0000	nan
100505664	15.3235	0.2722
105372572	-16.7513	0.1083
105372571	0.8300	0.6349
29107	0.0152	0.9807
100505683	-18.1355	0.2754
64412	-0.9903	0.1172
63908	-1.7762	0.0620
128817	0.0000	nan
140880	0.0000	nan
10047	0.0000	nan
164380	0.0000	nan
128821	0.0000	nan
128822	0.0000	nan
1471	-0.9309	0.1919
107985383	0.0000	nan
105372573	0.0000	nan
1472	0.0000	nan
105372574	17.0564	0.2722
1469	0.0000	nan
107985432	15.6340	0.2722
105372575	0.0000	nan
1470	0.0000	nan
1473	0.0000	nan
92086	0.0166	0.9943
107985438	-1.4648	0.5080
105372576	0.0000	nan
400839	0.0000	nan
105372577	0.0000	nan
105372585	-16.4942	0.2753
79953	-0.2443	0.8553
107985402	-14.0437	0.4950
105372578	0.0000	nan
8530	-14.0758	0.4950
57136	-0.3719	0.1567
84532	-1.4439	0.1565
30813	-11.5324	0.4950
284798	0.7617	0.6945
101926889	-16.5382	0.1235
955	-1.0847	0.2019
105372579	-3.6123	0.0036
5834	-0.6589	0.1825
26090	-0.3344	0.4636
105372581	-0.3986	0.8749
9837	2.2027	0.2707
22981	-2.2065	0.0000
140838	-0.7956	0.0536
102724826	-0.7411	0.1279
26152	-0.8670	0.0338
107985400	-0.6200	0.5451
105372582	-0.2401	0.8504
728882	-16.4298	0.0190
101926935	-0.9144	0.3245
101926955	-11.6718	0.4950
100134868	-1.2667	0.1845
284800	-16.6805	0.0269
149934	-15.1648	0.4950
284801	0.0000	nan
724033	0.0000	nan
100289097	-0.3231	0.2532
102723316	-0.2586	0.7300
105379476	-0.3813	0.7804
647476	0.0000	nan
105379477	0.2214	0.8428
102723390	0.4827	0.6198
105379478	0.0000	nan
400841	-12.1750	0.4950
107985433	-14.3981	0.4950
105372586	0.0000	nan
105372587	0.0000	nan
284802	-0.9643	0.0101
140678	-0.0188	0.9890
105379481	1.1834	0.5200
107987280	-14.7984	0.4950
102723552	-12.2696	0.4950
245929	0.0000	nan
245930	0.0000	nan
117285	17.4897	0.2722
245932	0.0000	nan
245934	0.0000	nan
245935	15.2745	0.2722
245936	0.0000	nan
245937	0.0000	nan
28954	-1.5284	0.4193
140875	-17.3630	0.2423
81502	-0.6312	0.2074
100874042	-0.9261	0.2996
107985416	-1.8700	0.0725
105372588	0.0000	nan
3397	2.7660	0.1093
100422904	23.0910	0.2722
84701	0.0000	nan
598	-1.0602	0.3172
105372589	-2.3403	0.3164
103021294	-1.6491	0.1687
22974	3.4457	0.2377
85366	0.7281	0.6697
2307	-15.9761	0.2219
128853	-3.9008	0.0139
164395	-2.4190	0.1044
81572	-1.6161	0.0035
343702	0.0000	nan
140706	0.0000	nan
3055	-0.1981	0.9209
9777	-0.6426	0.0465
107985403	-0.5662	0.3607
128854	-0.8246	0.1999
5326	-0.9160	0.1556
23509	-0.9248	0.0492
100302183	0.1909	0.4195
9371	-0.2530	0.3106
171023	-1.4305	0.0167
140688	-1.0903	0.0431
101929698	-15.8932	0.3065
105372592	0.0000	nan
149950	0.0000	nan
284805	2.5116	0.2730
149951	0.4646	0.4473
1789	0.1612	0.5609
22919	-0.0953	0.8227
388795	0.7445	0.4728
140732	0.0000	nan
80341	0.0000	nan
128859	0.0000	nan
359710	0.0000	nan
149954	-13.7539	0.4950
105372714	0.0000	nan
140683	0.0000	nan
317716	0.0000	nan
128861	0.0000	nan
51297	0.0000	nan
105372593	0.0000	nan
92747	14.2935	0.2722
105372594	15.4623	0.2722
51654	-0.6985	0.0331
6640	0.3205	0.7623
9139	-1.4146	0.0214
63941	-0.5660	0.5003
128864	-19.8162	0.0143
170487	-0.7576	0.3724
1869	0.2658	0.8037
11264	-0.5005	0.0436
84905	-1.1071	0.0459
101929746	-4.3554	0.0198
128866	-0.6048	0.0217
101926888	1.5598	0.0520
22913	-0.4501	0.4109
100616434	-17.7052	0.4950
8894	0.4966	0.2632
434	0.2410	0.7886
191	-0.4170	0.6143
107985381	-1.2852	0.2316
83737	-0.4442	0.5284
693229	21.7616	0.2722
83658	-0.1503	0.8396
84557	-1.2364	0.1377
128869	1.1061	0.3409
105372599	0.0000	nan
58476	0.0448	0.9617
23054	-0.7717	0.2205
128872	-15.8889	0.3065
2686	-2.6813	0.0010
55902	-0.6469	0.3333
2937	-0.3909	0.3763
57644	-0.7716	0.2768
107985393	-0.5136	0.6654
574501	-18.5060	0.2691
100616134	-19.2468	0.2691
26133	-0.6726	0.0920
111089941	-0.4817	0.4319
55741	-0.4690	0.4687
10544	-0.7798	0.1771
10893	-0.9991	0.0301
101410538	-0.7632	0.3588
3692	0.4634	0.4973
140846	0.0000	nan
128876	-12.2110	0.4950
55245	-1.1502	0.0300
554250	-0.6553	0.5604
8200	-0.8454	0.4915
100302125	-18.6878	0.2192
11190	-0.7006	0.1272
102725201	-0.6288	0.4147
140873	-13.6473	0.4950
51614	0.6738	0.0813
80307	-1.7208	0.1085
6676	-0.0536	0.9516
8904	0.2138	0.2899
10137	-0.1317	0.7307
9054	-0.3505	0.1068
140823	0.6759	0.5464
9584	-0.6814	0.2445
51230	-1.0657	0.1286
51282	0.1383	0.8983
140894	-2.1020	0.1296
647979	-0.8911	0.2146
2036	-1.5326	0.1383
100130373	-15.1444	0.2261
105372602	-1.7513	0.1523
25980	-0.3704	0.4793
22839	-1.1094	0.0791
101926987	-0.5299	0.7557
10398	-0.9067	0.3057
60436	-0.6885	0.4949
100527943	-0.4378	0.4857
107985397	1.7684	0.4602
55969	-0.3640	0.4995
84174	-1.0204	0.3468
57446	-0.4132	0.5010
79980	0.5419	0.5016
140710	-0.4294	0.6642
140711	-0.3823	0.5226
25939	0.4218	0.4472
5933	2.0460	0.3062
140699	-1.1376	0.0609
6185	-0.0077	0.9806
2691	0.0000	nan
63905	-0.3486	0.0962
105372606	16.1821	0.2722
6714	-0.5946	0.0350
10904	-0.5223	0.0227
4826	-1.7753	0.3493
105372608	0.0000	nan
100861522	0.0000	nan
100287792	15.5064	0.2722
105372609	0.0000	nan
56259	0.4468	0.6582
128434	-0.3182	0.7885
9675	0.0940	0.6858
58490	-1.0382	0.1063
7052	2.4475	0.0179
107987281	0.0000	nan
85449	2.0164	0.0281
149684	-15.1464	0.4950
671	2.3134	0.3686
3929	1.7456	0.4642
388796	-0.8701	0.2721
26776	-1.6710	0.4757
26777	-21.0473	0.0028
677839	-1.2804	0.5655
677840	0.0000	nan
128439	0.0765	0.9190
677821	-0.8909	0.3320
677837	0.1517	0.9174
57148	-0.5036	0.4469
100616190	0.0000	nan
149685	0.0000	nan
343578	16.2805	0.2722
140679	0.0000	nan
79913	-0.5095	0.3061
26051	0.0000	nan
81610	2.8667	0.2266
60625	-0.7617	0.2843
107985448	0.0000	nan
339568	0.0000	nan
102724950	0.0000	nan
105372614	0.0000	nan
105372613	-14.4077	0.0502
100505663	0.0000	nan
105372616	0.0000	nan
105372617	0.0000	nan
105372618	0.0000	nan
107985446	-12.5227	0.4950
102724968	0.0000	nan
107985435	0.0000	nan
105372620	0.0000	nan
9935	-2.4536	0.2481
101927098	-14.4416	0.3066
109623474	0.0000	nan
100128988	-2.5752	0.2859
105372621	-18.6888	0.0658
7150	-1.0778	0.0327
101927117	-2.1914	0.0111
5335	-1.7811	0.0129
102466912	-20.8859	0.3033
23051	-1.0141	0.1265
64900	-2.3162	0.0213
90187	-2.4386	0.0054
84181	-1.0415	0.1029
101927182	0.0000	nan
105372622	0.0000	nan
11122	0.0000	nan
105372624	0.0000	nan
101927159	0.0000	nan
105372623	0.0000	nan
101927138	0.0000	nan
6431	-0.4836	0.5000
26013	-2.7308	0.0096
10110	-5.0318	0.0329
51098	-0.4097	0.5437
4605	2.7073	0.0013
149699	14.2996	0.2722
101927200	14.2225	0.2722
107985441	0.0000	nan
105372625	0.0000	nan
105372626	18.3598	0.2722
84969	-0.6399	0.4311
57158	-1.7633	0.1855
51526	-0.1776	0.7866
100505783	-0.8400	0.2740
78997	-0.6009	0.6072
128486	-0.4791	0.4960
140902	0.0000	nan
105372629	0.0000	nan
3172	0.0000	nan
101927219	0.0000	nan
100500813	0.0000	nan
101927242	0.0000	nan
140834	0.0000	nan
79183	-0.3705	0.6004
10955	-0.0518	0.9354
11142	-0.2922	0.5803
100	1.0970	0.4158
79015	-1.9646	0.0918
106144538	-0.1170	0.9141
8839	-2.3614	0.3077
60598	-0.0137	0.9905
140730	-0.4401	0.6468
7529	0.5593	0.2587
80336	-1.7560	0.0939
10953	0.4087	0.4500
100505826	-18.4073	0.0150
6789	-0.5812	0.2996
3787	1.6691	0.3036
149708	0.0000	nan
128488	14.6306	0.2722
101929863	0.0000	nan
5266	-18.2394	0.4395
101929866	0.0000	nan
6406	0.0000	nan
6407	0.0000	nan
105372630	0.0000	nan
6590	1.1221	0.5278
8785	1.2014	0.4431
11317	0.5716	0.6941
6385	0.1159	0.4982
90196	-0.2233	0.6171
767557	-0.7512	0.0576
27296	-0.7289	0.0918
107985404	-1.2758	0.0541
55861	-1.4098	0.0116
107985405	-0.7654	0.0316
51604	-1.2324	0.0440
102465487	-19.4369	0.2691
105372631	-18.1221	0.0826
10406	0.0000	nan
107987282	16.4228	0.2722
10816	0.0000	nan
140870	0.0000	nan
100526773	0.0000	nan
57119	-12.8926	0.4950
90199	-13.5648	0.4950
259240	0.0000	nan
140832	0.0000	nan
259239	0.0000	nan
280664	-0.1071	0.9506
164237	-16.2899	0.2729
100500897	0.0000	nan
140686	-0.6431	0.6393
391253	0.0000	nan
116092	0.0252	0.8683
11065	3.2032	0.0885
7125	-0.2416	0.7678
90203	-0.8773	0.2481
10005	-0.1144	0.8450
140831	-0.5248	0.2885
90204	-0.0696	0.4290
128497	-2.4925	0.0040
140825	-1.9408	0.0232
5476	-1.1207	0.0884
5360	-0.9200	0.1612
107985388	-3.1251	0.0020
63935	-0.2546	0.2876
63925	-1.4300	0.0054
4318	2.9385	0.3378
109729184	13.2958	0.2722
57468	-12.6083	0.4950
105372632	0.0000	nan
57727	-0.3164	0.0806
958	-0.1695	0.8571
64405	15.3808	0.2722
51006	-0.6056	0.3298
63916	-0.6702	0.0117
105372633	-13.0051	0.4950
100130934	-16.5196	0.2728
55713	-0.6791	0.3537
7686	13.5557	0.2722
128506	0.0000	nan
64849	-0.5137	0.2934
112858	-0.4960	0.0760
81031	-0.9752	0.0964
2139	-1.6475	0.0528
101927355	-14.6254	0.3033
100500814	-18.6892	0.4950
23613	-0.3313	0.5571
100131496	0.2817	0.5547
101927377	-1.4634	0.3469
102723442	1.6016	0.4916
8202	-1.7707	0.3839
55959	-1.1978	0.0482
107985401	2.2513	0.3758
105372636	0.0000	nan
105376980	14.0184	0.0550
105372637	14.6815	0.2722
112268266	-12.5079	0.4950
101927457	17.6329	0.0630
101060004	0.0000	nan
107985436	0.3961	0.8308
107985437	-14.4594	0.4950
105372639	-0.9985	0.5480
105372640	0.0000	nan
105372641	0.0000	nan
284749	0.0000	nan
105372643	0.0000	nan
105372645	0.0000	nan
107985439	15.2933	0.2722
105372647	12.6797	0.2722
105372646	0.0000	nan
57580	-1.5754	0.0376
105372648	0.0000	nan
10564	-0.4465	0.5461
102723483	0.8927	0.6299
1434	1.6440	0.3654
6780	-0.2374	0.5252
55661	0.0789	0.9069
57169	-0.2868	0.6389
441951	0.2093	0.8661
26765	0.1370	0.9343
100113393	0.2464	0.8505
692057	-1.9985	0.1229
105372649	0.0000	nan
3745	-1.5093	0.4753
5740	-0.3395	0.4575
101927486	-0.8475	0.3963
105372651	-1.6247	0.4280
9334	-1.3892	0.0228
105372652	0.0000	nan
23315	-0.6827	0.1746
113219455	0.4286	0.7560
9825	-1.4647	0.0030
105372653	1.8758	0.4087
55905	-0.1522	0.0903
6615	-0.2809	0.6337
105372654	0.0000	nan
100887755	0.0000	nan
105372655	0.0000	nan
387522	0.0307	0.8117
7335	0.0400	0.8518
387521	-0.1030	0.8966
101927512	-1.9076	0.0871
101927541	-18.4519	0.1618
101927559	-0.8403	0.2693
1051	-0.6987	0.4228
107985386	0.0000	nan
105372656	2.7457	0.3497
100506115	-0.0176	0.9826
284751	-1.2089	0.0628
101927586	0.1147	0.8350
105372657	0.0000	nan
5770	-1.0315	0.0251
693230	-18.2855	0.4950
140876	-0.7061	0.6384
100302146	-16.6462	0.4950
100506175	19.1257	0.1609
105372659	-14.9724	0.0502
84612	-0.1012	0.8973
55653	-1.0383	0.1228
23394	-0.9435	0.0802
101927631	-1.2817	0.1629
8813	-0.2845	0.4955
27304	0.2339	0.3898
3755	0.4221	0.7793
105372662	0.0000	nan
105372661	0.0000	nan
105372663	-0.1070	0.9506
4773	0.6442	0.6228
100422889	0.0000	nan
10079	-1.2696	0.2287
57167	-6.1552	0.1704
101927678	4.8384	0.0951
105372664	-0.5991	0.5931
55734	-0.3671	0.3897
105372666	-15.4505	0.1896
107985427	-17.9040	0.3066
105372667	0.0000	nan
105372665	-12.9569	0.4950
101927700	1.7535	0.4294
105376985	0.0000	nan
105372668	0.0000	nan
128553	-1.0048	0.1376
105372669	-15.0973	0.2372
105372671	-15.0594	0.2754
101927770	-1.4798	0.0135
7764	-0.6754	0.3787
105372672	-15.2659	0.4950
391257	17.5705	0.2722
8537	0.3084	0.1544
100616225	0.0000	nan
1591	-0.5070	0.8241
105372675	0.0000	nan
5203	-1.4654	0.0388
107985385	0.0000	nan
55816	0.5434	0.3047
101927796	0.7110	0.7437
102723578	0.0000	nan
105372676	0.0000	nan
107984001	14.6490	0.2722
105372677	0.0000	nan
105372678	16.6176	0.2722
140689	0.0000	nan
105372679	0.0000	nan
105376989	0.0000	nan
105372680	14.7081	0.2722
4159	0.0000	nan
116151	0.0786	0.6385
6790	2.8474	0.2476
1477	-0.2929	0.3760
57091	0.0094	0.9943
51507	-0.1392	0.8176
140687	-1.1464	0.3394
105372681	1.1396	0.5300
200232	0.4402	0.6987
388799	-0.6834	0.5232
105372682	0.0000	nan
7022	-0.9357	0.1954
105372683	-16.8229	0.3826
105372685	-14.8525	0.4950
105372686	0.0000	nan
655	-1.7592	0.5822
102723590	0.0000	nan
112268270	0.0000	nan
105372687	1.7457	0.4642
100422883	0.0000	nan
23626	2.7461	0.3497
8480	-0.8454	0.0023
100462983	4.8548	0.1170
100291105	-0.7804	0.2593
55544	-0.6594	0.0747
105372688	0.0000	nan
140690	14.8570	0.2722
5105	0.0000	nan
105372690	0.0000	nan
81030	16.2531	0.2722
56937	-1.7066	0.1571
105416157	-2.1303	0.0888
105372692	-17.1232	0.2238
105372693	-2.1557	0.3006
105376992	0.0000	nan
107987284	0.8792	0.6059
107985434	-19.1920	0.3486
128602	-15.5598	0.4950
105372694	0.4601	0.7527
140731	0.0000	nan
55370	-1.0450	0.1856
57403	-0.0358	0.9622
9217	-0.6365	0.2171
164284	0.2980	0.8206
149773	-0.5175	0.7300
79160	-1.9812	0.4716
107985410	-1.1466	0.3429
100534593	-1.1593	0.0168
8675	-0.7508	0.2859
79716	-0.5947	0.2787
105372695	0.0000	nan
407022	-17.5181	0.4950
100126296	-18.3808	0.4950
149775	-0.4529	0.3674
2778	1.9080	0.2418
101927932	-18.9726	0.0193
107985382	-16.5106	0.2276
51497	-0.4444	0.2169
1522	-1.9329	0.1885
81027	0.6152	0.0524
514	-0.0887	0.9262
100533975	-0.1628	0.8496
51012	0.0594	0.8601
128611	11.5304	0.2722
107985389	0.0000	nan
1908	16.4625	0.2722
105372696	0.0000	nan
116154	-2.9754	0.0113
107985430	1.0928	0.5305
100506384	-16.8071	0.4950
10388	0.2107	0.8427
63939	-0.5683	0.4772
5509	-0.9939	0.1020
60437	-2.5926	0.2429
284756	0.4488	0.7823
107985429	0.0000	nan
729296	-15.5685	0.3293
284757	-18.0645	0.0559
105372698	-15.8023	0.0093
693231	-19.1390	0.3033
105372697	-14.8223	0.2261
101928048	0.0000	nan
100616362	0.0000	nan
100616440	0.0000	nan
105372699	16.7783	0.2722
105372700	0.0000	nan
100506470	0.0000	nan
105372701	0.0000	nan
1002	0.5776	0.2840
105372703	-13.0220	0.4950
100128310	0.0000	nan
100302168	-16.9695	0.4950
6874	-1.1948	0.0321
105372704	-2.8957	0.0048
100422838	0.0000	nan
105372705	-2.5262	0.0294
105372706	1.3237	0.4923
149986	-0.8808	0.2515
5688	0.5890	0.0877
26039	-1.4493	0.0536
26164	-1.0551	0.0519
11255	-11.9456	0.4950
105369209	-14.9724	0.2691
9885	-0.6526	0.0438
11047	0.2564	0.7758
105372707	0.7208	0.5187
3911	-5.0997	0.1930
100616340	-19.8881	0.2276
101928158	-16.4754	0.3586
105372708	-18.8767	0.1169
6227	-0.2818	0.7858
81928	-0.3307	0.2475
105372709	-4.4269	0.0383
140893	0.0000	nan
105372710	0.0000	nan
140628	15.4252	0.2722
105372711	0.0000	nan
105376995	0.0000	nan
253868	0.0000	nan
128826	0.0000	nan
406904	0.0000	nan
406923	0.0000	nan
105372712	0.0000	nan
28231	-8.2535	0.4881
101928465	-2.5010	0.2032
100127888	-19.4594	0.4862
4923	-2.6086	0.5028
107987285	-13.4773	0.4950
100652730	-14.4117	0.4950
105372716	-14.8143	0.4950
55257	0.0713	0.9202
101409261	-0.3007	0.5530
11054	-0.7069	0.4374
1299	-2.1932	0.2372
10732	-0.7614	0.0209
100132911	1.5642	0.0818
105372717	-0.0762	0.9361
11083	-0.8774	0.1174
109623463	-17.2604	0.4950
54994	0.0704	0.9058
63910	-1.1684	0.0433
128408	0.0000	nan
63930	0.0000	nan
105372718	0.0000	nan
100144596	0.0000	nan
100144597	16.5447	0.2722
768097	-0.9825	0.3156
768096	0.7370	0.4390
105372719	0.0000	nan
105376996	0.0000	nan
406909	0.0000	nan
54915	-0.4733	0.1095
79444	0.0000	nan
100423014	0.0000	nan
128414	0.0000	nan
100192386	0.0000	nan
55738	-1.1375	0.1149
100422945	-19.9838	0.3293
57642	0.0000	nan
1137	0.0000	nan
100130587	0.0000	nan
3785	0.0000	nan
105372724	0.0000	nan
105372721	19.8089	0.2722
105372720	0.0000	nan
1917	-16.4595	0.1131
105372725	-15.5815	0.1099
102723814	-1.9171	0.2177
79144	0.3724	0.2715
5753	0.0139	0.9854
6725	-16.4005	0.1082
79025	-2.5433	0.0651
85441	-0.9523	0.2039
26205	-1.2987	0.0271
100505771	-0.9347	0.0355
50861	-1.0989	0.5845
105372726	-16.9212	0.2192
100533107	-2.5147	0.0540
51750	-2.3439	0.0562
8771	-2.3159	0.1050
10139	-1.3272	0.0382
84619	-0.8749	0.1484
54923	-1.9388	0.0094
56731	-0.2042	0.8350
140685	0.8649	0.0867
101928604	0.0000	nan
100128998	0.0000	nan
140701	-1.2830	0.2125
112268269	-2.0637	0.0569
7165	-0.3189	0.0819
80331	-1.1275	0.1349
100126329	-17.6702	0.4950
100126339	0.0000	nan
100126352	-19.5236	0.3033
100126330	0.0000	nan
103504732	0.0000	nan
54963	-1.3957	0.0059
100302137	-21.7177	0.0196
693232	-0.4685	0.6605
100113386	-1.9949	0.0273
57473	-2.7306	0.0076
140700	-0.2303	0.4594
24148	-0.2057	0.8041
284739	-2.5365	0.2385
6919	-0.6474	0.2454
54345	-13.9775	0.4950
10287	0.3866	0.6733
102466741	-21.3240	0.3432
4987	-1.0990	0.0165
198437	0.7863	0.6491
2832	0.0000	nan
105372727	0.0000	nan
4661	0.0000	nan
55251	-1.2302	0.0853
140849	-2.8851	0.0149
105379484	15.8050	0.2722
102723996	-17.4333	0.2754
105372832	-0.7488	0.5130
105372831	-16.1715	0.0825
107987292	2.3532	0.3820
101928576	-1.3250	0.1419
102724023	-0.3400	0.6725
102724159	-0.9871	0.1078
102724200	-0.8531	0.1356
105379487	0.6176	0.6894
105379488	0.0000	nan
105379489	12.6631	0.2722
102724219	1.7574	0.4047
107987309	-1.5796	0.5254
102724334	-0.0312	0.9807
105379490	0.4302	0.5770
102724354	-17.3857	0.1132
102724370	-15.8304	0.4950
102724398	-16.2405	0.0686
107985506	-14.4846	0.2418
102724428	-1.8982	0.1487
107987288	0.0000	nan
107987289	0.3535	0.8736
102724701	1.7024	0.4154
105379491	12.6631	0.2722
102724843	1.7266	0.4087
105379493	1.3977	0.4508
107987290	1.0984	0.2855
102724560	0.2484	0.8622
102724594	-0.3343	0.1981
106780825	-16.7158	0.2691
102724652	0.0000	nan
105379497	0.0000	nan
110091777	0.5447	0.7577
102466252	0.0000	nan
105379499	1.4047	0.4142
105379501	12.6631	0.2722
105379502	0.0000	nan
105379503	12.6631	0.2722
102724951	1.8240	0.3963
107987308	-1.7856	0.5353
102723360	1.8173	0.3989
102723553	-0.0619	0.3428
102723451	-3.2443	0.0132
105379504	-1.1263	0.0978
102723475	-1.2522	0.5935
105379505	0.0000	nan
102465433	17.7052	0.2722
109864279	-4.7768	0.0641
100500862	-5.2608	0.4936
109864280	-4.5503	0.1039
109864281	-8.5763	0.2287
109864282	-5.1443	0.0398
105379506	1.5647	0.1310
107987293	4.2795	0.2791
102723570	3.3636	0.3028
103504727	17.7052	0.2722
103504739	17.7052	0.2722
109910379	-4.8511	0.0634
109910380	-4.5366	0.1191
109910381	-8.7301	0.2309
109910382	-5.2342	0.0345
112268284	-4.6941	0.0360
105379508	1.5933	0.1503
102723584	3.3851	0.3019
103504733	19.5379	0.0550
106631777	-4.8082	0.0635
113218488	-19.5401	0.4950
106631781	-4.3930	0.1083
106632260	-25.4524	0.2231
106632264	-5.1675	0.0396
105379507	1.6235	0.1481
107987294	3.8200	0.2782
102723603	4.1979	0.2796
105372730	-0.9848	0.2965
103504731	-5.1449	0.4932
113218501	0.0000	nan
101927615	0.1905	0.9040
100132288	-2.8144	0.1202
101930100	-1.1859	0.0376
101927345	-17.1430	0.0984
105379511	0.0000	nan
105379514	16.0607	0.2722
105379513	0.0000	nan
441058	17.4508	0.2722
105372734	-16.3859	0.4950
105372733	-0.4281	0.4368
85319	-2.8088	0.0362
105378260	-0.7004	0.5299
7179	0.4099	0.8021
149992	14.9652	0.0004
100423018	0.0000	nan
102724188	0.0000	nan
317754	0.0000	nan
100423008	0.0000	nan
107985482	0.0000	nan
112268283	-13.9553	0.3065
103504736	0.0000	nan
54055	0.0000	nan
110091776	0.0000	nan
391267	0.0000	nan
105377134	-1.3332	0.4138
149998	0.7136	0.6494
54033	0.0000	nan
150000	15.8703	0.2722
6782	-0.4337	0.5218
105369304	-15.5081	0.0741
64092	4.6012	0.2896
100874190	-14.1609	0.4950
388813	-15.1581	0.2192
105372738	-14.8629	0.4950
107987295	-2.1334	0.0139
8204	0.1601	0.8748
107985483	0.0000	nan
105369292	0.0000	nan
101927745	1.2213	0.5536
105369302	0.0000	nan
29761	-0.7032	0.1511
112268281	0.0000	nan
388815	-0.8408	0.0413
109617014	0.0000	nan
112268282	-13.5262	0.2192
407055	-17.5354	0.4950
406885	-0.5973	0.7153
406912	-18.9607	0.2691
105372740	0.0000	nan
107985511	0.0000	nan
100505929	0.0000	nan
100189284	-0.9792	0.4108
1525	-0.0868	0.8765
10950	-0.1834	0.7017
110806272	-1.3648	0.1596
105372741	0.0000	nan
246312	-2.4102	0.1311
54149	-1.1514	0.3024
140578	-4.9426	0.2730
54075	0.0000	nan
107987296	0.3740	0.8661
5651	-11.7899	0.4950
101927797	-16.3131	0.3066
100422920	0.0000	nan
107985490	0.0000	nan
105372746	0.0000	nan
105372745	0.0000	nan
111216285	0.0000	nan
387486	2.7172	0.3516
4685	-3.2821	0.2180
378828	0.0000	nan
101927821	0.0000	nan
101927843	0.0000	nan
54143	0.0000	nan
107985508	0.0000	nan
107985509	0.0000	nan
107985494	0.0000	nan
102466967	0.0000	nan
266917	14.8558	0.2722
105372747	0.0000	nan
107985512	0.0000	nan
105372749	0.0000	nan
105372750	0.0000	nan
101927869	0.0000	nan
105372751	0.4846	0.4079
339622	0.0000	nan
107985516	0.0000	nan
54072	-18.4489	0.1621
105372753	-14.9065	0.3642
114614	1.9581	0.3135
406947	1.6212	0.4329
282566	-0.1615	0.8909
54148	0.4472	0.4815
58494	-4.9387	0.3769
522	1.3034	0.2647
2551	-0.5038	0.4158
105372757	0.0000	nan
105372756	-14.7458	0.2261
351	-2.1452	0.2236
100996571	-1.1866	0.2134
105372758	-15.0213	0.4950
107985474	-1.4845	0.3082
116159	-1.6572	0.5264
9510	-0.8409	0.6131
105372760	-15.1959	0.4950
11096	-1.3925	0.2672
100616243	0.0000	nan
112268279	-22.2018	0.0917
112268280	-0.9609	0.4094
102724355	0.1783	0.9093
105372759	-15.1296	0.1074
105372762	4.0533	0.2986
105372763	1.7102	0.4705
54088	17.5173	0.2722
246705	0.0000	nan
284825	15.9882	0.2722
101927973	-14.9099	0.4255
102724420	-2.7758	0.3359
105372764	-0.4435	0.7779
29104	-1.3768	0.0179
118421	-14.0752	0.4950
26046	-0.6049	0.5101
105372766	16.4752	0.2722
10069	1.0135	0.1950
10600	0.1386	0.8763
10694	-0.2987	0.3325
56911	0.6377	0.2398
105372767	-1.6083	0.2139
193629	-17.1625	0.0092
105369299	-2.2627	0.0323
571	-0.7149	0.2624
100874322	-17.1257	0.0056
107985486	-16.1851	0.0109
105372770	0.0000	nan
54147	0.0000	nan
2897	-0.5213	0.6100
105372768	0.4396	0.7628
100379661	-1.7704	0.1168
642976	-17.4203	0.2428
26285	18.5953	0.2722
266919	0.0000	nan
9073	0.0000	nan
643803	0.0000	nan
100131902	0.0000	nan
388818	0.0000	nan
643812	0.0000	nan
337963	0.0000	nan
337959	0.0000	nan
100422891	0.0000	nan
105372772	0.0000	nan
140258	0.0000	nan
337960	0.0000	nan
284827	0.0000	nan
254950	0.0000	nan
337882	0.0000	nan
337969	0.0000	nan
337970	0.0000	nan
337971	0.0000	nan
337972	0.0000	nan
337973	0.0000	nan
337974	0.0000	nan
100288287	0.0000	nan
337968	0.0000	nan
337967	0.0000	nan
337979	0.0000	nan
337966	0.0000	nan
337975	0.0000	nan
100151643	0.0000	nan
337976	0.0000	nan
337985	0.0000	nan
105372773	0.0000	nan
100288323	0.0000	nan
337978	0.0000	nan
337977	0.0000	nan
337879	0.0000	nan
337878	0.0000	nan
337880	0.0000	nan
105372776	0.0000	nan
105372775	0.0000	nan
105372774	0.0000	nan
728299	0.0000	nan
7074	-0.5000	0.5537
107985487	-1.2899	0.4402
105372777	0.0000	nan
150051	2.7459	0.3497
107985488	0.0000	nan
102724449	-18.7984	0.1169
6647	0.9395	0.0944
57466	-0.1651	0.7986
30811	-2.6770	0.1327
100551499	-19.2010	0.4950
54069	1.5731	0.2496
56246	-0.4752	0.0495
105372779	0.3854	0.8006
9875	-0.7627	0.0973
677846	0.0000	nan
84996	1.1026	0.4114
59271	-1.1939	0.1226
110091775	0.3578	0.3777
140290	-0.4799	0.0604
105372782	-0.2214	0.8596
56683	0.1453	0.1511
8867	-0.3335	0.7463
100506215	-1.2780	0.1133
94104	-1.1729	0.1633
54067	-1.5507	0.0732
56245	0.3692	0.7446
105377136	-15.3921	0.4950
102724502	0.0000	nan
10215	0.0000	nan
107985505	0.0000	nan
105372785	0.0000	nan
101930746	0.0000	nan
116448	0.0000	nan
101928107	16.6340	0.2722
728409	0.0000	nan
105372787	17.1171	0.2722
3455	-1.3810	0.0056
100288432	-0.6087	0.5912
3588	-0.1691	0.6891
3454	-0.7743	0.2695
3460	-0.7272	0.0430
757	0.2296	0.7600
54943	-0.4278	0.1675
2618	-0.1868	0.4775
6651	-0.7064	0.1974
102465248	-2.6226	0.0182
107985481	-1.0848	0.0473
29980	0.5163	0.6030
9946	-0.4516	0.3184
6453	0.0099	0.9915
539	0.3741	0.3463
100506334	-0.5932	0.1451
101928126	-19.7855	0.1976
105372790	0.0000	nan
105372789	0.0000	nan
64968	-2.5119	0.3479
6526	-3.5305	0.3788
114036	-2.6360	0.3864
105372791	-0.9589	0.4191
9992	-2.3041	0.1895
54065	0.1923	0.0613
101928147	-3.2941	0.0130
105372793	-1.0834	0.0412
388820	-16.1678	0.2418
3753	-1.4103	0.6043
1827	-2.4416	0.4550
54102	-1.4728	0.3047
54064	-15.4361	0.4950
107985515	0.0000	nan
100506385	-0.6303	0.4781
861	-0.9447	0.1765
102724584	-2.2115	0.2070
112267915	-0.7395	0.4960
80215	1.1623	0.4826
100506403	2.7110	0.3521
768219	0.0000	nan
54036	-1.9472	0.3712
101928269	-3.4738	0.3646
100996609	-1.5302	0.5636
54093	-1.2385	0.0444
105369295	-0.0974	0.9552
100133286	0.1246	0.8464
873	0.1165	0.8065
105369306	1.7456	0.4642
100506428	0.9365	0.0977
874	0.6451	0.4261
9980	-0.1523	0.8539
23515	-0.7327	0.3362
8208	1.4803	0.3655
105369301	-0.9016	0.2653
23562	-0.5774	0.7986
105369308	0.0000	nan
6493	-0.6981	0.3205
107985492	0.0000	nan
3141	-0.3736	0.3235
105369305	-14.1554	0.4950
53820	2.9984	0.2405
105372795	-2.0086	0.2128
51227	-1.0670	0.0647
7267	-0.0942	0.8629
100874006	-0.6358	0.0670
257203	-1.6614	0.2493
10311	-0.4513	0.0356
1859	-1.0356	0.0293
105372797	-2.4122	0.2688
105372798	-0.9802	0.3154
3763	-2.9930	0.3563
107985507	-2.0917	0.3824
105372799	-5.2247	0.2680
101928368	-17.7088	0.1578
10281	0.0000	nan
84677	-18.2282	0.3144
259234	-3.2041	0.3342
3772	-1.3880	0.3246
105372801	-5.2832	0.3958
102724678	-1.8252	0.5245
107985513	-1.5340	0.1435
2078	0.7443	0.6136
105372802	-13.6873	0.4950
400866	0.0000	nan
107985480	-13.2912	0.4950
2114	-0.5585	0.7372
101928398	0.0000	nan
400867	-11.9395	0.4950
101928435	0.0000	nan
102724740	-0.4275	0.6061
105372803	-16.2860	0.2754
107985484	0.0000	nan
8624	0.5274	0.1392
54014	-1.2124	0.1358
103091865	-1.4897	0.3235
100874093	-1.4655	0.3887
3150	1.6546	0.2453
105372804	-13.9535	0.4950
7485	-0.0471	0.9402
106865373	-0.2994	0.5562
150082	-0.7171	0.4273
6450	0.2868	0.8453
102466972	0.0000	nan
114041	3.0411	0.0019
10317	2.8426	0.2856
150084	0.6895	0.6574
107985499	0.0000	nan
107985500	-15.9560	0.4950
5121	-0.3674	0.6968
1826	2.2524	0.2490
100616148	0.0000	nan
100506492	0.0000	nan
105369294	0.0000	nan
100874326	0.0000	nan
284835	-0.3726	0.8401
107985495	-2.3028	0.5377
100423023	-19.4933	0.3065
25825	0.0942	0.8145
191585	-1.5071	0.5509
54097	-14.6456	0.3033
4600	1.1654	0.4764
4599	3.1301	0.3196
7113	-14.4121	0.4950
105372809	0.0000	nan
105372808	0.0000	nan
105372812	1.3881	0.5390
107985478	-0.7533	0.6977
105372813	-0.6264	0.8148
54090	0.0000	nan
150135	-15.5707	0.2423
54089	0.0000	nan
54101	1.3892	0.0801
102465488	-19.0830	0.4950
102724800	0.6477	0.5686
63977	-1.6635	0.0392
25966	0.5626	0.6369
106635524	-18.2077	0.3065
49854	0.4581	0.6757
150142	0.0184	0.9895
107985502	-0.2345	0.7546
89766	1.2122	0.5380
150147	-12.8113	0.4950
9619	0.3886	0.8607
105372814	0.0000	nan
7033	0.0000	nan
7032	0.0000	nan
105372815	16.2886	0.2722
7031	0.0000	nan
64699	0.0000	nan
53347	0.0000	nan
89765	0.6555	0.6848
101930094	0.0000	nan
54020	-2.2848	0.0918
107987299	-13.9014	0.0658
101928212	-0.3909	0.7341
101928233	0.0000	nan
101928255	0.0000	nan
5152	-2.7430	0.4896
105372816	0.0000	nan
101928284	0.0000	nan
107985504	0.0000	nan
101928311	0.0000	nan
107985479	-15.3281	0.4950
10785	-1.5987	0.0134
105372817	0.1880	0.7859
4731	0.4750	0.0612
90625	-0.0298	0.9827
100847013	0.0000	nan
5316	0.3481	0.5747
875	0.1283	0.9270
7307	-0.3354	0.1659
101928369	-1.6362	0.0396
106481742	-16.7158	0.2691
107987300	1.7021	0.0792
1409	0.0000	nan
105372821	0.0000	nan
100126693	-16.2211	0.1083
101928399	-1.3204	0.0390
105377137	-0.6274	0.5914
107987301	0.0000	nan
150094	-2.3321	0.0411
107987302	-14.1591	0.2192
284836	-16.7292	0.0400
11077	-0.7183	0.0429
114038	-1.3727	0.2230
102723380	-15.8304	0.4950
54145	-0.0271	0.9829
102464825	19.5423	0.2722
23076	-0.4308	0.1282
8566	-0.1423	0.8330
105372824	-2.1269	0.1594
1476	-0.5135	0.0383
105372825	-16.2763	0.2192
8568	-0.0250	0.9765
284837	-3.0389	0.0069
56894	-0.6152	0.1448
105372826	0.0000	nan
105372829	0.0000	nan
7109	-1.1503	0.1082
5822	-1.0124	0.1736
8209	-0.4510	0.5346
105377138	-18.2320	0.0284
105377139	-15.0844	0.0024
107983952	-12.8470	0.4950
102725065	-14.5860	0.3033
23308	-1.9088	0.4062
29947	-13.4024	0.4950
105372833	16.5530	0.2722
326	3.8478	0.3033
5211	-1.0321	0.1820
755	-0.8535	0.3241
7226	-3.8250	0.4769
101928607	0.0000	nan
100861510	-15.8219	0.2691
81543	-1.4332	0.0485
111216286	-1.4997	0.5935
54084	-1.8409	0.4664
54082	-3.5780	0.3767
114043	-20.1723	0.3817
386677	0.0000	nan
386679	0.0000	nan
386682	0.0000	nan
386672	0.0000	nan
386680	0.0000	nan
386674	0.0000	nan
386675	0.0000	nan
386681	0.0000	nan
386676	0.0000	nan
353333	17.0680	0.2722
386678	0.0000	nan
386684	0.0000	nan
386683	0.0000	nan
353323	0.0000	nan
353332	0.0000	nan
386685	1.7461	0.4641
7327	-0.9781	0.0063
101928689	-17.4613	0.1804
6612	-0.5486	0.1068
754	-0.5555	0.1917
3689	-2.4577	0.3673
107987303	-14.6979	0.2192
100505746	-2.5547	0.3931
84536	-1.2068	0.2346
112268278	-2.3661	0.4054
85395	0.4547	0.6668
107985497	-4.1379	0.1516
727699	4.0538	0.2986
378825	2.6126	0.3458
105372836	-1.7476	0.0317
728039	-1.1305	0.1353
104	-2.7869	0.0605
105372835	-16.2381	0.0249
114042	-18.6445	0.1548
23275	-2.0458	0.0039
642852	-2.1853	0.0045
105372838	-17.4641	0.2182
388830	0.0000	nan
105372839	0.0000	nan
101928745	-0.8567	0.3976
80781	-4.1139	0.0962
100874236	0.0000	nan
378832	0.0000	nan
102465489	-17.9093	0.4950
6573	-1.8173	0.0759
107987304	-15.4641	0.4950
107985485	-13.9160	0.3066
105372840	0.2962	0.4269
54039	-2.5098	0.0093
100129027	-14.7573	0.0658
101928796	-2.3759	0.0583
105372841	-19.8373	0.3097
1291	-2.1359	0.0560
105372842	-3.5634	0.0076
1292	-2.5549	0.0254
10841	-1.6067	0.5175
100861507	-14.3107	0.4950
84221	0.1079	0.9359
4047	-1.3715	0.2530
109623452	-4.8602	0.0918
114044	-0.7435	0.1829
8888	-1.1604	0.0384
54059	-1.3252	0.0266
54058	-1.0489	0.1886
5116	-1.3008	0.1458
23181	-1.0016	0.1923
100862692	-19.2154	0.0076
6285	-15.1300	0.2754
3275	-1.1488	0.0051
105379418	0.0000	nan
102723780	-0.6213	0.3518
107984037	-15.8517	0.4950
102723769	-15.6076	0.2276
107987323	0.0000	nan
105379516	0.0165	0.9943
105379428	-14.6854	0.4950
81061	0.0000	nan
112268291	15.0601	0.2722
23784	0.0000	nan
100852406	0.0000	nan
106146148	0.0000	nan
107987324	0.0000	nan
503637	-1.5738	0.5608
106480334	-16.9431	0.2219
150160	13.2207	0.2722
387590	-0.6284	0.6269
112268292	-1.5687	0.1411
23783	2.3310	0.3843
101929350	0.0000	nan
150165	-15.3362	0.4950
27437	0.0000	nan
128954	0.0000	nan
100130418	0.4502	0.3206
23765	0.2552	0.6233
27439	0.6651	0.5440
100996342	0.0000	nan
27440	-0.1581	0.8639
100130717	-17.5763	0.3293
51816	-0.8494	0.5362
107985573	-14.7673	0.4950
27442	14.3255	0.2722
27443	1.0109	0.3014
83733	-0.1848	0.6744
105372850	0.0000	nan
101929372	-14.0138	0.2192
529	-0.2184	0.3567
23786	-0.7214	0.2429
637	-0.4520	0.2441
100423025	-19.7162	0.2277
200298	-13.7598	0.2192
57553	-1.7668	0.1057
693233	0.0000	nan
100192420	-0.4672	0.7665
105372853	-1.1072	0.5848
55670	-0.9270	0.0096
51807	-1.0791	0.1431
11274	1.3967	0.4300
100996415	-13.6916	0.4950
105372858	-15.3245	0.4950
105379518	0.0000	nan
105372942	0.8172	0.3773
729461	0.0000	nan
107987325	-15.3245	0.4950
653203	15.3005	0.2722
728226	-14.8051	0.2192
728229	-2.1521	0.1717
728233	-1.3223	0.0584
85376	0.0496	0.9278
105372871	0.0000	nan
642643	0.0000	nan
105377182	1.2397	0.2512
2679	-0.6473	0.5848
101929738	16.4720	0.2722
102725072	-0.7547	0.1907
100996432	15.1745	0.2722
8214	-0.9208	0.3518
5625	-16.3988	0.1235
26220	0.3886	0.8607
25787	-13.6197	0.2192
26222	18.3724	0.2722
9993	-1.7893	0.0714
25786	-1.1318	0.2262
8220	-0.0629	0.9223
23617	0.2569	0.4754
112268297	0.5556	0.6455
2928	0.0000	nan
100652736	-2.2837	0.0456
6576	-0.4051	0.5764
8218	-0.8229	0.4110
112268289	-1.1204	0.3175
105372859	-0.8601	0.1085
7290	-0.8534	0.0853
64976	0.3695	0.3953
128977	0.2390	0.5626
105372860	-1.5418	0.0102
7353	0.5857	0.2061
8318	3.0823	0.0141
7122	0.0000	nan
150185	0.0000	nan
5413	-2.1614	0.0135
100526833	-1.9564	0.0190
2812	-1.7235	0.0489
105372861	-14.4541	0.1897
6899	-0.5698	0.5592
54584	-2.1921	0.0291
79680	-0.7188	0.0017
10587	-1.3164	0.0507
1312	-0.5475	0.2134
100616414	-0.3959	0.2463
421	-2.1791	0.0904
128989	-0.0261	0.9616
406961	-19.3258	0.3065
54487	-0.6568	0.1128
100500860	-4.6206	0.0007
100302197	-1.9034	0.0476
27037	-0.7768	0.2441
102465490	-18.8134	0.2192
5902	1.0151	0.0296
109617010	-2.3263	0.0160
29801	-1.9992	0.0366
388849	-2.7949	0.0543
284865	15.4647	0.2722
105372862	-14.7011	0.4202
150197	-2.7829	0.1633
105372863	0.0000	nan
65078	-16.5242	0.1332
105372864	-12.2918	0.4950
100302118	0.0000	nan
85359	-0.1512	0.8774
101927859	-15.7366	0.4950
373856	0.8269	0.4720
7625	-1.2059	0.0530
91179	-2.6972	0.1167
107985588	-20.1384	0.0162
84861	-1.1190	0.0542
101928824	-1.4672	0.0445
51586	-1.2721	0.1802
266697	0.0000	nan
107985584	-4.0131	0.3876
84222	-4.0706	0.2526
5297	-0.6733	0.0318
3053	0.0000	nan
9342	0.0954	0.8165
1399	-0.5147	0.0150
101928891	-1.2938	0.0719
150209	-0.8921	0.2080
8216	-1.3552	0.1034
80764	-0.6983	0.3829
439931	-1.4059	0.0108
113691	-1.1377	0.0816
9127	-3.6491	0.1884
6545	-19.6111	0.2675
693234	0.0000	nan
440799	-20.1655	0.0792
400891	-1.3168	0.2635
400892	-1.1380	0.4618
112268299	16.3012	0.2722
642633	0.0000	nan
105372935	0.4541	0.6487
728441	-1.3022	0.1897
29797	0.2003	0.8099
100996335	0.0000	nan
105377190	0.0000	nan
440804	-0.2745	0.6738
23119	-0.4648	0.3801
105377191	-15.1675	0.4950
645426	-3.2744	0.0644
375133	-1.2537	0.0257
150221	-0.3788	0.6290
7332	0.0912	0.7765
150223	-0.0277	0.9664
164592	-4.4854	0.0389
23753	0.0082	0.9763
100126318	0.0000	nan
406920	-20.6143	0.4219
107985532	0.6339	0.6818
23759	-1.1250	0.0119
29799	-0.8286	0.0397
5594	-0.1550	0.7533
9647	-1.4935	0.0610
100286925	-1.4618	0.1610
8940	-0.9924	0.0100
649179	0.0000	nan
28763	0.0000	nan
28784	0.0000	nan
28764	0.0000	nan
28771	0.0000	nan
84097	0.0000	nan
28757	0.0000	nan
28759	0.0000	nan
28760	0.0000	nan
28765	0.0000	nan
28819	0.0000	nan
102724653	0.0000	nan
28774	0.0000	nan
28785	0.0000	nan
28761	0.0000	nan
28758	0.0000	nan
28778	0.0000	nan
28766	0.0000	nan
28770	0.0000	nan
28772	0.0000	nan
28762	0.0000	nan
7441	0.0000	nan
105372952	-19.8941	0.0860
96610	-0.7088	0.0922
28779	-0.7792	0.1945
28820	-19.4567	0.0524
28821	-16.7366	0.4950
28773	-15.3281	0.4950
28780	0.0000	nan
28822	0.0000	nan
28775	0.0000	nan
28781	0.0000	nan
28823	0.0000	nan
28776	0.0000	nan
28767	0.0000	nan
84089	0.0000	nan
101929255	1.2373	0.0075
28824	0.0000	nan
28825	0.0000	nan
28768	0.0000	nan
28783	0.0000	nan
28826	18.9601	0.2722
28777	0.0000	nan
140883	1.6150	0.0752
129025	0.0000	nan
23532	-13.4245	0.4950
648691	0.0000	nan
28810	0.0000	nan
28811	0.0000	nan
28787	0.0000	nan
28788	0.0000	nan
28789	0.0000	nan
25812	-0.4064	0.6689
91227	0.3624	0.8063
28790	0.0000	nan
28812	0.0000	nan
28791	0.0000	nan
28792	0.0000	nan
84090	0.0000	nan
28793	0.0000	nan
112267890	0.0000	nan
28794	0.0000	nan
105372949	0.0000	nan
28813	0.0000	nan
84091	0.0000	nan
28795	0.0000	nan
28796	0.0000	nan
28769	0.0000	nan
28797	0.0000	nan
28814	0.0000	nan
28798	0.0000	nan
28799	0.0000	nan
28800	0.0000	nan
107985542	0.0000	nan
28815	0.0000	nan
28801	0.0000	nan
28802	0.0000	nan
107985543	0.0000	nan
28816	0.0000	nan
28803	0.0000	nan
28804	0.0000	nan
105372948	0.0000	nan
723778	0.0000	nan
28817	0.0000	nan
28805	0.0000	nan
28806	0.0000	nan
28818	0.0000	nan
28807	0.0000	nan
28786	0.0000	nan
28808	-15.4662	0.4950
102724638	14.1189	0.2722
28809	0.0000	nan
100847006	0.0000	nan
100423062	0.0000	nan
28833	0.0000	nan
3537	0.0000	nan
28832	0.0000	nan
3538	0.0000	nan
28831	0.0000	nan
3539	0.0000	nan
28830	0.0000	nan
3540	0.0000	nan
28829	0.0000	nan
3541	0.0000	nan
28828	0.0000	nan
3542	0.0000	nan
105372947	0.0000	nan
28827	0.0000	nan
28834	0.0000	nan
27156	1.7350	0.4326
2781	-3.3583	0.2943
9609	-1.0361	0.0353
613	-1.2565	0.2958
26226	-16.4939	0.0789
107985554	-16.0340	0.2372
102724679	0.0000	nan
649264	0.0000	nan
150244	0.3885	0.8607
107985555	-14.3930	0.4950
101929374	0.0000	nan
388882	0.0000	nan
105372955	0.0000	nan
107985580	-14.0485	0.4950
101978785	0.0000	nan
105372957	0.0000	nan
3543	-15.6690	0.4950
51233	-2.9722	0.0689
91316	-2.8430	0.0246
266747	-4.0082	0.0122
7621	-0.9859	0.0428
29802	1.5514	0.3188
150248	-0.0108	0.9818
400916	-1.0534	0.3180
107985577	-13.9182	0.4950
4320	-1.3609	0.2624
6598	0.0911	0.7948
91319	-1.3194	0.2937
66035	-0.7745	0.1194
284889	-0.0232	0.9821
4282	-0.0245	0.9812
107985558	-0.6476	0.7981
100652871	0.0000	nan
653689	-0.4814	0.6524
100037417	-0.0241	0.9308
1652	0.2543	0.5299
2953	-0.5691	0.5847
25774	15.7406	0.2722
105372959	0.0000	nan
23523	-1.5081	0.1039
56241	-17.1434	0.1524
2687	0.9503	0.5766
29774	-1.0613	0.2181
101730217	-1.2846	0.1704
23384	-0.9942	0.1774
105372960	-1.6046	0.2942
135	-0.1245	0.9185
646023	-1.4703	0.2247
51733	-14.4103	0.0028
83606	-0.1997	0.8020
6634	-0.3233	0.2653
2678	-1.5323	0.0280
388886	-1.4406	0.0084
644165	-1.1525	0.2469
646074	-1.1710	0.3116
105372962	0.0000	nan
440822	17.5845	0.2722
7152	0.0000	nan
129049	14.2910	0.2722
255349	16.1975	0.2722
85379	-4.4354	0.3022
100128531	0.0000	nan
1417	-4.0976	0.2914
1415	0.8149	0.0941
105372969	16.2769	0.2722
91353	-17.4707	0.2542
91355	-2.8356	0.0059
1416	-0.3597	0.3041
102466198	-17.8308	0.4950
100996404	0.0000	nan
157	-0.4621	0.6227
105372964	-12.9071	0.4950
84700	2.6737	0.3546
105372963	0.0000	nan
102724801	0.0000	nan
105372972	3.3531	0.3185
105372971	-13.4849	0.4950
23544	-3.6762	0.0526
105372974	0.0000	nan
57168	-0.9046	0.4729
89781	-0.8388	0.0698
402055	-0.2717	0.2001
24144	-0.3694	0.4173
100507599	-1.4103	0.0807
8459	-0.5372	0.3681
100313914	0.0000	nan
1414	-16.4440	0.0028
1413	-13.9728	0.4950
440823	-3.3733	0.0214
102724827	-0.2346	0.6991
105372976	-1.2855	0.1690
110091768	-0.0867	0.9457
101929539	-2.4698	0.0686
107985582	0.0000	nan
284898	-13.6567	0.4950
107985534	0.5258	0.7039
105372977	3.6755	0.3078
105372978	0.8438	0.5519
100507657	-14.9262	0.4950
105372979	-14.0841	0.4950
102724900	-1.2889	0.6863
105372980	16.8094	0.2722
105372981	-15.4439	0.2691
4330	-1.1958	0.2512
107985529	-13.2134	0.4950
23760	0.0745	0.9279
284900	-2.2327	0.0082
100423034	0.0000	nan
100422998	0.0000	nan
23331	-0.7917	0.0991
102466081	0.0000	nan
101929594	0.8187	0.2436
11200	-1.1223	0.0352
150274	0.0873	0.7830
150275	-0.3054	0.5763
7494	0.4483	0.6221
84133	-0.4993	0.3240
107985549	2.5203	0.0202
100874123	0.2712	0.8827
25770	0.3614	0.7437
83999	-1.6907	0.3420
101929638	-1.7808	0.2842
129080	-15.7221	0.1210
105372985	-18.0575	0.4950
25807	-0.3581	0.6616
2130	-0.5182	0.2416
10634	-1.8784	0.1711
10633	-15.6525	0.2372
162	-0.3541	0.5462
100113380	-1.4480	0.4861
5988	-2.0116	0.3339
102723305	-3.8731	0.2953
10740	-1.1107	0.3206
107985541	-1.0817	0.5352
4744	0.3686	0.3164
8563	0.4581	0.6109
8508	0.3021	0.4897
4771	-0.0757	0.9181
164633	0.6242	0.4877
55954	0.1829	0.8399
29796	0.2968	0.5244
84164	-0.2835	0.3768
8897	-1.2485	0.0133
102466742	0.0000	nan
101929664	-2.7888	0.0044
150280	-14.5747	0.0658
105372988	-12.7644	0.4950
110806283	0.0000	nan
3976	-0.1104	0.9227
91370	1.9803	0.3906
5008	-12.5606	0.4950
652968	-0.6588	0.4975
83874	-1.2780	0.0940
10291	-1.1651	0.0741
550631	-0.4984	0.2845
85371	-0.7797	0.1562
200312	-1.2413	0.1173
23541	-1.5070	0.0520
105372989	-0.3297	0.6994
51537	-0.1907	0.8498
105372990	-0.9900	0.4123
266629	16.0920	0.2722
105372991	15.2037	0.2722
376844	-15.0079	0.4950
107985579	0.0000	nan
284904	-3.9033	0.1854
730005	-1.2590	0.3330
9514	-1.0973	0.5897
23481	0.0756	0.9374
6948	-0.9457	0.3591
339665	0.2504	0.3959
150290	0.2608	0.7080
23762	-0.9282	0.4670
100422912	0.0000	nan
105372994	-13.3300	0.4950
107985544	-1.5496	0.2895
150291	-0.2566	0.7652
22880	-0.5495	0.1533
55000	-0.3074	0.7020
6525	-1.4969	0.3039
140606	-0.7837	0.2897
27124	-1.1621	0.2224
105372995	0.3537	0.8735
50487	0.0000	nan
100500901	-18.0171	0.4950
91445	-0.4400	0.1097
3985	-0.9153	0.1230
113791	-2.0920	0.0098
105372997	-1.3393	0.1864
23598	-0.2406	0.5949
101929760	-3.3559	0.1022
54944	-0.8330	0.1967
4733	0.7047	0.1145
56478	-0.2698	0.3375
9814	-1.3987	0.0092
23761	-0.8093	0.0374
102465666	-2.6436	0.0249
253143	-0.9373	0.0525
9681	-0.9947	0.0018
105372998	-15.2961	0.4950
25775	-3.3569	0.1131
7533	0.5585	0.1407
105372999	0.0000	nan
6523	-4.8737	0.5087
105373000	0.0000	nan
23782	0.0000	nan
150297	-14.7860	0.1083
10739	0.3737	0.8662
110806273	-14.5610	0.4950
6527	14.2338	0.2722
107985561	0.0000	nan
10738	-0.5263	0.6131
10737	1.5210	0.4488
339666	-17.6558	0.0389
51493	0.0426	0.9454
254240	14.6352	0.2722
25793	0.4689	0.1417
8224	1.6551	0.3942
105373004	0.0000	nan
105373003	0.0000	nan
107985545	-17.9085	0.2359
105373002	17.2873	0.2722
7078	-0.9151	0.4499
105373006	0.0000	nan
9215	-1.2102	0.1303
100616295	0.0000	nan
105373007	0.0000	nan
109616998	0.0000	nan
100506195	-12.4515	0.4950
107985565	-16.7366	0.2276
105373010	0.0000	nan
105373009	-15.1494	0.3033
105373012	0.0000	nan
105373013	0.0000	nan
101926957	-13.3122	0.2192
105373014	0.0000	nan
105373016	0.0000	nan
105373015	0.0000	nan
91464	0.0000	nan
104310353	-14.5353	0.4950
105373017	0.5042	0.7264
10042	-0.0227	0.9719
10043	-0.7592	0.3580
100500826	-21.2308	0.0991
102464824	-20.8313	0.3551
3162	0.2538	0.8027
4174	1.4364	0.0275
23551	0.5087	0.7119
107985590	0.0000	nan
4151	-14.7275	0.4950
284912	-13.4362	0.4950
80830	-0.6888	0.3454
80831	-14.7908	0.0524
23543	0.0178	0.9322
102723507	-16.3820	0.0495
80833	-0.6595	0.5865
80832	0.4912	0.7202
23780	0.2732	0.7673
8542	-2.5084	0.1453
112268296	-1.3793	0.2461
4627	-0.5671	0.3806
102465491	-3.9581	0.0111
105377199	-1.0089	0.4478
105373018	-17.7234	0.1663
25828	0.0283	0.9639
80020	0.4395	0.5009
105373020	-1.9495	0.0760
105373019	-17.5372	0.0312
8664	0.4310	0.6970
10369	1.3443	0.5307
105373021	-20.2474	0.1010
11020	-0.1627	0.8335
5816	0.0000	nan
107985578	0.0000	nan
4689	-14.9276	0.1083
105373022	0.0000	nan
1439	-18.5219	0.0788
105373023	0.0000	nan
100506241	0.0000	nan
339669	0.0000	nan
7263	0.1199	0.6704
4357	-0.0603	0.9537
112268295	-14.3121	0.2691
79734	-0.7655	0.2614
164656	-0.8523	0.1843
3560	-17.4627	0.2305
114904	-0.2703	0.7075
6753	-12.0099	0.4950
5880	1.3827	0.1372
107985576	0.0000	nan
27128	13.9900	0.2722
105373024	0.0000	nan
114794	0.2523	0.8549
100506271	0.0000	nan
4242	-14.8157	0.4950
29775	-1.3392	0.3569
11135	-1.4281	0.0579
3957	-1.2929	0.2904
26088	-1.4958	0.0133
23616	-1.0910	0.1902
101927051	-1.4537	0.1546
57026	-1.3009	0.0239
3956	0.8171	0.5340
79159	0.5237	0.4020
11078	0.1215	0.7609
102724378	-2.3853	0.1848
3005	-1.7231	0.0599
23464	1.7788	0.3323
8484	1.7110	0.4705
129138	-0.3271	0.5012
724028	-2.8108	0.0371
724029	-2.4950	0.1138
51386	-0.3975	0.6357
85377	-0.7644	0.2508
84645	-1.8419	0.0097
5435	0.3678	0.0252
102465492	-1.8665	0.1111
6663	-15.9605	0.0138
100616146	0.0000	nan
9463	-0.1492	0.8747
23539	-17.3198	0.0170
105373027	-14.4148	0.4950
80115	1.4301	0.2393
8398	-1.5730	0.0155
23764	-1.0743	0.2717
25829	-1.8954	0.3293
106635525	-4.0892	0.1388
102800317	-0.9134	0.0251
1454	-0.8997	0.0264
400927	-1.5589	0.0025
105373030	0.0000	nan
101927183	0.0000	nan
3761	-12.8233	0.4950
105373029	0.0000	nan
11015	1.0682	0.3563
10521	-0.6383	0.2622
11144	1.8354	0.3731
105373031	-16.2305	0.3066
646851	-1.6348	0.0426
25776	-0.3300	0.6141
56993	1.1009	0.0991
9929	0.4421	0.4231
9567	-0.8403	0.0697
25777	-1.5899	0.0994
10126	-0.1722	0.8689
23467	-0.6642	0.4129
23466	-1.3042	0.0655
105373032	-1.6191	0.1956
200315	4.9362	0.0403
105373033	0.0000	nan
107985562	0.0000	nan
9582	2.9982	0.1840
100874530	4.8927	0.1657
27350	0.4426	0.5468
200316	0.6638	0.3187
140564	1.0970	0.4376
107985563	15.3811	0.2722
60489	1.3226	0.2315
101927202	0.0000	nan
164668	-13.6634	0.4950
23492	-2.9188	0.0004
5155	0.0938	0.9526
6122	0.3432	0.7301
116938	-2.7902	0.1665
116937	-3.9031	0.1871
116936	-1.4335	0.2662
26807	-21.8139	0.2418
9145	-2.2696	0.0959
10454	-1.6041	0.0163
100506472	-3.7653	0.0009
4248	-4.0270	0.0986
104502417	0.0000	nan
54471	-0.7030	0.0405
105373035	-16.3169	0.2754
468	0.0256	0.9809
91582	-1.0633	0.1469
8911	-14.4743	0.3395
150350	13.2177	0.2722
9402	3.8483	0.3033
113828	5.6492	0.1551
114841040	-14.9963	0.2753
23112	0.2326	0.7405
158	0.6335	0.5133
27352	-1.6240	0.0211
107985538	-0.3325	0.8486
57591	-1.8963	0.0406
101927257	-0.8164	0.6079
105373037	-0.0974	0.9552
105373038	-15.2262	0.2261
2847	-0.0973	0.9553
10478	0.3186	0.6256
100616283	-18.6276	0.4950
6767	0.3598	0.1161
63929	-0.3096	0.3398
150353	0.3999	0.6446
9978	0.2345	0.4919
106635682	0.0898	0.9401
100302237	-23.5814	0.1213
2033	-0.5897	0.4345
101927279	-2.2899	0.2840
83746	-0.3279	0.3873
100506544	-1.3133	0.0429
150356	-0.0370	0.9619
5905	-0.9449	0.0911
102466758	0.0000	nan
23264	-2.0836	0.0187
7008	-1.6647	0.0097
100996598	-17.5880	0.1891
105373042	-18.5727	0.0270
10766	-0.7252	0.1049
105373043	-18.2225	0.0823
84844	-0.1748	0.8053
50	-0.9428	0.0823
171568	-0.6040	0.2152
105373044	-17.6273	0.2261
27254	-1.0516	0.2280
5372	-0.6842	0.1203
27351	0.0484	0.7830
2547	0.2008	0.7219
4809	0.4026	0.5294
107985567	-0.4247	0.1045
79640	-1.5599	0.0224
150365	2.2836	0.0072
79879	-0.0856	0.8820
112637020	-0.3684	0.7049
6721	-1.5108	0.1804
407039	0.0000	nan
440829	-0.9362	0.2486
100616259	-17.6271	0.4950
115650	-14.9904	0.2192
79019	3.1367	0.0027
339674	-0.1192	0.9557
55964	0.9790	0.4166
164684	1.1063	0.0503
4668	0.2159	0.5643
107985551	-0.4636	0.7349
150368	-1.8696	0.1193
91689	0.2477	0.6715
4700	1.0501	0.1087
100132273	-3.0511	0.0050
105373047	-18.8790	0.0761
1565	-3.7013	0.0551
112268294	-20.8588	0.0884
102723722	-2.6179	0.0104
1564	-2.2676	0.0507
105377203	-2.7751	0.0063
6942	-1.1023	0.0487
388906	-1.2264	0.2349
102723775	-19.2939	0.2869
150372	-13.9659	0.0028
101927344	2.9737	0.3358
94009	-1.4037	0.2210
101927372	-1.8083	0.1882
27341	-0.2897	0.6916
253190	-0.8548	0.1168
91695	-1.5747	0.0942
84271	-0.8327	0.0369
267010	-19.6567	0.1897
1727	-0.8955	0.4329
267020	-1.6245	0.4280
53947	-1.4935	0.0225
26286	-0.5511	0.1500
11252	-0.8369	0.0490
101927393	-0.7214	0.0737
107985550	-16.9302	0.0109
100506679	-0.8010	0.2776
25809	-0.3047	0.5539
638	1.7976	0.4099
27349	-0.7040	0.0769
706	-0.8036	0.2426
23170	-0.3441	0.5182
80274	1.0156	0.2163
105373051	0.0000	nan
101927447	16.8739	0.2722
105373053	0.0000	nan
105373054	0.0000	nan
758	0.0000	nan
100874197	-12.9115	0.4950
64800	-0.5868	0.1573
101927474	-18.4372	0.1372
107985564	-19.4420	0.0178
105373058	-14.3861	0.2280
25830	-1.9037	0.1223
105373057	-12.4549	0.4950
150379	-15.1006	0.4950
80339	-0.8819	0.5371
25813	0.4857	0.0034
29780	0.2818	0.7756
107987326	0.0790	0.9400
64098	-1.1355	0.1290
107985570	0.0000	nan
107985571	0.0000	nan
85352	-1.5378	0.2548
101927499	-16.0841	0.3033
101927526	-15.5756	0.4950
84247	-1.0248	0.0119
105373059	-18.1084	0.0313
388910	0.0000	nan
414351	-15.7349	0.4950
105373060	0.0000	nan
55615	-2.4054	0.0150
553158	-1.8880	0.1060
23779	-1.4929	0.5770
105373062	-16.8036	0.3051
112885	0.0000	nan
105373063	0.0000	nan
101927551	0.0000	nan
100506714	-0.9591	0.0076
10762	0.0616	0.9362
112267891	-1.4693	0.1178
105373064	-0.3800	0.6499
23313	-1.5874	0.0848
100302149	-21.2713	0.2224
7380	-13.7580	0.4950
55007	-1.4240	0.0182
27127	0.7041	0.0947
26150	1.9710	0.3574
107985537	-17.7823	0.0138
105373066	-20.5775	0.1043
2192	-3.9668	0.1307
100506737	-6.4071	0.2075
105373069	-17.4526	0.1680
105373067	-14.6195	0.3999
105373068	-18.5661	0.1816
25814	-0.3492	0.3903
100616253	0.0000	nan
107985535	-13.2088	0.4950
105373071	-1.9844	0.0417
7477	3.4482	0.3150
730668	-1.9668	0.0460
100271722	-2.1820	0.0061
150381	-1.4744	0.1867
642648	-0.0084	0.9952
400931	-1.9076	0.0339
100500828	-17.5000	0.4950
112268288	-19.3289	0.1308
406883	-2.9541	0.0051
100616143	-1.7226	0.0124
406884	-4.2789	0.0150
5465	-1.0354	0.1563
105373074	-0.3666	0.7309
150383	-0.0803	0.8382
10343	-1.7626	0.0672
55020	-0.5402	0.3033
51512	2.5151	0.2458
150384	-17.3009	0.0013
55687	-0.9690	0.0512
9620	-2.9315	0.3939
105373075	0.7284	0.6695
23151	-2.3111	0.0094
64781	-0.4637	0.3069
105373077	0.5558	0.1844
107985566	-16.5096	0.1226
25771	-0.3546	0.0759
642757	-16.8576	0.2263
105369161	-2.6630	0.1739
100128818	-14.6968	0.3033
339685	-0.8806	0.6990
101927722	0.0000	nan
400932	0.0000	nan
284930	0.0000	nan
107985536	0.0000	nan
107985581	0.0000	nan
100422916	0.0000	nan
105373080	0.0000	nan
105373081	0.0000	nan
25817	0.1141	0.8871
284933	-1.2389	0.4621
105373083	-14.3784	0.3033
100616415	0.0000	nan
100128946	0.0000	nan
105373085	2.0443	0.3949
105373086	0.0000	nan
348645	1.7447	0.4641
105373087	0.0000	nan
105373089	0.0000	nan
100500882	0.0000	nan
23774	-1.6664	0.0024
105377205	-1.0186	0.4301
105373091	0.0000	nan
9889	-1.0122	0.0492
79087	-0.6550	0.2932
79174	0.0322	0.9582
107985553	0.8311	0.2481
415116	-0.7855	0.4054
102465493	-2.5395	0.1667
400935	0.0000	nan
164714	0.3884	0.8607
23209	-13.6556	0.3065
54456	-2.5614	0.0749
56666	-0.6806	0.5505
80305	-1.0870	0.0631
83642	-0.5657	0.2917
105373095	-2.2839	0.0097
85378	-2.5561	0.0095
83933	-3.0833	0.0006
6300	-0.0764	0.9343
5600	-0.0853	0.9359
23654	-1.8578	0.0191
414918	-1.2854	0.0568
105373096	-0.6856	0.4643
9701	-0.8727	0.2857
113218480	-20.1902	0.0658
107985556	-18.5531	0.0196
6305	-1.2895	0.1297
79924	-1.0235	0.5266
55586	-0.6811	0.6412
91289	-0.5334	0.4472
29781	0.0289	0.9723
9997	0.7291	0.5271
1890	2.3060	0.3564
440836	0.8424	0.5621
102724608	-0.6289	0.6906
105373098	-1.9614	0.4938
113730	1.3716	0.5076
644186	-15.3033	0.4950
107985568	-0.7421	0.6064
386593	-1.2511	0.0546
1375	-1.6474	0.2325
1120	-1.2113	0.0409
100144603	-2.8951	0.1028
23542	-1.9466	0.3028
410	-1.6499	0.0382
85358	-2.3331	0.0283
105373100	0.0000	nan
49	-0.4674	0.7664
284942	-0.4374	0.3494
11158	-1.3392	0.0243
107987388	-0.7132	0.6365
102724151	1.7563	0.0159
102724563	-0.5908	0.4599
102724197	-1.3806	0.2668
105379548	0.9425	0.2335
107987389	0.0000	nan
105369189	0.0000	nan
107987390	0.0000	nan
107987392	-0.5930	0.5703
109864271	-4.7436	0.0667
109864273	-4.5334	0.1198
109864274	-8.4598	0.2123
109864272	-5.1410	0.0400
105379549	0.6882	0.5494
107987393	3.2957	0.3208
102724621	3.5861	0.2987
102724823	1.7012	0.4250
102724865	-0.2434	0.5299
102724728	14.7081	0.2722
107984149	-1.0256	0.3648
102724751	-0.9263	0.2396
105379550	0.0000	nan
107987394	0.0000	nan
105379551	0.0000	nan
102724770	-0.9926	0.3035
102724788	0.4323	0.7940
55344	1.4282	0.4209
8225	0.0227	0.9721
283981	-3.2584	0.0136
28227	-1.4456	0.0486
102724521	-0.4983	0.7814
6473	-4.8758	0.2304
64109	-14.4662	0.3886
107985697	0.0000	nan
1438	2.4501	0.3249
112268304	17.7290	0.2722
100500894	0.0000	nan
3563	-2.0523	0.1145
101928032	-1.6913	0.1625
101928055	-4.3483	0.0357
293	-0.1274	0.8950
105373102	-2.4095	0.0295
751580	-2.7485	0.0528
80161	-1.0211	0.1140
8623	0.1128	0.8831
286530	-12.1942	0.3033
8227	-1.9399	0.0160
438	-1.6054	0.0744
107985706	0.0000	nan
107985637	0.0000	nan
105373105	0.0000	nan
105379414	0.0000	nan
105379413	0.0000	nan
107985677	-14.5899	0.2192
207063	0.2098	0.7402
9189	-0.4443	0.2511
101928092	-2.8749	0.0055
102464837	-18.6836	0.3065
401577	-0.5435	0.4236
100359394	-14.0638	0.2753
4267	-1.1131	0.1348
7499	-2.1373	0.3612
8908	-2.9050	0.0390
414	-1.6068	0.0856
100506356	-0.6575	0.2710
415	-0.6924	0.7260
347527	-14.5979	0.4950
416	-12.6411	0.4950
100129464	-0.8646	0.4762
25878	-2.3243	0.2602
109616969	0.0000	nan
5613	-0.8965	0.2870
100873944	-17.4558	0.3886
389906	-0.6404	0.2881
100189132	-17.6307	0.4950
101930105	0.9054	0.5531
100189050	-19.0029	0.4950
729162	0.8810	0.6209
100189427	-19.0029	0.4950
107987330	1.3849	0.5185
101928201	0.0000	nan
101928228	0.0000	nan
57502	-2.8007	0.1845
105373156	-15.2457	0.2193
100616373	0.0000	nan
51481	-13.8817	0.4950
8226	-0.4666	0.4734
107987331	-14.6068	0.4950
412	-1.8374	0.3064
100616467	-2.6835	0.3615
26609	0.0000	nan
8228	0.6642	0.4497
107985675	-13.6849	0.2302
723779	0.0000	nan
51480	0.0000	nan
107985676	0.0000	nan
425054	-13.6417	0.4950
107985716	0.0000	nan
107985715	0.0000	nan
3730	0.0000	nan
171482	0.0000	nan
105373125	-14.3849	0.4950
171483	-13.9132	0.4950
107985634	-12.4377	0.4950
6907	-0.8414	0.3324
4935	3.7548	0.3037
105373126	-17.7915	0.2262
357	-3.2278	0.3263
107985658	0.0000	nan
100288814	0.0000	nan
55841	-2.4200	0.2317
1183	-0.9174	0.4490
4281	-0.1394	0.7698
3052	0.0804	0.5263
395	-0.7453	0.5441
107985627	-11.5826	0.4950
265	0.0000	nan
100847063	0.0000	nan
105373131	0.0000	nan
10943	-0.3696	0.2013
9758	0.3968	0.7866
5634	0.0617	0.8535
51284	-11.5870	0.4950
349408	3.1864	0.3254
51311	13.4481	0.2722
7114	-0.8714	0.3628
171484	0.0000	nan
105373133	0.0000	nan
105373134	-13.2548	0.2192
109729169	-16.4032	0.1897
107985701	0.0000	nan
100093698	-0.2382	0.9054
92552	-14.9079	0.3065
100133123	-16.8661	0.1083
105373137	-17.7776	0.0089
25975	-4.1451	0.1899
102466519	0.0000	nan
107985657	-0.8879	0.3679
170082	-1.4859	0.0083
107985656	-5.2790	0.1349
9367	-0.3937	0.3937
6399	-1.0035	0.1592
8481	-1.2439	0.0093
2824	-2.1127	0.0615
105373138	-16.7743	0.0499
54960	-1.4847	0.0880
286480	-0.4118	0.4430
2742	-14.7159	0.0709
107985686	0.3109	0.8531
2187	0.5573	0.6883
158747	-0.3866	0.6563
102724092	-16.0557	0.3065
140462	0.5563	0.7582
140456	0.0000	nan
5277	-0.6075	0.3517
100532742	-0.0321	0.9782
2277	-2.5184	0.2766
8544	-0.1295	0.9085
59272	0.0000	nan
660	-15.8271	0.4950
104798195	0.0000	nan
57393	-0.8764	0.1800
340591	-0.5312	0.4142
114004397	-1.1700	0.3044
11238	-1.0769	0.3672
8551	-0.4420	0.6291
8233	-0.7292	0.3721
8905	0.1221	0.9173
2925	0.6704	0.4798
645864	-15.0114	0.2219
56474	-0.7142	0.2169
100616428	-17.6658	0.4950
795	-1.1968	0.7005
94056	-0.3058	0.6293
55787	-0.9394	0.2354
5931	-0.6062	0.3132
9185	-2.8711	0.3227
4810	0.2901	0.8181
100616249	-17.6307	0.4950
101928389	-15.0915	0.3033
100873920	-17.2677	0.3230
105373142	-16.4339	0.0403
6322	-0.8886	0.3317
10742	-3.0903	0.0729
105373144	0.0000	nan
139105	0.0000	nan
10389	-0.6193	0.2221
6792	0.2321	0.8219
6247	-14.1178	0.3066
100189191	0.0000	nan
5475	-14.0380	0.3066
100874004	0.0000	nan
100132163	-0.4174	0.3846
5256	-0.6965	0.0448
101928415	-0.7844	0.1351
10149	-1.0708	0.2448
5160	0.6944	0.0113
389840	0.5167	0.3490
30011	0.4761	0.0758
256643	-1.1485	0.0685
729609	0.0000	nan
256714	-1.3170	0.4034
100500809	0.0000	nan
1964	0.5006	0.6964
100158262	-18.2405	0.3066
100874078	-17.4912	0.2262
6197	-1.1582	0.1123
105373146	0.0000	nan
22866	-0.8466	0.0613
257240	-14.0190	0.3229
23676	0.0000	nan
51360	-0.3927	0.6636
404281	-0.9503	0.4460
6611	1.9102	0.0402
5251	-0.9179	0.2535
100873942	0.0000	nan
100873065	0.7226	0.6826
158506	0.0000	nan
168400	0.0000	nan
139411	0.0000	nan
10549	-0.2965	0.2777
23597	-0.4898	0.0139
105373148	-4.3260	0.2751
6303	-0.5783	0.0277
79135	1.2908	0.3084
254158	-0.1071	0.9505
80311	-0.2149	0.8085
1968	-0.1871	0.7593
100873922	-2.1453	0.1560
7543	-0.8948	0.1559
170067	0.0000	nan
100130302	-12.8793	0.4950
5165	-1.6668	0.2761
9468	-3.2708	0.2431
100874088	0.0000	nan
5422	0.9157	0.2119
677773	0.0000	nan
170302	0.0000	nan
107985652	0.0000	nan
107985707	0.0000	nan
286514	0.0000	nan
158809	0.0000	nan
347541	0.0000	nan
139538	15.4064	0.2722
105373150	0.0000	nan
139420	0.0000	nan
347442	0.0000	nan
139422	0.0000	nan
139425	0.0000	nan
105373151	0.0000	nan
105373152	0.0000	nan
102465140	0.0000	nan
11141	-13.8456	0.4950
100847047	0.0000	nan
107985632	0.0000	nan
4113	-14.5206	0.4950
4114	0.0000	nan
4115	0.0000	nan
4112	0.0000	nan
190	-0.8335	0.5783
80231	0.0000	nan
2710	-0.0343	0.9611
257397	-0.7103	0.4062
727682	-0.5137	0.4854
53940	0.0000	nan
1756	-2.7415	0.2315
100500915	0.0000	nan
100302239	0.0000	nan
105373153	0.0000	nan
158724	0.0000	nan
107985674	0.0000	nan
83604	-0.0206	0.9874
170062	0.0163	0.9944
139604	0.0000	nan
286464	0.0000	nan
101928627	16.3667	0.2722
105373155	-0.4607	0.7217
105373154	-0.8318	0.2356
442444	0.0000	nan
441490	0.0000	nan
5638	-1.1722	0.2056
347404	-11.8459	0.4950
7504	0.0000	nan
1536	0.0000	nan
6990	-0.0701	0.9493
94122	-11.2580	0.4950
25763	0.0000	nan
100616252	0.0000	nan
8406	-0.8995	0.2536
6103	-0.5169	0.2670
5009	17.8475	0.2722
7102	-15.2272	0.1083
105373174	-0.1750	0.8574
100874211	-2.3525	0.0287
58526	-0.0565	0.9325
105373175	0.0000	nan
286442	0.0000	nan
101927449	0.0000	nan
105373176	0.0000	nan
107985711	0.0000	nan
100500822	0.0000	nan
105373178	17.1407	0.2722
105373177	-14.0423	0.4950
100616251	0.0000	nan
105373180	0.0000	nan
54880	-0.6218	0.2658
107985687	-15.9837	0.0658
105373181	-0.8174	0.3115
101927476	1.2223	0.0129
105373182	-13.6013	0.3065
10159	-1.0994	0.0804
347411	0.0000	nan
159013	-0.5377	0.3137
9282	0.0319	0.9760
100873985	-1.7143	0.1159
100132831	0.0000	nan
8239	-0.8266	0.2900
105373185	-15.7312	0.2691
105373184	-3.4682	0.0344
1654	-1.6956	0.1119
107985678	-1.3677	0.3837
60506	0.0000	nan
8573	-1.5845	0.1650
2857	0.6893	0.6949
27197	-14.5161	0.4950
105373186	0.0000	nan
80316	-14.2349	0.4950
107985717	0.0000	nan
105373188	13.4102	0.2722
101927501	2.3137	0.3685
4128	-3.8958	0.0647
4129	-0.7557	0.6592
4693	-1.3501	0.5586
100873919	0.2089	0.9072
80258	-1.1440	0.4394
139341	-0.6645	0.0784
63904	-14.0786	0.4950
105373190	2.0167	0.4216
7403	-1.1930	0.0673
79742	0.0000	nan
105373191	-18.2534	0.1897
101927528	-0.1794	0.9021
392452	-16.2958	0.3066
407006	1.7235	0.4148
407007	2.5303	0.3533
401585	-19.0254	0.0709
101927574	1.2909	0.5053
55634	0.1692	0.8075
641339	-1.2396	0.0464
401588	-0.3898	0.4505
56548	-0.7625	0.3225
84679	-0.5629	0.5342
6102	0.0944	0.9267
724087	-0.4597	0.7223
9767	-1.0375	0.1650
9104	-0.7670	0.1146
105373193	-3.4495	0.0053
107985720	-2.1572	0.0019
54539	0.4636	0.6929
8241	-0.0124	0.9869
7317	0.0809	0.7278
8552	-0.4375	0.6423
105373194	-0.9371	0.0541
5127	0.0657	0.6980
8237	-0.8178	0.0662
7712	-15.7096	0.2691
100124540	0.0000	nan
7592	-0.3532	0.4463
203414	-1.0743	0.2394
369	-0.7924	0.0600
6853	2.2078	0.0033
7076	0.6824	0.4445
100616147	0.0000	nan
5199	-17.3125	0.0524
2002	-0.9210	0.1393
8409	0.5483	0.6232
100133957	-0.1614	0.8664
392459	-16.3648	0.0333
347344	-0.6962	0.1344
7569	-1.5272	0.0040
389852	0.7286	0.6695
100874120	-0.3341	0.7758
57232	-1.7514	0.0518
280657	0.0000	nan
729201	-15.5517	0.2192
6758	18.0641	0.2722
6756	0.0000	nan
280660	0.0000	nan
10214	0.0000	nan
6759	0.0000	nan
548313	0.0000	nan
92745	1.7678	0.3501
24140	0.1344	0.2249
101927635	-16.9948	0.2230
64840	0.2235	0.6299
10682	0.3803	0.6595
4943	-1.2683	0.1300
5935	0.8502	0.0375
64743	-0.2790	0.7456
107985695	-16.7891	0.3947
7454	-3.5468	0.0008
6839	1.1899	0.2466
392465	0.3887	0.8607
2623	0.0000	nan
10013	-0.8459	0.2455
3266	-15.1677	0.2192
27344	-0.8943	0.3592
10245	0.1056	0.8996
10084	0.3385	0.7562
7355	-0.5145	0.0875
11040	-0.3657	0.6304
55593	-0.2873	0.2981
3750	-0.2937	0.7357
56850	-0.9202	0.1723
7030	-1.2895	0.0284
90060	-2.7759	0.0256
11230	-0.5701	0.1723
11152	-0.5504	0.3906
27238	0.3247	0.5688
105373195	-2.7773	0.0034
79917	-0.8514	0.4169
5355	1.7097	0.1907
4007	-0.3920	0.5325
6855	-0.2085	0.8470
100873921	-15.4719	0.2192
778	-0.0492	0.9751
28952	0.4561	0.6768
50943	-0.7714	0.0569
110437700	0.0000	nan
89801	-1.1417	0.0791
102724473	-15.6289	0.2192
729396	0.0000	nan
645051	0.0000	nan
729428	17.7250	0.2722
729422	16.4464	0.2722
100132399	16.3937	0.2722
729431	16.4464	0.2722
100008586	16.3624	0.2722
645073	16.4391	0.2722
729442	0.0000	nan
729447	16.5042	0.2722
2543	13.9409	0.2722
8712	16.1267	0.2722
9506	0.0000	nan
158572	-1.8735	0.0549
389856	-0.3246	0.3678
1184	-0.8010	0.2304
693124	0.0000	nan
406964	0.0000	nan
574502	0.0000	nan
574030	0.0000	nan
574503	0.0000	nan
100422911	0.0000	nan
724030	0.0000	nan
574504	0.0000	nan
8852	0.0000	nan
85417	0.5657	0.2907
139189	0.0000	nan
57477	-1.1857	0.0092
9210	0.0000	nan
105373202	-20.2770	0.4283
101926971	0.0000	nan
105373204	-12.7890	0.3033
170685	-0.2950	0.6052
340602	0.0000	nan
55190	-0.3652	0.5309
102723426	0.0000	nan
347549	0.0000	nan
105373205	0.0000	nan
441495	0.0000	nan
389857	0.0000	nan
23708	-1.1802	0.0017
9500	0.9943	0.1947
401589	3.6759	0.3078
105377208	16.5296	0.2722
81557	-0.1188	0.8657
101340250	-20.8692	0.2192
728239	-0.1588	0.8195
100124541	-21.1179	0.2213
105377209	16.4925	0.2722
102466880	0.0000	nan
9502	-14.4543	0.4950
653220	0.0000	nan
653067	0.0000	nan
280659	0.0000	nan
280658	0.0000	nan
6757	0.0000	nan
727837	0.0000	nan
494197	0.0000	nan
170627	0.0000	nan
170626	0.0000	nan
727866	-1.4213	0.0830
29057	-1.3170	0.0863
54328	-1.0436	0.1031
64061	-1.4627	0.0801
102723508	-2.7290	0.2652
8242	-1.4545	0.0357
102465539	-1.2938	0.4383
102466759	-22.2486	0.0089
23096	-1.3738	0.0884
8243	0.2928	0.7054
102465516	0.0000	nan
158787	-0.6242	0.2440
3028	0.3686	0.7175
10075	-0.9282	0.2747
407054	-16.9804	0.4950
406889	0.0000	nan
23133	-0.8327	0.0738
54954	-0.4926	0.5601
65267	-1.6836	0.3289
90121	-0.3357	0.3255
2245	-1.0668	0.0534
54552	-0.1360	0.8715
107985712	1.3739	0.5425
347365	0.0000	nan
10916	-0.4236	0.2347
677799	-1.2698	0.2387
7216	-0.8638	0.0827
109616961	0.1376	0.9340
5207	0.0325	0.9819
27301	-0.3236	0.3714
212	-13.8586	0.2192
389860	-13.5601	0.4950
203569	0.0000	nan
90736	-0.0329	0.9155
100463488	3.1013	0.0095
106635544	0.0000	nan
90737	0.0000	nan
139793	0.0000	nan
100421746	0.0000	nan
100847061	18.7693	0.2722
100616155	18.7693	0.2722
28986	-0.4586	0.2685
158880	1.0901	0.0873
101928692	0.9409	0.5767
139628	0.0000	nan
139629	-15.4820	0.4950
10325	-0.0473	0.8847
11279	-2.1048	0.2089
29978	-0.3820	0.6368
550643	-1.1716	0.0460
442454	-0.6805	0.6068
169981	-1.2481	0.0781
474343	-0.6401	0.1366
158584	-4.1205	0.0037
54466	-1.0902	0.1646
158586	-0.0186	0.9830
107985708	-16.2015	0.0566
286430	-14.0423	0.3066
7789	-0.6193	0.3228
105377211	-1.8281	0.1920
105377212	-3.2244	0.1049
112268310	-0.0631	0.9705
139886	1.5864	0.4208
92249	-0.4601	0.4999
23229	-0.1660	0.6660
100874355	-16.5682	0.4950
100302115	0.0000	nan
139285	-1.3905	0.0102
142689	0.0000	nan
55613	-14.4717	0.3230
112268307	0.0000	nan
105373239	0.0000	nan
55906	-0.0035	0.9861
340554	-1.7359	0.2624
81887	0.2563	0.2702
83957	-15.2321	0.1083
4478	1.1960	0.1707
107985679	0.0000	nan
407008	0.0000	nan
11326	0.0000	nan
9843	-1.3461	0.0165
60401	-1.5961	0.0328
105373240	0.0000	nan
367	-0.9969	0.2890
105373241	0.0000	nan
4983	-0.8814	0.4348
286451	0.0920	0.9173
9754	-1.8332	0.0125
1947	-1.8651	0.0810
102723911	-13.7594	0.4950
105373242	-11.8248	0.4950
107985646	-14.4427	0.4950
64219	-0.3242	0.4737
100996279	-14.1269	0.4950
27112	-12.7487	0.3065
1896	-3.9264	0.2241
100500887	0.0000	nan
158835	0.0000	nan
139562	0.0000	nan
3476	0.3061	0.6577
107985683	-0.2117	0.8705
347516	-13.1337	0.4950
158833	-13.4245	0.2192
5030	-16.5967	0.2761
407	-3.4208	0.0047
347517	0.1694	0.4875
51248	1.4268	0.1394
24137	3.4225	0.1798
54857	1.3957	0.5075
105373244	-1.7443	0.1349
1741	-1.3530	0.1067
100873930	-17.6571	0.0709
56159	-12.8697	0.4950
109617015	0.0000	nan
84889	-14.0836	0.4950
29934	0.1435	0.6959
4303	-1.2639	0.1032
158830	-0.2056	0.7959
3561	-15.8836	0.3885
9968	-0.9951	0.0505
54413	-0.1107	0.8805
107985688	0.0000	nan
2705	0.0000	nan
9203	-0.9629	0.2542
105373247	-19.1346	0.0100
4841	0.6021	0.0172
26548	1.3936	0.4724
6872	-1.1016	0.1120
27160	-17.8803	0.3885
8473	-1.5486	0.0350
93953	-1.9117	0.0181
2833	0.0000	nan
100129291	2.3884	0.3786
101059915	-1.5338	0.2770
441501	-16.2736	0.0502
100130361	0.0000	nan
100132994	0.0000	nan
100132741	-16.2736	0.0502
340527	-0.1598	0.9041
441502	0.1296	0.8426
340526	-2.3336	0.0670
392490	-0.4469	0.7289
5303	0.1869	0.8094
54821	3.2375	0.2804
6191	0.0525	0.9587
4435	-0.7943	0.5372
105373250	-14.7908	0.2261
55869	-0.2209	0.1420
5255	-2.6424	0.4800
101928259	16.3598	0.2722
728656	0.0000	nan
653687	0.0000	nan
100132304	0.0000	nan
105373251	0.0000	nan
63947	0.0000	nan
109729126	0.0000	nan
100129407	0.0000	nan
203429	-14.2301	0.4950
101928345	14.0401	0.2722
645974	0.0000	nan
340529	0.0000	nan
101928380	13.3072	0.2722
645996	0.0000	nan
4674	-1.9180	0.1701
1046	0.0000	nan
139201	-16.1981	0.0284
53344	0.0266	0.9832
9383	-11.3221	0.2213
7503	-11.0829	0.2208
554203	-1.0522	0.0713
100302692	-1.1044	0.0720
693122	-0.6160	0.6914
100126317	-21.2877	0.0150
100500807	-21.3286	0.0150
664614	0.0000	nan
442919	0.0000	nan
389874	-14.1004	0.4950
105373252	-19.4655	0.0659
6567	-0.0748	0.9451
51132	-0.3197	0.5537
340533	12.0701	0.2722
22	-0.2194	0.1245
139596	-0.8729	0.0522
646127	0.3050	0.2330
158866	2.2553	0.3277
107985664	3.0711	0.3245
286495	-0.5397	0.5789
139599	-12.6928	0.4950
107985665	-1.0421	0.4499
51260	-0.2855	0.1132
57692	-1.4553	0.0103
101928469	-13.4210	0.4950
494333	0.0000	nan
442899	0.0000	nan
105373254	0.0000	nan
8823	-17.1921	0.3366
546	-0.5107	0.5254
84061	-0.4065	0.6101
1349	-0.0005	0.9996
538	-0.7819	0.3521
441531	-0.1002	0.8203
5230	-0.2842	0.4002
51616	0.9806	0.4827
107985669	0.0000	nan
10800	14.0731	0.2722
107985670	-14.4785	0.4950
203430	1.6046	0.2282
2846	-0.2090	0.7454
100422932	0.0000	nan
27334	0.0000	nan
107985690	0.0000	nan
84636	0.0000	nan
9452	0.0000	nan
105373282	0.0000	nan
50945	0.0000	nan
101060146	3.8480	0.3033
169966	0.0000	nan
254065	-1.0734	0.1591
105373283	-1.3316	0.2213
79366	0.0019	0.9979
6451	0.1611	0.8466
105373284	-0.2712	0.8602
105373285	16.1417	0.2722
105373286	0.0000	nan
105373287	0.0000	nan
105373288	0.0000	nan
107985635	0.0000	nan
5456	0.0000	nan
1538	0.0000	nan
27330	1.4340	0.4526
100302191	0.0000	nan
139324	-0.1889	0.8450
100131816	0.0000	nan
139322	-0.2949	0.7376
340562	0.2956	0.7485
101928128	0.0000	nan
7552	1.0701	0.5945
79983	0.0000	nan
100302171	0.0000	nan
1121	-0.4820	0.4873
494323	0.0000	nan
117154	0.0000	nan
112267875	0.0000	nan
56062	-11.3296	0.4950
107985713	17.5761	0.2722
53336	0.0000	nan
107985653	0.0000	nan
102724150	0.0000	nan
90316	0.0000	nan
105373292	0.0000	nan
107985700	-15.2793	0.4950
102724167	-18.6845	0.0268
140886	0.1755	0.8761
105373293	0.0000	nan
27328	0.0000	nan
4675	1.3589	0.4260
286499	3.4834	0.2130
107985704	16.3684	0.2722
107985647	0.0000	nan
107985710	0.0000	nan
100313772	0.0000	nan
643486	0.0000	nan
105373294	0.0000	nan
107985714	0.0000	nan
105373296	0.0000	nan
1730	0.5777	0.4932
29935	0.4852	0.7775
10824	-14.9254	0.2192
105373297	0.0000	nan
57526	-2.3479	0.1424
64102	-20.1991	0.4565
105373298	-13.6719	0.4950
7105	-0.7576	0.2318
27286	-2.4633	0.2799
94121	-2.5732	0.2434
1478	0.0983	0.7315
27035	0.2134	0.8766
402415	-2.4250	0.3635
392509	-1.6151	0.4063
79979	-0.5973	0.6133
59353	-2.9023	0.4935
2491	2.1653	0.3296
1821	0.9458	0.5823
54457	0.4932	0.7248
1678	-0.1978	0.8063
695	0.0171	0.9941
100529097	-0.0720	0.9267
6173	-0.0338	0.9770
2717	0.1259	0.7240
3188	-0.1737	0.4562
100131755	-0.4639	0.6614
51309	-0.1895	0.3999
54470	-0.0113	0.9842
51566	-0.9229	0.1565
9823	-0.9527	0.0057
55998	0.0000	nan
84460	-2.1259	0.1403
140597	0.1606	0.9437
158931	-0.0620	0.9542
105373299	0.0000	nan
340542	-13.9035	0.4950
100996631	0.0000	nan
56001	0.0000	nan
728343	0.0000	nan
100996648	0.0000	nan
11013	-0.7884	0.4237
55999	0.0000	nan
64860	-0.5282	0.0288
100528062	-1.2317	0.0381
9737	-1.9527	0.0354
114928	-1.2369	0.0043
80823	-1.2201	0.1282
100287765	-1.7429	0.0135
282808	-18.3169	0.0157
55859	2.7949	0.0541
56000	-15.6264	0.2423
56271	-1.3243	0.2070
90843	0.5444	0.2253
340543	0.0000	nan
84707	1.3404	0.4884
56849	-0.0753	0.9338
51186	0.5330	0.0987
27018	0.0529	0.9242
100506901	-0.3068	0.4271
142684	-2.2727	0.0483
105373300	-1.2651	0.2893
79921	0.3378	0.0087
105373302	-0.8543	0.3184
85012	-0.5179	0.4359
9338	-0.5950	0.3385
9643	-0.1017	0.7200
340544	-0.8130	0.1155
441509	1.3643	0.4735
203562	-18.3098	0.0575
107985661	-2.0606	0.0411
51209	-0.4532	0.5369
5354	-1.4824	0.6306
100128594	-3.8566	0.0481
286527	0.1268	0.8752
767811	-0.5039	0.2195
107987334	0.0000	nan
158983	0.0000	nan
286436	0.0000	nan
107985662	0.0000	nan
100101478	-0.6627	0.1437
401612	0.5836	0.1444
644353	0.0809	0.9357
286437	-0.0970	0.8624
139231	-0.7419	0.4531
80712	0.0000	nan
26280	-15.4807	0.3857
56157	0.0000	nan
107985680	13.5658	0.2722
105373303	0.0000	nan
203447	-4.5185	0.3148
105373304	-18.5078	0.1501
105373305	0.0000	nan
6906	0.0000	nan
139221	0.0000	nan
105373306	0.0000	nan
55086	0.4786	0.5141
100616144	-17.4651	0.4950
79589	3.0979	0.0479
54885	-0.4363	0.6361
92129	-16.4437	0.2315
9075	-15.0322	0.1062
79710	-0.3502	0.2270
55285	-0.6196	0.3815
54830	-15.0632	0.4950
139212	0.0000	nan
100874122	-15.0391	0.4950
84443	0.8509	0.6219
5631	1.6727	0.2856
1831	-1.1108	0.2238
392517	0.0000	nan
11043	-1.2232	0.0409
101928335	0.0000	nan
105373310	0.0000	nan
112267910	-12.2039	0.4950
56156	0.0000	nan
340547	-12.1307	0.4950
5716	0.2000	0.6930
115201	-0.5424	0.3629
1288	-16.0428	0.2684
1287	-4.3329	0.2555
8471	14.5430	0.2722
101928358	-15.0547	0.4950
2986	0.0000	nan
55916	0.2628	0.8321
23630	-0.5527	0.7107
2182	0.0864	0.9342
105373311	-0.8064	0.1498
84187	-0.3734	0.0670
724022	0.0000	nan
100616491	0.0000	nan
101928589	0.2993	0.2720
9949	0.2608	0.7580
692226	0.0000	nan
105373312	0.5949	0.6953
57529	-0.4309	0.7303
6998	17.2170	0.2722
91851	-0.9210	0.5075
5063	-0.3963	0.7413
827	-22.6657	0.4722
1641	12.3487	0.2722
401613	0.0000	nan
79868	-0.4653	0.3842
7224	-14.3691	0.0313
100329135	0.0000	nan
340595	0.0000	nan
340596	-14.8796	0.3587
154796	-1.9896	0.2262
100423009	0.0000	nan
107985651	0.0000	nan
101928437	-14.7173	0.2423
105463123	0.0000	nan
102724491	-16.6087	0.4950
3358	-13.4420	0.3065
677816	0.0000	nan
100313838	0.0000	nan
100302144	0.0000	nan
100302251	0.0000	nan
100302153	0.0000	nan
105373313	0.0000	nan
100302222	0.0000	nan
554212	0.0000	nan
3598	2.8162	0.0633
57631	-0.7130	0.5528
109617004	0.0000	nan
139804	0.0000	nan
51213	0.0000	nan
107985681	-0.7427	0.5141
105373314	-17.4431	0.0290
101927352	-1.3389	0.1998
5358	0.2030	0.8049
642776	-15.3082	0.3885
106029310	0.0000	nan
186	0.0000	nan
11254	13.0820	0.2722
203413	0.0000	nan
105373320	0.0000	nan
100126447	-14.5264	0.4950
90293	-2.4927	0.2972
54521	-0.6815	0.4248
100302214	0.0000	nan
139818	-1.0649	0.0456
3597	-0.5474	0.3123
170261	-14.5823	0.3065
101928287	-18.1324	0.3672
79836	-15.1233	0.2546
57481	0.3387	0.8790
10857	0.2918	0.7667
107985692	-0.0505	0.9710
101928336	0.0000	nan
203427	-0.2930	0.6631
100303728	-1.0503	0.0696
292	-0.1210	0.7974
107985719	0.3537	0.8735
63932	-1.1277	0.0326
7319	1.0473	0.4691
55922	-0.7243	0.1860
23157	0.2829	0.6127
768218	0.0000	nan
347454	-1.5366	0.2536
6170	-0.6386	0.5943
26779	-20.3425	0.0233
107985694	-0.3250	0.7682
65109	-0.3720	0.4948
7737	0.6891	0.4776
4694	-0.2104	0.6316
158798	-16.0963	0.2261
79576	-0.6518	0.0049
105373323	-0.5121	0.6991
101928941	0.0000	nan
101928969	0.0000	nan
727940	-13.5759	0.4950
158800	0.0000	nan
104797536	-15.7507	0.4950
84528	-12.3260	0.4950
158801	0.6791	0.2262
10009	-0.2590	0.7763
55026	-0.0623	0.9650
23439	0.0000	nan
3920	-0.1633	0.8138
8450	-0.9246	0.2404
28985	-0.5854	0.1549
29071	-1.8945	0.0184
643311	0.0000	nan
100507170	0.0000	nan
255313	0.0000	nan
728036	0.0000	nan
728042	0.0000	nan
728049	0.0000	nan
653282	0.0000	nan
728062	0.0000	nan
728072	0.0000	nan
728075	0.0000	nan
728082	0.0000	nan
728090	0.0000	nan
728096	0.0000	nan
105373328	-14.9571	0.3862
2747	-0.0668	0.8868
112268302	0.0000	nan
100500869	0.0000	nan
101928359	0.0000	nan
2892	-0.9587	0.1444
57187	-0.3728	0.3165
331	-0.0320	0.9698
101928402	-19.0382	0.0233
10735	-0.7544	0.2837
100132015	-17.1253	0.0930
4068	-4.4239	0.1517
10178	-2.8158	0.1548
105373331	-15.2659	0.2219
100129520	0.0000	nan
101928495	0.0000	nan
340578	-14.8823	0.0502
107985648	0.0000	nan
139170	0.0000	nan
100130613	0.0000	nan
107985666	0.0000	nan
107985650	0.0000	nan
107985709	0.0000	nan
105373332	0.0000	nan
105373333	0.0000	nan
139741	0.0000	nan
107985698	0.0000	nan
107985699	1.7110	0.4705
107985684	-13.6814	0.3032
6594	-0.6090	0.3017
4952	-0.1971	0.7298
8862	-0.2050	0.7130
105373334	-1.0432	0.4720
7512	-1.4578	0.2787
54440	-12.3838	0.4950
51114	0.3810	0.6959
10813	0.8038	0.0951
105373335	0.7695	0.4908
63035	-2.1354	0.0325
2000	-0.1847	0.5665
9363	1.2944	0.4596
9131	0.1888	0.3605
55609	-0.7015	0.3762
9016	0.2704	0.3912
139760	0.0000	nan
51634	0.9813	0.3257
55855	-0.6988	0.1858
105373336	0.0000	nan
10495	-0.6133	0.0222
105373338	0.0000	nan
104266960	0.0000	nan
158763	0.0000	nan
3547	0.0000	nan
102723546	0.0000	nan
107985705	0.0000	nan
347468	0.0000	nan
286467	1.3527	0.5074
51765	0.1440	0.8183
90167	1.4106	0.4709
57826	0.5355	0.6835
101928578	-0.0707	0.9275
55796	0.4515	0.7417
90161	-14.1481	0.4219
100874102	0.0000	nan
83844	0.0000	nan
107983959	0.0000	nan
51270	0.0000	nan
2239	-2.7371	0.0365
2719	-5.7725	0.2959
110806308	0.0000	nan
574031	0.0000	nan
407049	0.0000	nan
406981	0.0000	nan
574032	0.0000	nan
574033	0.0000	nan
406899	0.0000	nan
347475	-15.7762	0.3886
84295	-0.4999	0.5816
3251	0.1459	0.8998
100126302	-19.8836	0.3586
554214	-2.4149	0.0430
574505	-20.0238	0.2314
664617	-21.2300	0.0588
84848	-1.8814	0.3735
574506	-4.1849	0.2133
494336	-3.0774	0.2537
100506757	-0.7683	0.4703
10761	-0.5613	0.7023
159090	-0.6089	0.5209
159091	-0.0449	0.8641
56180	-0.4679	0.4792
340581	-0.7429	0.5139
644538	0.4499	0.5221
441518	-0.6231	0.1757
8933	-0.3827	0.2753
112268301	-0.3631	0.7296
26071	0.0129	0.9181
644596	-0.8324	0.4392
100129515	-2.4595	0.1743
100287728	-17.3635	0.2262
54967	-15.8027	0.1890
7626	-1.7949	0.0170
101928677	-0.9102	0.3554
110806299	4.2961	0.2941
105373342	0.1378	0.9339
203523	-1.0198	0.1891
100506790	0.0000	nan
399668	-14.4920	0.4125
100874118	1.5953	0.4408
203522	-1.2486	0.1645
644717	0.0000	nan
541466	-13.6829	0.4950
441519	0.0000	nan
441521	13.8013	0.2722
541465	14.1858	0.2722
728911	0.0000	nan
101060211	0.0000	nan
102723737	0.0000	nan
102723680	13.7932	0.2722
102723631	13.8343	0.2722
55511	0.0000	nan
93380	-0.5658	0.3560
10479	-0.1578	0.8500
2273	-1.4363	0.0068
79649	0.4720	0.0184
139378	-0.8621	0.6356
680	-12.4035	0.4950
27336	0.4790	0.5566
51442	0.0000	nan
100126324	0.0000	nan
100128420	0.0000	nan
959	-13.9853	0.4950
9459	-0.4085	0.4252
27316	0.2285	0.6110
26787	0.0000	nan
83550	0.0000	nan
7547	0.0000	nan
2258	-1.2313	0.0418
574507	0.0000	nan
100129662	-19.8698	0.1543
6719	-1.0528	0.3647
2158	0.0000	nan
4168	-1.0825	0.4353
286410	-0.8275	0.4546
574508	0.0000	nan
347487	0.0000	nan
728660	0.0000	nan
389895	0.0000	nan
105373343	-16.0985	0.4950
6658	0.0000	nan
105373344	0.0000	nan
101928833	-16.6125	0.4950
286411	-0.7560	0.4778
1038	-3.1011	0.0062
100302169	0.0000	nan
728695	-16.3478	0.4950
23641	-1.0769	0.3392
64663	0.0000	nan
619455	1.8942	0.4121
30014	0.0000	nan
728712	0.0000	nan
645188	0.0000	nan
64648	0.0000	nan
139081	-11.9247	0.4950
9947	0.0000	nan
51438	0.0000	nan
105373345	0.0000	nan
441525	0.0000	nan
139067	0.0000	nan
139065	0.0000	nan
494119	0.0000	nan
389898	-1.6206	0.4996
494118	0.0000	nan
84631	15.5990	0.0017
107985703	0.0000	nan
102466721	0.0000	nan
100126303	0.0000	nan
100126306	0.0000	nan
100126342	0.0000	nan
100126307	0.0000	nan
100126304	0.0000	nan
100126341	0.0000	nan
101928808	0.0000	nan
100133053	0.0000	nan
100129239	0.0000	nan
101928832	0.0000	nan
105373347	0.0000	nan
100302114	0.0000	nan
100313822	0.0000	nan
574509	0.0000	nan
574510	0.0000	nan
574511	0.0000	nan
574512	0.0000	nan
574513	0.0000	nan
100422847	0.0000	nan
100126301	0.0000	nan
100126337	0.0000	nan
574514	0.0000	nan
574515	0.0000	nan
574516	0.0000	nan
574517	0.0000	nan
101928863	0.0000	nan
574518	0.0000	nan
105373348	0.0000	nan
105373349	-16.3939	0.3292
100126270	-14.6368	0.2192
2332	-0.8118	0.2370
158521	0.0000	nan
2334	0.5332	0.6549
107985667	0.0000	nan
3423	-0.6841	0.4736
105373366	-1.8596	0.0708
100131434	-5.6844	0.0003
91966	-0.7965	0.1304
101928917	-0.1274	0.7780
728269	-12.9046	0.4950
100130086	-0.9083	0.6078
84548	-1.2863	0.0306
4110	0.0000	nan
100506164	-1.1370	0.5343
4108	-12.8716	0.4950
101241891	0.0000	nan
101410537	-15.6386	0.2192
4107	-1.1825	0.3816
541578	-1.1552	0.0293
101927685	-0.4710	0.1375
100272228	-3.7919	0.0024
100313839	0.0000	nan
10046	-0.3566	0.6315
4534	-0.7402	0.1797
8776	-0.9448	0.0179
83692	-1.2314	0.1276
3149	0.4931	0.2132
100422930	0.0000	nan
100128688	0.0000	nan
9248	0.0000	nan
107985693	-1.7278	0.2399
203547	-0.5831	0.3434
105373367	0.0000	nan
105377213	0.0000	nan
139135	13.7722	0.2722
79057	0.5069	0.7280
89885	0.0000	nan
1260	0.0000	nan
105373368	0.0000	nan
4103	0.0000	nan
2564	-2.3122	0.2109
407009	-2.9115	0.2437
574412	-2.6666	0.3026
105373369	1.6214	0.3566
100533997	-15.1831	0.2261
4104	-15.3531	0.2261
4109	0.0000	nan
2556	3.0328	0.3327
406897	0.0000	nan
768215	0.0000	nan
406898	0.0000	nan
105373370	0.0000	nan
55879	3.4027	0.3151
4102	0.0000	nan
102723547	-13.1444	0.4950
266740	14.5053	0.2722
158511	15.4788	0.2722
4111	0.0000	nan
100130935	0.0000	nan
4101	14.4001	0.2722
389903	0.0000	nan
4105	0.0000	nan
107985638	0.0000	nan
1069	0.5294	0.3957
50814	-0.1908	0.6909
7739	2.5995	0.3152
105373372	1.7285	0.4316
114824	0.0000	nan
29944	-16.9824	0.0490
84968	0.1551	0.8910
4100	18.9330	0.2722
105373373	0.0000	nan
105373377	0.0000	nan
10838	-0.4675	0.3922
113219460	-17.5922	0.4950
105373378	0.6230	0.1272
649238	0.0000	nan
105373379	0.0000	nan
139735	2.3283	0.3676
11219	-2.7395	0.1213
55559	-1.4414	0.3441
105373381	-15.9218	0.2918
112267886	-16.6344	0.1850
633	-0.8451	0.5292
492	-13.8275	0.2192
92002	-0.1362	0.8371
105373383	-3.4317	0.0018
1852	-13.7093	0.4950
139728	-16.2292	0.2978
6535	-1.2258	0.0143
10134	-0.3995	0.6191
215	-1.4771	0.0874
102723591	-1.0348	0.4969
5365	-4.6325	0.2212
26576	-0.5344	0.6104
3421	0.1391	0.6549
6748	-0.2628	0.7497
57595	-0.3942	0.7388
3897	-0.2263	0.8600
100996465	0.0000	nan
554	2.1604	0.4031
393	-2.1060	0.0294
8260	0.4186	0.6883
5973	2.8826	0.3302
3054	-1.0883	0.1395
100873990	-17.1504	0.1062
8269	-0.7073	0.3159
100422987	-19.3439	0.3066
100422877	-18.9083	0.4950
3654	-0.3900	0.5606
100313781	0.0000	nan
4204	-1.3797	0.0515
5956	-14.9338	0.4950
2652	-0.9835	0.7376
728458	-0.9832	0.7377
101060233	-0.9835	0.7376
1527	0.0000	nan
8277	0.0000	nan
105373386	-3.2940	0.0321
2316	-0.7495	0.3432
2010	-0.4894	0.1070
6134	-0.0279	0.9757
26778	-1.7547	0.1768
1774	0.4467	0.6173
6901	-0.7895	0.0517
158960	-1.1577	0.1858
537	-1.2583	0.0551
2664	-0.7818	0.0785
9130	-0.2055	0.7605
102465517	-21.7618	0.0455
55558	-1.5149	0.1256
8270	-0.3454	0.6095
8266	-1.0503	0.0963
8273	-0.2307	0.6316
60343	-0.5119	0.5252
2539	-0.8512	0.2268
8517	-0.8150	0.3445
100132967	-0.3515	0.7518
246100	-15.6250	0.4950
1485	-15.6653	0.4950
286967	-0.3515	0.7518
30848	0.0000	nan
105373387	-0.7266	0.0024
139716	-0.7528	0.4805
1736	0.3822	0.2950
677817	-17.8134	0.2192
100847052	-17.9444	0.4950
677835	-0.9896	0.4125
4354	0.4216	0.2376
100132963	-13.8515	0.4950
2157	-1.6570	0.0642
474382	-1.1377	0.5534
8263	0.5532	0.6137
100302111	0.8895	0.4101
65991	0.2475	0.5611
100272147	-0.2801	0.7075
4515	-0.6735	0.1295
79184	-0.0078	0.9924
7411	0.1757	0.8378
116442	1.4331	0.4759
1193	2.5705	0.3237
101927830	-1.0359	0.1824
474381	-0.8548	0.6039
474383	0.3297	0.6945
100422985	0.7764	0.4328
474384	0.2613	0.7428
100422977	0.7268	0.4595
83740	-0.2359	0.8641
100507404	-0.6805	0.1938
55217	-0.8325	0.0676
10251	-0.8283	0.2725
6845	0.4825	0.6819
3581	0.2286	0.8667
100128260	-0.5090	0.7455
727856	-0.8725	0.3019
100132596	-0.8806	0.4175
6736	2.2033	0.3319
6192	1.6854	0.3683
7544	1.2358	0.5207
107987337	1.7112	0.4705
100873962	-15.8254	0.4950
90655	0.0000	nan
105377227	0.0000	nan
113218498	0.0000	nan
83259	0.0000	nan
100101121	0.0000	nan
64591	0.0000	nan
100132932	16.9465	0.2722
100873964	0.0000	nan
107987353	0.0000	nan
100101116	15.9374	0.2722
100101117	15.1404	0.2722
100101115	0.0000	nan
246122	0.0000	nan
100101118	17.4980	0.2722
266	0.0000	nan
90665	0.0000	nan
5616	0.2582	0.8974
107987338	1.7049	0.2124
252948	0.0000	nan
107987339	0.0000	nan
83867	0.0000	nan
105377229	0.0000	nan
105377230	0.0000	nan
105377231	14.8173	0.2722
105377232	0.0000	nan
107987354	0.0000	nan
100873963	0.0000	nan
107987340	0.0000	nan
252950	0.0000	nan
105377234	0.0000	nan
252952	0.0000	nan
105377235	0.0000	nan
83866	0.0000	nan
105379264	0.0000	nan
105379265	0.0000	nan
105379266	0.0000	nan
105379267	0.0000	nan
286557	0.0000	nan
252951	0.0000	nan
728395	0.0000	nan
105379268	17.3615	0.2722
728403	0.0000	nan
105379269	17.3615	0.2722
105379270	16.9465	0.2722
728137	0.0000	nan
100289150	17.6835	0.2722
7258	0.0000	nan
100289188	17.6835	0.2722
107987341	16.9465	0.2722
252946	15.3616	0.2722
100289087	0.0000	nan
64593	0.0000	nan
84673	17.4980	0.2722
100101120	0.0000	nan
252953	0.0000	nan
60439	15.1404	0.2722
50858	15.9374	0.2722
107987342	0.0000	nan
252954	0.0000	nan
252955	0.0000	nan
105379273	-3.5826	0.0193
107987343	-0.6472	0.5795
107987344	15.8977	0.2722
352887	-0.7483	0.5132
112268311	0.1787	0.9364
64595	1.2938	0.4586
8287	1.0399	0.5986
8653	0.3673	0.8536
112268312	0.0000	nan
7404	0.6805	0.6938
113219468	1.1263	0.6088
9087	0.1261	0.9560
9084	0.0000	nan
353513	0.0000	nan
22829	0.3427	0.8500
100874056	0.4327	0.8177
107987355	0.0000	nan
340618	0.0000	nan
105377217	13.7927	0.2722
401629	0.0000	nan
105377218	0.0000	nan
9082	0.0000	nan
203611	0.0000	nan
9426	0.0000	nan
353515	0.0000	nan
105377219	0.0000	nan
401630	0.0000	nan
105377220	13.7927	0.2722
100302526	0.0000	nan
86614	0.7110	0.7437
425057	0.0000	nan
83864	0.0000	nan
159119	0.7110	0.7436
83869	1.2517	0.4136
286554	17.1727	0.1979
105377223	0.5858	0.7885
246126	0.9229	0.6364
8284	-0.1405	0.9476
105377224	-1.2208	0.6613
246119	-17.0135	0.4950
9086	2.1931	0.2688
140032	-0.2314	0.9244
105377225	0.0000	nan
107987346	18.7540	0.2722
107987347	0.0000	nan
100533178	0.0000	nan
159125	0.0000	nan
378948	0.0000	nan
5940	0.0000	nan
83868	0.0000	nan
105377236	0.0000	nan
105377237	0.0000	nan
378949	12.5474	0.2722
378950	0.0000	nan
107987356	0.0000	nan
442862	0.0000	nan
102725532	0.0000	nan
441543	0.0000	nan
159163	0.0000	nan
83863	0.0000	nan
159162	0.0000	nan
100652931	0.0000	nan
378951	0.0000	nan
101929148	0.0000	nan
84672	0.0000	nan
9081	0.0000	nan
107987357	0.0000	nan
107987348	0.0000	nan
252949	0.0000	nan
114761	0.0000	nan
9083	0.0000	nan
105377238	0.0000	nan
1617	0.0000	nan
57055	0.0000	nan
105377239	0.0000	nan
105377240	0.0000	nan
107987349	0.0000	nan
474148	0.0000	nan
253175	0.0000	nan
84559	-0.3329	0.7878
107987350	0.0000	nan
474151	0.0000	nan
474149	0.0000	nan
442867	0.0000	nan
105377241	0.0000	nan
57054	0.0000	nan
57135	0.0000	nan
105377242	0.0000	nan
442868	0.0000	nan
474150	0.0000	nan
474152	0.0000	nan
401634	1.0698	0.5405
114758	-14.2404	0.4950
9085	0.0000	nan
114760	0.0000	nan
107987352	0.0000	nan
105377243	0.0000	nan
105377244	0.0000	nan
102724902	0.0000	nan
389831	1.3225	0.4818
105379275	12.6373	0.2722
283788	0.1494	0.7782
105379420	0.8983	0.4997
100507395	-14.5323	0.4950
100507412	2.2205	0.2837
100861532	-4.8247	0.0604
100008588	-4.3525	0.1147
100008587	-8.4906	0.2270
100008589	-5.2118	0.0370
112268313	-2.5827	0.4757
102723630	-0.3464	0.7202
100505874	0.1744	0.8953
101927555	0.0000	nan
107987359	0.0000	nan
100288966	0.0000	nan
102725051	-15.8290	0.0650
107984150	-15.2623	0.4950
102723347	-1.4559	0.3485
102723382	0.0261	0.9869
112268318	-1.7182	0.1179
102723393	-14.0354	0.2692
105379554	1.9439	0.2859
112268317	-1.0069	0.3093
101929819	-0.2595	0.8266
107987399	0.0122	0.9921
107987398	-1.1844	0.2037
105379557	-15.4956	0.4950
105379561	0.0139	0.9881
105379562	0.0000	nan
112267916	-2.8565	0.4158
105379563	0.0000	nan
105379564	15.9071	0.2722
102723847	0.0000	nan
105379565	-16.5482	0.2691
105379417	3.6644	0.3059
105379566	0.0835	0.6639
107987401	-0.3606	0.7298
101927088	-2.1241	0.3247
100233156	-1.8249	0.3265
389834	0.5838	0.6872
4558	1.2366	0.1068
4549	0.4594	0.2178
4577	1.4087	0.3675
4550	1.3920	0.1962
4567	0.4118	0.6811
4535	-0.5004	0.3472
4565	0.4754	0.3832
4572	1.0473	0.0109
4569	1.9357	0.2288
4536	-0.0270	0.9763
4578	-1.3115	0.0920
4553	-2.2102	0.0162
4570	-1.6075	0.0275
4511	-0.3224	0.6241
4579	0.1630	0.6297
4512	0.9429	0.4201
4574	-0.6058	0.0295
4555	2.9101	0.2753
4513	0.0824	0.9302
4566	4.3208	0.2785
4509	-0.2899	0.7779
4508	-0.3964	0.5751
4514	-0.6306	0.0991
4563	0.9253	0.5198
4537	-0.9986	0.0672
4573	3.0120	0.2584
4539	0.3777	0.7273
4538	0.0570	0.9539
4564	1.2854	0.4473
4575	0.0095	0.9927
4568	0.0049	0.9965
4540	-1.1886	0.2390
4541	-1.0168	0.2468
4556	-3.1258	0.0239
4519	-0.3697	0.5940
4576	-1.7069	0.1421
4571	0.4777	0.6835
